crawling_property_id,parking_available,pet_allowed,is_elevator,jeonse_loan,nearby_pois,delivery_service,amenity,subway
39699663,1,1,0,0,"['지하철역', '세탁소', '카페', '약국', '대형마트', '편의점', '버스정류장']","['쿠팡', 'SSG', '마켓컬리', '배달의 민족', '요기요']","['역세권', '편리한 상권', '쇼핑몰', '공원', '산 근처', '학원가 근처']","['5호선', '7호선']"
41166696,1,0,0,1,"['지하철역', '세탁소', '카페', '약국', '대형마트', '편의점', '버스정류장']","['쿠팡', 'SSG', '마켓컬리', '배달의 민족', '요기요']","['편리한 상권', '공원', '산 근처', '학원가 근처']","['5호선', '7호선']"
41276036,1,0,0,0,"['지하철역', '세탁소', '카페', '약국', '대형마트', '편의점', '버스정류장']","['쿠팡', 'SSG', '마켓컬리', '배달의 민족', '요기요']","['대학 근처', '편리한 상권', '공원', '학원가 근처']","['2호선', '5호선', '7호선']"
41347872,1,0,0,0,"['지하철역', '세탁소', '카페', '약국', '대형마트', '편의점', '버스정류장']","['쿠팡', 'SSG', '마켓컬리', '배달의 민족', '요기요']","['편리한 상권', '공원', '학원가 근처']","['2호선', '5호선', '7호선']"
41368662,1,0,0,0,"['지하철역', '세탁소', '카페', '약국', '대형마트', '편의점', '버스정류장']","['쿠팡', 'SSG', '마켓컬리', '배달의 민족', '요기요']","['역세권', '편리한 상권', '쇼핑몰', '공원', '산 근처', '학원가 근처']","['5호선', '7호선']"
41513009,0,1,0,1,"['지하철역', '세탁소', '카페', '약국', '대형마트', '편의점', '버스정류장']","['쿠팡', 'SSG', '마켓컬리', '배달의 민족', '요기요']","['대학 근처', '편리한 상권', '쇼핑몰', '공원', '학원가 근처']","['2호선', '중앙선', '경춘선', '1호선', '수인분당선']"
41539198,1,0,0,0,"['지하철역', '세탁소', '카페', '약국', '대형마트', '편의점', '버스정류장']","['쿠팡', 'SSG', '마켓컬리', '배달의 민족', '요기요']","['편리한 상권', '공원', '학원가 근처']","['2호선', '7호선']"
41539204,1,0,0,0,"['지하철역', '세탁소', '카페', '약국', '대형마트', '편의점', '버스정류장']","['쿠팡', 'SSG', '마켓컬리', '배달의 민족', '요기요']","['편리한 상권', '공원', '학원가 근처']","['2호선', '7호선']"
41678988,1,0,0,0,"['지하철역', '세탁소', '카페', '약국', '대형마트', '편의점', '버스정류장']","['쿠팡', 'SSG', '마켓컬리', '배달의 민족', '요기요']","['역세권', '편리한 상권', '쇼핑몰', '공원', '학원가 근처']","['6호선', '7호선']"
41702367,1,0,0,0,"['지하철역', '세탁소', '카페', '약국', '대형마트', '편의점', '버스정류장']","['쿠팡', 'SSG', '마켓컬리', '배달의 민족', '요기요']","['편리한 상권', '공원', '학원가 근처']","['2호선', '중앙선', '5호선', '경춘선', '1호선', '수인분당선']"
41729640,1,0,0,0,"['지하철역', '세탁소', '카페', '약국', '대형마트', '편의점', '버스정류장']","['쿠팡', 'SSG', '마켓컬리', '배달의 민족', '요기요']","['편리한 상권', '쇼핑몰', '공원', '학원가 근처']",['2호선']
41743851,1,0,0,0,"['지하철역', '세탁소', '카페', '약국', '대형마트', '편의점', '버스정류장']","['쿠팡', 'SSG', '마켓컬리', '배달의 민족', '요기요']","['역세권', '편리한 상권', '공원', '학원가 근처']","['중앙선', '경춘선', '7호선']"
41744102,1,0,0,0,"['지하철역', '세탁소', '카페', '약국', '대형마트', '편의점', '버스정류장']","['쿠팡', 'SSG', '마켓컬리', '배달의 민족', '요기요']","['역세권', '대학 근처', '편리한 상권', '공원', '산 근처', '학원가 근처']","['5호선', '7호선']"
41754607,1,0,0,0,"['지하철역', '세탁소', '카페', '약국', '대형마트', '편의점', '버스정류장']","['쿠팡', 'SSG', '마켓컬리', '배달의 민족', '요기요']","['역세권', '편리한 상권', '쇼핑몰', '공원', '학원가 근처']","['6호선', '7호선']"
41754900,1,0,0,0,"['지하철역', '세탁소', '카페', '약국', '대형마트', '편의점', '버스정류장']","['쿠팡', 'SSG', '마켓컬리', '배달의 민족', '요기요']","['역세권', '편리한 상권', '쇼핑몰', '공원', '학원가 근처']","['6호선', '7호선']"
41772977,1,0,0,0,"['지하철역', '세탁소', '카페', '약국', '대형마트', '편의점', '버스정류장']","['쿠팡', 'SSG', '마켓컬리', '배달의 민족', '요기요']","['대학 근처', '편리한 상권', '공원', '학원가 근처']","['2호선', '7호선']"
41796444,1,0,0,0,"['지하철역', '세탁소', '카페', '약국', '대형마트', '편의점', '버스정류장']","['쿠팡', 'SSG', '마켓컬리', '배달의 민족', '요기요']","['역세권', '편리한 상권', '공원', '학원가 근처']","['중앙선', '경춘선', '7호선']"
41796563,1,0,0,0,"['지하철역', '세탁소', '카페', '약국', '대형마트', '편의점', '버스정류장']","['쿠팡', 'SSG', '마켓컬리', '배달의 민족', '요기요']","['역세권', '편리한 상권', '공원', '학원가 근처']","['중앙선', '경춘선', '7호선']"
41814137,1,0,0,0,"['지하철역', '세탁소', '카페', '약국', '대형마트', '편의점', '버스정류장']","['쿠팡', 'SSG', '마켓컬리', '배달의 민족', '요기요']","['대학 근처', '편리한 상권', '공원', '학원가 근처']","['2호선', '5호선', '7호선']"
41814276,1,0,0,0,"['지하철역', '세탁소', '카페', '약국', '대형마트', '편의점', '버스정류장']","['쿠팡', 'SSG', '마켓컬리', '배달의 민족', '요기요']","['역세권', '대학 근처', '편리한 상권', '쇼핑몰', '공원', '학원가 근처']","['2호선', '7호선']"
41863041,1,0,0,0,"['지하철역', '세탁소', '카페', '약국', '대형마트', '편의점', '버스정류장']","['쿠팡', 'SSG', '마켓컬리', '배달의 민족', '요기요']","['역세권', '편리한 상권', '쇼핑몰', '공원', '산 근처', '학원가 근처']","['5호선', '7호선']"
41868162,1,0,0,0,"['지하철역', '세탁소', '카페', '약국', '대형마트', '편의점', '버스정류장']","['쿠팡', 'SSG', '마켓컬리', '배달의 민족', '요기요']","['역세권', '편리한 상권', '쇼핑몰', '공원', '학원가 근처']","['6호선', '7호선']"
41872818,1,0,0,0,"['지하철역', '세탁소', '카페', '약국', '대형마트', '편의점', '버스정류장']","['쿠팡', 'SSG', '마켓컬리', '배달의 민족', '요기요']","['역세권', '편리한 상권', '공원', '산 근처', '학원가 근처']",['7호선']
41873776,1,0,0,0,"['지하철역', '세탁소', '카페', '약국', '대형마트', '편의점', '버스정류장']","['쿠팡', 'SSG', '마켓컬리', '배달의 민족', '요기요']","['역세권', '편리한 상권', '쇼핑몰', '공원', '학원가 근처']","['6호선', '7호선']"
41944228,1,0,0,0,"['지하철역', '세탁소', '카페', '약국', '대형마트', '편의점', '버스정류장']","['쿠팡', 'SSG', '마켓컬리', '배달의 민족', '요기요']","['역세권', '편리한 상권', '공원', '학원가 근처']","['중앙선', '경춘선', '7호선']"
41944274,1,0,0,0,"['지하철역', '세탁소', '카페', '약국', '대형마트', '편의점', '버스정류장']","['쿠팡', 'SSG', '마켓컬리', '배달의 민족', '요기요']","['역세권', '편리한 상권', '공원', '학원가 근처']","['중앙선', '경춘선', '7호선']"
41946201,1,0,0,0,"['지하철역', '세탁소', '카페', '약국', '대형마트', '편의점', '버스정류장']","['쿠팡', 'SSG', '마켓컬리', '배달의 민족', '요기요']","['역세권', '편리한 상권', '공원', '산 근처', '학원가 근처']","['중앙선', '경춘선', '7호선']"
41946351,1,0,0,0,"['지하철역', '세탁소', '카페', '약국', '대형마트', '편의점', '버스정류장']","['쿠팡', 'SSG', '마켓컬리', '배달의 민족', '요기요']","['역세권', '편리한 상권', '공원', '학원가 근처']","['중앙선', '경춘선', '7호선']"
41974159,1,0,0,0,"['지하철역', '세탁소', '카페', '약국', '대형마트', '편의점', '버스정류장']","['쿠팡', 'SSG', '마켓컬리', '배달의 민족', '요기요']","['역세권', '편리한 상권', '공원', '학원가 근처']","['1호선', '중앙선', '경춘선', '7호선']"
41977792,1,0,0,0,"['지하철역', '세탁소', '카페', '약국', '대형마트', '편의점', '버스정류장']","['쿠팡', 'SSG', '마켓컬리', '배달의 민족', '요기요']","['더블 역세권', '편리한 상권', '공원', '학원가 근처']",['7호선']
42008381,1,0,0,0,"['지하철역', '세탁소', '카페', '약국', '대형마트', '편의점', '버스정류장']","['쿠팡', 'SSG', '마켓컬리', '배달의 민족', '요기요']","['역세권', '편리한 상권', '공원', '학원가 근처']","['1호선', '중앙선', '경춘선', '7호선']"
42054577,1,0,0,0,"['지하철역', '세탁소', '카페', '약국', '대형마트', '편의점', '버스정류장']","['쿠팡', 'SSG', '마켓컬리', '배달의 민족', '요기요']","['편리한 상권', '공원', '산 근처', '학원가 근처']",['7호선']
42054619,1,0,0,0,"['지하철역', '세탁소', '카페', '약국', '대형마트', '편의점', '버스정류장']","['쿠팡', 'SSG', '마켓컬리', '배달의 민족', '요기요']","['편리한 상권', '공원', '산 근처', '학원가 근처']",['7호선']
42054668,1,0,0,0,"['지하철역', '세탁소', '카페', '약국', '대형마트', '편의점', '버스정류장']","['쿠팡', 'SSG', '마켓컬리', '배달의 민족', '요기요']","['편리한 상권', '공원', '산 근처', '학원가 근처']",['7호선']
42054778,1,0,0,0,"['지하철역', '세탁소', '카페', '약국', '대형마트', '편의점', '버스정류장']","['쿠팡', 'SSG', '마켓컬리', '배달의 민족', '요기요']","['편리한 상권', '공원', '산 근처', '학원가 근처']",['7호선']
42055311,1,0,0,0,"['지하철역', '세탁소', '카페', '약국', '대형마트', '편의점', '버스정류장']","['쿠팡', 'SSG', '마켓컬리', '배달의 민족', '요기요']","['편리한 상권', '공원', '산 근처', '학원가 근처']",['7호선']
42097485,1,0,0,0,"['지하철역', '세탁소', '카페', '약국', '대형마트', '편의점', '버스정류장']","['쿠팡', 'SSG', '마켓컬리', '배달의 민족', '요기요']","['대학 근처', '편리한 상권', '공원', '산 근처', '학원가 근처']","['4호선', '우이신설경전철']"
42102214,1,0,0,0,"['지하철역', '세탁소', '카페', '약국', '대형마트', '편의점', '버스정류장']","['쿠팡', 'SSG', '마켓컬리', '배달의 민족', '요기요']","['역세권', '편리한 상권', '공원', '산 근처', '학원가 근처']",['7호선']
42108341,1,0,0,0,"['지하철역', '세탁소', '카페', '약국', '대형마트', '편의점', '버스정류장']","['쿠팡', 'SSG', '마켓컬리', '배달의 민족', '요기요']","['편리한 상권', '공원', '학원가 근처']","['중앙선', '경춘선', '7호선']"
42117296,1,0,0,0,"['지하철역', '세탁소', '카페', '약국', '대형마트', '편의점', '버스정류장']","['쿠팡', 'SSG', '마켓컬리', '배달의 민족', '요기요']","['편리한 상권', '학원가 근처']","['5호선', '7호선']"
42117339,1,0,0,0,"['지하철역', '세탁소', '카페', '약국', '대형마트', '편의점', '버스정류장']","['쿠팡', 'SSG', '마켓컬리', '배달의 민족', '요기요']","['편리한 상권', '학원가 근처']","['5호선', '7호선']"
42117926,1,0,0,0,"['지하철역', '세탁소', '카페', '약국', '대형마트', '편의점', '버스정류장']","['쿠팡', 'SSG', '마켓컬리', '배달의 민족', '요기요']","['편리한 상권', '학원가 근처']","['5호선', '7호선']"
42119435,1,0,0,0,"['지하철역', '세탁소', '카페', '약국', '대형마트', '편의점', '버스정류장']","['쿠팡', 'SSG', '마켓컬리', '배달의 민족', '요기요']","['편리한 상권', '쇼핑몰', '공원', '학원가 근처']","['5호선', '7호선']"
42124066,1,0,0,0,"['지하철역', '세탁소', '카페', '약국', '대형마트', '편의점', '버스정류장']","['쿠팡', 'SSG', '마켓컬리', '배달의 민족', '요기요']","['역세권', '편리한 상권', '공원', '산 근처', '학원가 근처']",['7호선']
42173885,1,0,0,0,"['지하철역', '세탁소', '카페', '약국', '대형마트', '편의점', '버스정류장']","['쿠팡', 'SSG', '마켓컬리', '배달의 민족', '요기요']","['역세권', '편리한 상권', '공원', '산 근처', '학원가 근처']","['5호선', '7호선']"
42177548,1,0,0,0,"['지하철역', '세탁소', '카페', '약국', '대형마트', '편의점', '버스정류장']","['쿠팡', 'SSG', '마켓컬리', '배달의 민족', '요기요']","['역세권', '편리한 상권', '공원', '산 근처', '학원가 근처']","['중앙선', '경춘선', '7호선']"
42195664,1,1,0,0,"['지하철역', '세탁소', '카페', '약국', '대형마트', '편의점', '버스정류장']","['쿠팡', 'SSG', '마켓컬리', '배달의 민족', '요기요']","['대학 근처', '편리한 상권', '쇼핑몰', '공원', '학원가 근처']","['2호선', '7호선']"
42200690,1,0,0,0,"['지하철역', '세탁소', '카페', '약국', '대형마트', '편의점', '버스정류장']","['쿠팡', 'SSG', '마켓컬리', '배달의 민족', '요기요']","['더블 역세권', '편리한 상권', '공원', '학원가 근처']","['중앙선', '경춘선', '7호선']"
42261861,1,0,0,0,"['지하철역', '세탁소', '카페', '약국', '대형마트', '편의점', '버스정류장']","['쿠팡', 'SSG', '마켓컬리', '배달의 민족', '요기요']","['대학 근처', '편리한 상권', '공원', '학원가 근처']","['2호선', '5호선', '7호선']"
42269617,1,0,0,0,"['지하철역', '세탁소', '카페', '약국', '대형마트', '편의점', '버스정류장']","['쿠팡', 'SSG', '마켓컬리', '배달의 민족', '요기요']","['편리한 상권', '쇼핑몰', '공원', '학원가 근처']",['2호선']
42272497,1,0,0,0,"['지하철역', '세탁소', '카페', '약국', '대형마트', '편의점', '버스정류장']","['쿠팡', 'SSG', '마켓컬리', '배달의 민족', '요기요']","['역세권', '편리한 상권', '공원', '산 근처', '학원가 근처']",['7호선']
42272798,1,0,0,0,"['지하철역', '세탁소', '카페', '약국', '대형마트', '편의점', '버스정류장']","['쿠팡', 'SSG', '마켓컬리', '배달의 민족', '요기요']","['역세권', '편리한 상권', '공원', '산 근처', '학원가 근처']",['7호선']
42295851,1,0,0,0,"['지하철역', '세탁소', '카페', '약국', '대형마트', '편의점', '버스정류장']","['쿠팡', 'SSG', '마켓컬리', '배달의 민족', '요기요']","['편리한 상권', '공원', '산 근처', '학원가 근처']","['5호선', '7호선']"
42296365,1,0,0,0,"['지하철역', '세탁소', '카페', '약국', '대형마트', '편의점', '버스정류장']","['쿠팡', 'SSG', '마켓컬리', '배달의 민족', '요기요']","['역세권', '편리한 상권', '쇼핑몰', '공원', '학원가 근처']","['1호선', '7호선']"
42334867,1,0,0,0,"['지하철역', '세탁소', '카페', '약국', '대형마트', '편의점', '버스정류장']","['쿠팡', 'SSG', '마켓컬리', '배달의 민족', '요기요']","['역세권', '대학 근처', '편리한 상권', '공원', '학원가 근처']","['1호선', '중앙선', '경춘선']"
42336332,1,0,0,0,"['지하철역', '세탁소', '카페', '약국', '대형마트', '편의점', '버스정류장']","['쿠팡', 'SSG', '마켓컬리', '배달의 민족', '요기요']","['역세권', '편리한 상권', '공원', '학원가 근처']","['중앙선', '경춘선', '7호선']"
42336757,1,0,0,0,"['지하철역', '세탁소', '카페', '약국', '대형마트', '편의점', '버스정류장']","['쿠팡', 'SSG', '마켓컬리', '배달의 민족', '요기요']","['대학 근처', '편리한 상권', '공원', '학원가 근처']","['1호선', '중앙선', '경춘선', '수인분당선']"
42358385,1,0,0,0,"['지하철역', '세탁소', '카페', '약국', '대형마트', '편의점', '버스정류장']","['쿠팡', 'SSG', '마켓컬리', '배달의 민족', '요기요']","['더블 역세권', '편리한 상권', '공원', '학원가 근처']","['중앙선', '경춘선', '7호선']"
42359955,1,0,0,0,"['지하철역', '세탁소', '카페', '약국', '대형마트', '편의점', '버스정류장']","['쿠팡', 'SSG', '마켓컬리', '배달의 민족', '요기요']","['편리한 상권', '공원', '산 근처', '학원가 근처']","['5호선', '7호선']"
42378317,1,0,0,0,"['지하철역', '세탁소', '카페', '약국', '대형마트', '편의점', '버스정류장']","['쿠팡', 'SSG', '마켓컬리', '배달의 민족', '요기요']","['편리한 상권', '쇼핑몰', '공원', '학원가 근처']","['5호선', '7호선']"
42422933,1,0,0,0,"['지하철역', '세탁소', '카페', '약국', '대형마트', '편의점', '버스정류장']","['쿠팡', 'SSG', '마켓컬리', '배달의 민족', '요기요']","['편리한 상권', '공원', '학원가 근처']","['2호선', '중앙선', '5호선', '경춘선', '1호선', '수인분당선']"
42422936,1,0,0,0,"['지하철역', '세탁소', '카페', '약국', '대형마트', '편의점', '버스정류장']","['쿠팡', 'SSG', '마켓컬리', '배달의 민족', '요기요']","['편리한 상권', '공원', '학원가 근처']","['2호선', '중앙선', '5호선', '경춘선', '1호선', '수인분당선']"
42442625,1,0,0,0,"['지하철역', '세탁소', '카페', '약국', '대형마트', '편의점', '버스정류장']","['쿠팡', 'SSG', '마켓컬리', '배달의 민족', '요기요']","['역세권', '편리한 상권', '공원', '학원가 근처']","['1호선', '중앙선', '경춘선']"
42442647,1,1,0,0,"['지하철역', '세탁소', '카페', '약국', '대형마트', '편의점', '버스정류장']","['쿠팡', 'SSG', '마켓컬리', '배달의 민족', '요기요']","['역세권', '편리한 상권', '공원', '산 근처', '학원가 근처']","['5호선', '7호선']"
42454544,1,0,0,0,"['지하철역', '세탁소', '카페', '약국', '대형마트', '편의점', '버스정류장']","['쿠팡', 'SSG', '마켓컬리', '배달의 민족', '요기요']","['역세권', '편리한 상권', '쇼핑몰', '공원', '산 근처', '학원가 근처']","['5호선', '7호선']"
42478969,1,0,0,0,"['지하철역', '세탁소', '카페', '약국', '대형마트', '편의점', '버스정류장']","['쿠팡', 'SSG', '마켓컬리', '배달의 민족', '요기요']","['역세권', '편리한 상권', '쇼핑몰', '공원', '학원가 근처']","['중앙선', '경춘선', '7호선']"
42481127,1,0,0,0,"['지하철역', '세탁소', '카페', '약국', '대형마트', '편의점', '버스정류장']","['쿠팡', 'SSG', '마켓컬리', '배달의 민족', '요기요']","['역세권', '편리한 상권', '공원', '학원가 근처']","['1호선', '중앙선', '경춘선', '7호선']"
42490613,1,0,0,0,"['지하철역', '세탁소', '카페', '약국', '대형마트', '편의점', '버스정류장']","['쿠팡', 'SSG', '마켓컬리', '배달의 민족', '요기요']","['편리한 상권', '공원', '산 근처', '학원가 근처']","['5호선', '7호선']"
42543379,0,0,0,0,"['지하철역', '세탁소', '카페', '약국', '대형마트', '편의점', '버스정류장']","['쿠팡', 'SSG', '마켓컬리', '배달의 민족', '요기요']","['역세권', '대학 근처', '편리한 상권', '공원', '학원가 근처']",['6호선']
42546742,1,0,0,0,"['지하철역', '세탁소', '카페', '약국', '대형마트', '편의점', '버스정류장']","['쿠팡', 'SSG', '마켓컬리', '배달의 민족', '요기요']","['역세권', '편리한 상권', '쇼핑몰', '공원', '학원가 근처']","['2호선', '5호선']"
42563373,1,0,0,0,"['지하철역', '세탁소', '카페', '약국', '대형마트', '편의점', '버스정류장']","['쿠팡', 'SSG', '마켓컬리', '배달의 민족', '요기요']","['역세권', '편리한 상권', '쇼핑몰', '공원', '학원가 근처']","['6호선', '7호선']"
42592080,1,0,0,0,"['지하철역', '세탁소', '카페', '약국', '대형마트', '편의점', '버스정류장']","['쿠팡', 'SSG', '마켓컬리', '배달의 민족', '요기요']","['편리한 상권', '쇼핑몰', '공원', '산 근처', '학원가 근처']","['5호선', '7호선']"
42592150,1,0,0,0,"['지하철역', '세탁소', '카페', '약국', '대형마트', '편의점', '버스정류장']","['쿠팡', 'SSG', '마켓컬리', '배달의 민족', '요기요']","['편리한 상권', '쇼핑몰', '공원', '산 근처', '학원가 근처']","['5호선', '7호선']"
42699018,1,0,0,0,"['지하철역', '세탁소', '카페', '약국', '대형마트', '편의점', '버스정류장']","['쿠팡', 'SSG', '마켓컬리', '배달의 민족', '요기요']","['더블 역세권', '편리한 상권', '공원', '학원가 근처']","['1호선', '중앙선', '경춘선', '7호선']"
42702997,0,0,0,0,"['지하철역', '세탁소', '카페', '약국', '대형마트', '편의점', '버스정류장']","['쿠팡', 'SSG', '마켓컬리', '배달의 민족', '요기요']","['대학 근처', '편리한 상권', '공원', '학원가 근처']","['5호선', '7호선']"
42736759,1,0,0,0,"['지하철역', '세탁소', '카페', '약국', '대형마트', '편의점', '버스정류장']","['쿠팡', 'SSG', '마켓컬리', '배달의 민족', '요기요']","['편리한 상권', '쇼핑몰', '공원', '산 근처', '학원가 근처']","['중앙선', '경춘선', '7호선']"
42761068,1,0,0,0,"['지하철역', '세탁소', '카페', '약국', '대형마트', '편의점', '버스정류장']","['쿠팡', 'SSG', '마켓컬리', '배달의 민족', '요기요']","['역세권', '편리한 상권', '쇼핑몰', '공원', '산 근처', '학원가 근처']","['5호선', '7호선']"
42816785,1,0,0,0,"['지하철역', '세탁소', '카페', '약국', '대형마트', '편의점', '버스정류장']","['쿠팡', 'SSG', '마켓컬리', '배달의 민족', '요기요']","['편리한 상권', '공원', '학원가 근처']","['2호선', '5호선']"
42847090,1,0,0,0,"['지하철역', '세탁소', '카페', '약국', '대형마트', '편의점', '버스정류장']","['쿠팡', 'SSG', '마켓컬리', '배달의 민족', '요기요']","['편리한 상권', '쇼핑몰', '공원', '학원가 근처']","['2호선', '7호선']"
42862397,1,0,0,0,"['지하철역', '세탁소', '카페', '약국', '대형마트', '편의점', '버스정류장']","['쿠팡', 'SSG', '마켓컬리', '배달의 민족', '요기요']","['편리한 상권', '공원', '학원가 근처']","['2호선', '5호선', '7호선']"
42925557,1,0,0,0,"['지하철역', '세탁소', '카페', '약국', '대형마트', '편의점', '버스정류장']","['쿠팡', 'SSG', '마켓컬리', '배달의 민족', '요기요']","['편리한 상권', '공원', '학원가 근처']","['5호선', '7호선']"
42925718,1,0,0,0,"['지하철역', '세탁소', '카페', '약국', '대형마트', '편의점', '버스정류장']","['쿠팡', 'SSG', '마켓컬리', '배달의 민족', '요기요']","['편리한 상권', '공원', '학원가 근처']","['5호선', '7호선']"
42927075,1,1,0,1,"['지하철역', '세탁소', '카페', '약국', '대형마트', '편의점', '버스정류장']","['쿠팡', 'SSG', '마켓컬리', '배달의 민족', '요기요']","['편리한 상권', '공원', '학원가 근처']","['중앙선', '경춘선', '7호선']"
42945571,1,0,0,0,"['지하철역', '세탁소', '카페', '약국', '대형마트', '편의점', '버스정류장']","['쿠팡', 'SSG', '마켓컬리', '배달의 민족', '요기요']","['역세권', '편리한 상권', '공원', '학원가 근처']","['중앙선', '경춘선', '7호선']"
42947722,1,0,0,0,"['지하철역', '세탁소', '카페', '약국', '대형마트', '편의점', '버스정류장']","['쿠팡', 'SSG', '마켓컬리', '배달의 민족', '요기요']","['편리한 상권', '쇼핑몰', '공원', '학원가 근처']","['5호선', '7호선']"
42988159,1,0,0,0,"['지하철역', '세탁소', '카페', '약국', '대형마트', '편의점', '버스정류장']","['쿠팡', 'SSG', '마켓컬리', '배달의 민족', '요기요']","['역세권', '편리한 상권', '공원', '학원가 근처']","['1호선', '중앙선', '경춘선']"
43091802,1,0,0,0,"['지하철역', '세탁소', '카페', '약국', '대형마트', '편의점', '버스정류장']","['쿠팡', 'SSG', '마켓컬리', '배달의 민족', '요기요']","['편리한 상권', '쇼핑몰', '공원', '학원가 근처']",['2호선']
43093807,1,0,0,0,"['지하철역', '세탁소', '카페', '약국', '대형마트', '편의점', '버스정류장']","['쿠팡', 'SSG', '마켓컬리', '배달의 민족', '요기요']","['역세권', '편리한 상권', '공원', '산 근처', '학원가 근처']","['5호선', '7호선']"
43095486,1,0,0,0,"['지하철역', '세탁소', '카페', '약국', '대형마트', '편의점', '버스정류장']","['쿠팡', 'SSG', '마켓컬리', '배달의 민족', '요기요']","['역세권', '편리한 상권', '쇼핑몰', '공원', '학원가 근처']","['중앙선', '경춘선', '7호선']"
43095820,1,0,0,0,"['지하철역', '세탁소', '카페', '약국', '대형마트', '편의점', '버스정류장']","['쿠팡', 'SSG', '마켓컬리', '배달의 민족', '요기요']","['편리한 상권', '쇼핑몰', '공원', '학원가 근처']","['중앙선', '6호선']"
43098222,1,0,0,0,"['지하철역', '세탁소', '카페', '약국', '대형마트', '편의점', '버스정류장']","['쿠팡', 'SSG', '마켓컬리', '배달의 민족', '요기요']","['역세권', '편리한 상권', '공원', '산 근처', '학원가 근처']","['5호선', '7호선']"
43105164,1,0,0,0,"['지하철역', '세탁소', '카페', '약국', '대형마트', '편의점', '버스정류장']","['쿠팡', 'SSG', '마켓컬리', '배달의 민족', '요기요']","['편리한 상권', '쇼핑몰', '공원', '학원가 근처']",['2호선']
43114752,1,0,0,0,"['지하철역', '세탁소', '카페', '약국', '대형마트', '편의점', '버스정류장']","['쿠팡', 'SSG', '마켓컬리', '배달의 민족', '요기요']","['역세권', '편리한 상권', '쇼핑몰', '공원', '산 근처', '학원가 근처']","['5호선', '7호선']"
43116286,1,0,0,0,"['지하철역', '세탁소', '카페', '약국', '대형마트', '편의점', '버스정류장']","['쿠팡', 'SSG', '마켓컬리', '배달의 민족', '요기요']","['편리한 상권', '쇼핑몰', '공원', '산 근처', '학원가 근처']","['5호선', '7호선']"
43137398,1,0,0,0,"['지하철역', '세탁소', '카페', '약국', '대형마트', '편의점', '버스정류장']","['쿠팡', 'SSG', '마켓컬리', '배달의 민족', '요기요']","['편리한 상권', '공원', '학원가 근처']","['2호선', '7호선']"
43138525,1,0,0,1,"['지하철역', '세탁소', '카페', '약국', '대형마트', '편의점', '버스정류장']","['쿠팡', 'SSG', '마켓컬리', '배달의 민족', '요기요']","['편리한 상권', '공원', '학원가 근처']","['2호선', '7호선']"
43138535,1,0,0,0,"['지하철역', '세탁소', '카페', '약국', '대형마트', '편의점', '버스정류장']","['쿠팡', 'SSG', '마켓컬리', '배달의 민족', '요기요']","['편리한 상권', '공원', '학원가 근처']","['2호선', '7호선']"
43138543,1,0,0,1,"['지하철역', '세탁소', '카페', '약국', '대형마트', '편의점', '버스정류장']","['쿠팡', 'SSG', '마켓컬리', '배달의 민족', '요기요']","['편리한 상권', '공원', '학원가 근처']","['2호선', '7호선']"
43240509,1,0,0,0,"['지하철역', '세탁소', '카페', '약국', '대형마트', '편의점', '버스정류장']","['쿠팡', 'SSG', '마켓컬리', '배달의 민족', '요기요']","['역세권', '편리한 상권', '쇼핑몰', '공원', '학원가 근처']","['중앙선', '경춘선', '7호선']"
43247065,0,0,0,0,"['지하철역', '세탁소', '카페', '약국', '대형마트', '편의점', '버스정류장']","['쿠팡', 'SSG', '마켓컬리', '배달의 민족', '요기요']","['편리한 상권', '쇼핑몰', '공원', '학원가 근처']","['6호선', '7호선']"
43252824,1,0,0,0,"['지하철역', '세탁소', '카페', '약국', '대형마트', '편의점', '버스정류장']","['쿠팡', 'SSG', '마켓컬리', '배달의 민족', '요기요']","['편리한 상권', '공원', '학원가 근처']","['2호선', '5호선', '7호선']"
43261849,1,0,0,1,"['지하철역', '세탁소', '카페', '약국', '대형마트', '편의점', '버스정류장']","['쿠팡', 'SSG', '마켓컬리', '배달의 민족', '요기요']","['역세권', '편리한 상권', '쇼핑몰', '공원', '학원가 근처']","['1호선', '7호선']"
43292378,1,0,0,1,"['지하철역', '세탁소', '카페', '약국', '대형마트', '편의점', '버스정류장']","['쿠팡', 'SSG', '마켓컬리', '배달의 민족', '요기요']","['역세권', '편리한 상권', '공원', '학원가 근처']","['중앙선', '경춘선', '7호선']"
43299379,1,0,0,0,"['지하철역', '세탁소', '카페', '약국', '대형마트', '편의점', '버스정류장']","['쿠팡', 'SSG', '마켓컬리', '배달의 민족', '요기요']","['역세권', '편리한 상권', '공원', '산 근처', '학원가 근처']",['7호선']
43300298,1,0,0,0,"['지하철역', '세탁소', '카페', '약국', '대형마트', '편의점', '버스정류장']","['쿠팡', 'SSG', '마켓컬리', '배달의 민족', '요기요']","['역세권', '대학 근처', '편리한 상권', '공원', '학원가 근처']",['우이신설경전철']
43320626,1,0,0,0,"['지하철역', '세탁소', '카페', '약국', '대형마트', '편의점', '버스정류장']","['쿠팡', 'SSG', '마켓컬리', '배달의 민족', '요기요']","['역세권', '편리한 상권', '공원', '산 근처', '학원가 근처']","['5호선', '7호선']"
43321204,1,0,0,0,"['지하철역', '세탁소', '카페', '약국', '대형마트', '편의점', '버스정류장']","['쿠팡', 'SSG', '마켓컬리', '배달의 민족', '요기요']","['역세권', '편리한 상권', '공원', '학원가 근처']","['중앙선', '경춘선', '7호선']"
43321783,1,0,0,0,"['지하철역', '세탁소', '카페', '약국', '대형마트', '편의점', '버스정류장']","['쿠팡', 'SSG', '마켓컬리', '배달의 민족', '요기요']","['역세권', '편리한 상권', '쇼핑몰', '공원', '학원가 근처']","['6호선', '7호선']"
43321810,1,0,0,0,"['지하철역', '세탁소', '카페', '약국', '대형마트', '편의점', '버스정류장']","['쿠팡', 'SSG', '마켓컬리', '배달의 민족', '요기요']","['역세권', '편리한 상권', '쇼핑몰', '공원', '학원가 근처']","['6호선', '7호선']"
43322388,1,0,0,0,"['지하철역', '세탁소', '카페', '약국', '대형마트', '편의점', '버스정류장']","['쿠팡', 'SSG', '마켓컬리', '배달의 민족', '요기요']","['역세권', '편리한 상권', '쇼핑몰', '공원', '학원가 근처']","['6호선', '7호선']"
43334042,1,0,0,0,"['지하철역', '세탁소', '카페', '약국', '대형마트', '편의점', '버스정류장']","['쿠팡', 'SSG', '마켓컬리', '배달의 민족', '요기요']","['편리한 상권', '공원', '학원가 근처']","['2호선', '5호선', '7호선']"
43334251,1,0,0,0,"['지하철역', '세탁소', '카페', '약국', '대형마트', '편의점', '버스정류장']","['쿠팡', 'SSG', '마켓컬리', '배달의 민족', '요기요']","['역세권', '편리한 상권', '공원', '학원가 근처']","['중앙선', '경춘선', '7호선']"
43340418,1,1,0,0,"['지하철역', '세탁소', '카페', '약국', '대형마트', '편의점', '버스정류장']","['쿠팡', 'SSG', '마켓컬리', '배달의 민족', '요기요']","['역세권', '편리한 상권', '공원', '학원가 근처']","['1호선', '중앙선', '경춘선', '7호선']"
43357122,1,0,0,0,"['지하철역', '세탁소', '카페', '약국', '대형마트', '편의점', '버스정류장']","['쿠팡', 'SSG', '마켓컬리', '배달의 민족', '요기요']","['편리한 상권', '쇼핑몰', '공원', '산 근처', '학원가 근처']","['5호선', '7호선']"
43357226,1,0,0,0,"['지하철역', '세탁소', '카페', '약국', '대형마트', '편의점', '버스정류장']","['쿠팡', 'SSG', '마켓컬리', '배달의 민족', '요기요']","['편리한 상권', '공원', '산 근처', '학원가 근처']","['5호선', '7호선']"
43381630,1,0,0,0,"['지하철역', '세탁소', '카페', '약국', '대형마트', '편의점', '버스정류장']","['쿠팡', 'SSG', '마켓컬리', '배달의 민족', '요기요']","['편리한 상권', '공원', '학원가 근처']","['1호선', '중앙선', '경춘선', '7호선']"
43394705,1,0,0,0,"['지하철역', '세탁소', '카페', '약국', '대형마트', '편의점', '버스정류장']","['쿠팡', 'SSG', '마켓컬리', '배달의 민족', '요기요']","['편리한 상권', '공원', '학원가 근처']","['중앙선', '경춘선', '7호선']"
43400398,1,1,0,0,"['지하철역', '세탁소', '카페', '약국', '대형마트', '편의점', '버스정류장']","['쿠팡', 'SSG', '마켓컬리', '배달의 민족', '요기요']","['편리한 상권', '공원', '학원가 근처']","['중앙선', '경춘선', '7호선']"
43403202,1,0,0,0,"['지하철역', '세탁소', '카페', '약국', '대형마트', '편의점', '버스정류장']","['쿠팡', 'SSG', '마켓컬리', '배달의 민족', '요기요']","['편리한 상권', '공원', '산 근처', '학원가 근처']",['7호선']
43403235,1,0,0,0,"['지하철역', '세탁소', '카페', '약국', '대형마트', '편의점', '버스정류장']","['쿠팡', 'SSG', '마켓컬리', '배달의 민족', '요기요']","['편리한 상권', '학원가 근처']","['5호선', '7호선']"
43403271,1,0,0,0,"['지하철역', '세탁소', '카페', '약국', '대형마트', '편의점', '버스정류장']","['쿠팡', 'SSG', '마켓컬리', '배달의 민족', '요기요']","['편리한 상권', '학원가 근처']","['5호선', '7호선']"
43403308,1,0,0,0,"['지하철역', '세탁소', '카페', '약국', '대형마트', '편의점', '버스정류장']","['쿠팡', 'SSG', '마켓컬리', '배달의 민족', '요기요']","['편리한 상권', '학원가 근처']","['5호선', '7호선']"
43408539,1,0,0,0,"['지하철역', '세탁소', '카페', '약국', '대형마트', '편의점', '버스정류장']","['쿠팡', 'SSG', '마켓컬리', '배달의 민족', '요기요']","['역세권', '편리한 상권', '쇼핑몰', '공원', '학원가 근처']","['2호선', '5호선']"
43411274,1,0,0,0,"['지하철역', '세탁소', '카페', '약국', '대형마트', '편의점', '버스정류장']","['쿠팡', 'SSG', '마켓컬리', '배달의 민족', '요기요']","['역세권', '편리한 상권', '공원', '학원가 근처']","['중앙선', '경춘선', '7호선']"
43418852,0,0,0,0,"['지하철역', '세탁소', '카페', '약국', '대형마트', '편의점', '버스정류장']","['쿠팡', 'SSG', '마켓컬리', '배달의 민족', '요기요']","['대학 근처', '편리한 상권', '쇼핑몰', '공원', '학원가 근처']","['2호선', '중앙선', '경춘선', '1호선', '수인분당선']"
43447204,1,1,0,1,"['지하철역', '세탁소', '카페', '약국', '대형마트', '편의점', '버스정류장']","['쿠팡', 'SSG', '마켓컬리', '배달의 민족', '요기요']","['더블 역세권', '편리한 상권', '쇼핑몰', '공원', '학원가 근처']","['중앙선', '경춘선', '7호선']"
43449173,1,0,0,0,"['지하철역', '세탁소', '카페', '약국', '대형마트', '편의점', '버스정류장']","['쿠팡', 'SSG', '마켓컬리', '배달의 민족', '요기요']","['역세권', '편리한 상권', '공원', '산 근처', '학원가 근처']",['7호선']
43449362,1,1,0,0,"['지하철역', '세탁소', '카페', '약국', '대형마트', '편의점', '버스정류장']","['쿠팡', 'SSG', '마켓컬리', '배달의 민족', '요기요']","['역세권', '편리한 상권', '쇼핑몰', '공원', '학원가 근처']","['1호선', '7호선']"
43449740,1,0,0,0,"['지하철역', '세탁소', '카페', '약국', '대형마트', '편의점', '버스정류장']","['쿠팡', 'SSG', '마켓컬리', '배달의 민족', '요기요']","['역세권', '편리한 상권', '공원', '산 근처', '학원가 근처']",['7호선']
43451821,1,0,0,0,"['지하철역', '세탁소', '카페', '약국', '대형마트', '편의점', '버스정류장']","['쿠팡', 'SSG', '마켓컬리', '배달의 민족', '요기요']","['편리한 상권', '공원', '산 근처', '학원가 근처']",['7호선']
43465806,1,0,0,0,"['지하철역', '세탁소', '카페', '약국', '대형마트', '편의점', '버스정류장']","['쿠팡', 'SSG', '마켓컬리', '배달의 민족', '요기요']","['역세권', '편리한 상권', '공원', '산 근처', '학원가 근처']","['중앙선', '경춘선', '7호선']"
43465864,1,0,0,0,"['지하철역', '세탁소', '카페', '약국', '대형마트', '편의점', '버스정류장']","['쿠팡', 'SSG', '마켓컬리', '배달의 민족', '요기요']","['역세권', '편리한 상권', '공원', '산 근처', '학원가 근처']","['중앙선', '경춘선', '7호선']"
43465938,1,0,0,0,"['지하철역', '세탁소', '카페', '약국', '대형마트', '편의점', '버스정류장']","['쿠팡', 'SSG', '마켓컬리', '배달의 민족', '요기요']","['역세권', '편리한 상권', '공원', '산 근처', '학원가 근처']","['중앙선', '경춘선', '7호선']"
43466224,1,0,0,0,"['지하철역', '세탁소', '카페', '약국', '대형마트', '편의점', '버스정류장']","['쿠팡', 'SSG', '마켓컬리', '배달의 민족', '요기요']","['역세권', '편리한 상권', '쇼핑몰', '공원', '학원가 근처']",['7호선']
43491821,1,0,0,0,"['지하철역', '세탁소', '카페', '약국', '대형마트', '편의점', '버스정류장']","['쿠팡', 'SSG', '마켓컬리', '배달의 민족', '요기요']","['역세권', '편리한 상권', '쇼핑몰', '학원가 근처']","['5호선', '7호선']"
43493763,1,0,0,0,"['지하철역', '세탁소', '카페', '약국', '대형마트', '편의점', '버스정류장']","['쿠팡', 'SSG', '마켓컬리', '배달의 민족', '요기요']","['역세권', '편리한 상권', '공원', '산 근처', '학원가 근처']","['중앙선', '경춘선', '7호선']"
43502999,1,0,0,0,"['지하철역', '세탁소', '카페', '약국', '대형마트', '편의점', '버스정류장']","['쿠팡', 'SSG', '마켓컬리', '배달의 민족', '요기요']","['역세권', '편리한 상권', '공원', '산 근처', '학원가 근처']","['중앙선', '경춘선', '7호선']"
43504269,1,0,0,0,"['지하철역', '세탁소', '카페', '약국', '대형마트', '편의점', '버스정류장']","['쿠팡', 'SSG', '마켓컬리', '배달의 민족', '요기요']","['역세권', '편리한 상권', '쇼핑몰', '공원', '학원가 근처']","['중앙선', '경춘선', '7호선']"
43504478,0,0,0,0,"['지하철역', '세탁소', '카페', '약국', '대형마트', '편의점', '버스정류장']","['쿠팡', 'SSG', '마켓컬리', '배달의 민족', '요기요']","['대학 근처', '편리한 상권', '공원', '학원가 근처']","['2호선', '중앙선', '경춘선', '1호선', '수인분당선']"
43506673,1,0,0,0,"['지하철역', '세탁소', '카페', '약국', '대형마트', '편의점', '버스정류장']","['쿠팡', 'SSG', '마켓컬리', '배달의 민족', '요기요']","['역세권', '편리한 상권', '공원', '학원가 근처']","['중앙선', '경춘선', '7호선']"
43508401,1,1,0,1,"['지하철역', '세탁소', '카페', '약국', '대형마트', '편의점', '버스정류장']","['쿠팡', 'SSG', '마켓컬리', '배달의 민족', '요기요']","['편리한 상권', '공원', '학원가 근처']","['4호선', '6호선']"
43520677,1,0,0,0,"['지하철역', '세탁소', '카페', '약국', '대형마트', '편의점', '버스정류장']","['쿠팡', 'SSG', '마켓컬리', '배달의 민족', '요기요']","['역세권', '편리한 상권', '공원', '학원가 근처']","['중앙선', '경춘선', '7호선']"
43520835,1,0,0,0,"['지하철역', '세탁소', '카페', '약국', '대형마트', '편의점', '버스정류장']","['쿠팡', 'SSG', '마켓컬리', '배달의 민족', '요기요']","['역세권', '편리한 상권', '공원', '산 근처', '학원가 근처']","['5호선', '7호선']"
43529722,1,0,0,0,"['지하철역', '세탁소', '카페', '약국', '대형마트', '편의점', '버스정류장']","['쿠팡', 'SSG', '마켓컬리', '배달의 민족', '요기요']","['역세권', '편리한 상권', '공원', '학원가 근처']","['중앙선', '경춘선', '7호선']"
43536731,1,0,0,0,"['지하철역', '세탁소', '카페', '약국', '대형마트', '편의점', '버스정류장']","['쿠팡', 'SSG', '마켓컬리', '배달의 민족', '요기요']","['더블 역세권', '편리한 상권', '공원', '산 근처', '학원가 근처']",['7호선']
43537300,1,0,0,0,"['지하철역', '세탁소', '카페', '약국', '대형마트', '편의점', '버스정류장']","['쿠팡', 'SSG', '마켓컬리', '배달의 민족', '요기요']","['역세권', '대학 근처', '편리한 상권', '학원가 근처']",['우이신설경전철']
43549519,1,0,0,0,"['지하철역', '세탁소', '카페', '약국', '대형마트', '편의점', '버스정류장']","['쿠팡', 'SSG', '마켓컬리', '배달의 민족', '요기요']","['대학 근처', '편리한 상권', '공원', '학원가 근처']","['2호선', '7호선']"
43549630,1,0,0,0,"['지하철역', '세탁소', '카페', '약국', '대형마트', '편의점', '버스정류장']","['쿠팡', 'SSG', '마켓컬리', '배달의 민족', '요기요']","['대학 근처', '편리한 상권', '공원', '학원가 근처']","['2호선', '7호선']"
43549679,1,0,0,0,"['지하철역', '세탁소', '카페', '약국', '대형마트', '편의점', '버스정류장']","['쿠팡', 'SSG', '마켓컬리', '배달의 민족', '요기요']","['대학 근처', '편리한 상권', '공원', '학원가 근처']","['2호선', '7호선']"
43564184,0,0,0,0,"['지하철역', '세탁소', '카페', '약국', '대형마트', '편의점', '버스정류장']","['쿠팡', 'SSG', '마켓컬리', '배달의 민족', '요기요']","['역세권', '대학 근처', '편리한 상권', '공원', '학원가 근처']","['4호선', '6호선']"
43580879,1,0,0,0,"['지하철역', '세탁소', '카페', '약국', '대형마트', '편의점', '버스정류장']","['쿠팡', 'SSG', '마켓컬리', '배달의 민족', '요기요']","['편리한 상권', '쇼핑몰', '공원', '학원가 근처']","['5호선', '7호선']"
43594534,0,0,0,0,"['지하철역', '세탁소', '카페', '약국', '대형마트', '편의점', '버스정류장']","['쿠팡', 'SSG', '마켓컬리', '배달의 민족', '요기요']","['대학 근처', '편리한 상권', '쇼핑몰', '공원', '학원가 근처']","['2호선', '중앙선', '경춘선', '1호선', '수인분당선']"
43599452,0,0,0,0,"['지하철역', '세탁소', '카페', '약국', '대형마트', '편의점', '버스정류장']","['쿠팡', 'SSG', '마켓컬리', '배달의 민족', '요기요']","['역세권', '대학 근처', '편리한 상권', '공원', '산 근처', '학원가 근처']","['3호선', '6호선']"
43609540,1,0,0,0,"['지하철역', '세탁소', '카페', '약국', '대형마트', '편의점', '버스정류장']","['쿠팡', 'SSG', '마켓컬리', '배달의 민족', '요기요']","['역세권', '편리한 상권', '공원', '산 근처', '학원가 근처']",['7호선']
43627739,1,0,0,0,"['지하철역', '세탁소', '카페', '약국', '대형마트', '편의점', '버스정류장']","['쿠팡', 'SSG', '마켓컬리', '배달의 민족', '요기요']","['편리한 상권', '공원', '학원가 근처']","['중앙선', '경춘선', '7호선']"
43629396,1,0,0,0,"['지하철역', '세탁소', '카페', '약국', '대형마트', '편의점', '버스정류장']","['쿠팡', 'SSG', '마켓컬리', '배달의 민족', '요기요']","['역세권', '편리한 상권', '공원', '학원가 근처']","['1호선', '중앙선', '경춘선', '7호선']"
43635331,1,0,0,0,"['지하철역', '세탁소', '카페', '약국', '대형마트', '편의점', '버스정류장']","['쿠팡', 'SSG', '마켓컬리', '배달의 민족', '요기요']","['역세권', '편리한 상권', '공원', '산 근처', '학원가 근처']","['중앙선', '3호선', '6호선']"
43638694,1,1,0,1,"['지하철역', '세탁소', '카페', '약국', '대형마트', '편의점', '버스정류장']","['쿠팡', 'SSG', '마켓컬리', '배달의 민족', '요기요']","['역세권', '대학 근처', '편리한 상권', '공원', '학원가 근처']",['6호선']
43646859,0,0,0,0,"['지하철역', '세탁소', '카페', '약국', '대형마트', '편의점', '버스정류장']","['쿠팡', 'SSG', '마켓컬리', '배달의 민족', '요기요']","['더블 역세권', '편리한 상권', '공원', '학원가 근처']","['2호선', '5호선']"
43648409,1,1,0,0,"['지하철역', '세탁소', '카페', '약국', '대형마트', '편의점', '버스정류장']","['쿠팡', 'SSG', '마켓컬리', '배달의 민족', '요기요']","['편리한 상권', '공원', '산 근처', '학원가 근처']","['5호선', '7호선']"
43670981,0,1,0,1,"['지하철역', '세탁소', '카페', '약국', '대형마트', '편의점', '버스정류장']","['쿠팡', 'SSG', '마켓컬리', '배달의 민족', '요기요']","['편리한 상권', '쇼핑몰', '공원', '학원가 근처']","['5호선', '7호선']"
43678121,0,0,0,0,"['지하철역', '세탁소', '카페', '약국', '대형마트', '편의점', '버스정류장']","['쿠팡', 'SSG', '마켓컬리', '배달의 민족', '요기요']","['역세권', '대학 근처', '편리한 상권', '공원', '학원가 근처']","['1호선', '6호선']"
43696089,1,0,0,0,"['지하철역', '세탁소', '카페', '약국', '대형마트', '편의점', '버스정류장']","['쿠팡', 'SSG', '마켓컬리', '배달의 민족', '요기요']","['편리한 상권', '공원', '산 근처', '학원가 근처']",['7호선']
43705039,1,0,0,0,"['지하철역', '세탁소', '카페', '약국', '대형마트', '편의점', '버스정류장']","['쿠팡', 'SSG', '마켓컬리', '배달의 민족', '요기요']","['역세권', '대학 근처', '편리한 상권', '공원', '학원가 근처']","['2호선', '3호선', '5호선', '4호선', '6호선']"
43707146,1,0,0,0,"['지하철역', '세탁소', '카페', '약국', '대형마트', '편의점', '버스정류장']",[],[],"['4호선', '6호선']"
43715817,1,0,0,0,"['지하철역', '세탁소', '카페', '약국', '대형마트', '편의점', '버스정류장']","['쿠팡', 'SSG', '마켓컬리', '배달의 민족', '요기요']","['역세권', '대학 근처', '편리한 상권', '공원', '학원가 근처']","['우이신설경전철', '4호선']"
43718329,1,0,0,0,"['지하철역', '세탁소', '카페', '약국', '대형마트', '편의점', '버스정류장']","['쿠팡', 'SSG', '마켓컬리', '배달의 민족', '요기요']","['편리한 상권', '쇼핑몰', '공원', '학원가 근처']","['2호선', '7호선']"
43718914,1,0,0,0,"['지하철역', '세탁소', '카페', '약국', '대형마트', '편의점', '버스정류장']","['쿠팡', 'SSG', '마켓컬리', '배달의 민족', '요기요']","['역세권', '편리한 상권', '쇼핑몰', '공원', '학원가 근처']","['중앙선', '경춘선', '7호선']"
43724840,1,0,0,0,"['지하철역', '세탁소', '카페', '약국', '대형마트', '편의점', '버스정류장']","['쿠팡', 'SSG', '마켓컬리', '배달의 민족', '요기요']","['역세권', '대학 근처', '편리한 상권', '공원', '학원가 근처']","['2호선', '5호선', '7호선']"
43736838,0,0,0,0,"['지하철역', '세탁소', '카페', '약국', '대형마트', '편의점', '버스정류장']","['쿠팡', 'SSG', '마켓컬리', '배달의 민족', '요기요']","['역세권', '편리한 상권', '쇼핑몰', '공원', '학원가 근처']","['1호선', '7호선']"
43749511,1,1,0,1,"['지하철역', '세탁소', '카페', '약국', '대형마트', '편의점', '버스정류장']","['쿠팡', 'SSG', '마켓컬리', '배달의 민족', '요기요']","['편리한 상권', '공원', '학원가 근처']","['중앙선', '경춘선', '7호선']"
43754515,1,0,0,0,"['지하철역', '세탁소', '카페', '약국', '대형마트', '편의점', '버스정류장']","['쿠팡', 'SSG', '마켓컬리', '배달의 민족', '요기요']","['편리한 상권', '쇼핑몰', '공원', '산 근처', '학원가 근처']","['5호선', '7호선']"
43757539,1,0,0,0,"['지하철역', '세탁소', '카페', '약국', '대형마트', '편의점', '버스정류장']","['쿠팡', 'SSG', '마켓컬리', '배달의 민족', '요기요']","['역세권', '편리한 상권', '공원', '산 근처', '학원가 근처']",['7호선']
43760768,1,0,0,0,"['지하철역', '세탁소', '카페', '약국', '대형마트', '편의점', '버스정류장']","['쿠팡', 'SSG', '마켓컬리', '배달의 민족', '요기요']","['편리한 상권', '쇼핑몰', '공원', '학원가 근처']","['2호선', '7호선']"
43770169,1,0,0,0,"['지하철역', '세탁소', '카페', '약국', '대형마트', '편의점', '버스정류장']","['쿠팡', 'SSG', '마켓컬리', '배달의 민족', '요기요']","['더블 역세권', '편리한 상권', '공원', '학원가 근처']","['중앙선', '경춘선', '7호선']"
43771274,1,1,0,1,"['지하철역', '세탁소', '카페', '약국', '대형마트', '편의점', '버스정류장']","['쿠팡', 'SSG', '마켓컬리', '배달의 민족', '요기요']","['대학 근처', '편리한 상권', '쇼핑몰', '공원', '학원가 근처']","['2호선', '중앙선', '경춘선', '1호선', '수인분당선']"
43771491,1,0,0,0,"['지하철역', '세탁소', '카페', '약국', '대형마트', '편의점', '버스정류장']","['쿠팡', 'SSG', '마켓컬리', '배달의 민족', '요기요']","['편리한 상권', '공원', '산 근처', '학원가 근처']","['5호선', '7호선']"
43779523,1,0,0,0,"['지하철역', '세탁소', '카페', '약국', '대형마트', '편의점', '버스정류장']","['쿠팡', 'SSG', '마켓컬리', '배달의 민족', '요기요']","['역세권', '대학 근처', '편리한 상권', '공원', '학원가 근처']","['1호선', '6호선']"
43779575,1,0,0,0,"['지하철역', '세탁소', '카페', '약국', '대형마트', '편의점', '버스정류장']","['쿠팡', 'SSG', '마켓컬리', '배달의 민족', '요기요']","['역세권', '대학 근처', '편리한 상권', '공원', '학원가 근처']","['1호선', '6호선']"
43783462,1,0,0,0,"['지하철역', '세탁소', '카페', '약국', '대형마트', '편의점', '버스정류장']","['쿠팡', 'SSG', '마켓컬리', '배달의 민족', '요기요']","['편리한 상권', '쇼핑몰', '공원', '산 근처', '학원가 근처']","['중앙선', '경춘선', '7호선']"
43785286,0,0,0,0,"['지하철역', '세탁소', '카페', '약국', '대형마트', '편의점', '버스정류장']","['쿠팡', 'SSG', '마켓컬리', '배달의 민족', '요기요']","['편리한 상권', '공원', '학원가 근처']","['2호선', '7호선']"
43786004,0,0,0,0,"['지하철역', '세탁소', '카페', '약국', '대형마트', '편의점', '버스정류장']","['쿠팡', 'SSG', '마켓컬리', '배달의 민족', '요기요']","['역세권', '편리한 상권', '공원', '학원가 근처']","['2호선', '수인분당선']"
43788480,1,0,0,0,"['지하철역', '세탁소', '카페', '약국', '대형마트', '편의점', '버스정류장']","['쿠팡', 'SSG', '마켓컬리', '배달의 민족', '요기요']","['대학 근처', '편리한 상권', '쇼핑몰', '공원', '학원가 근처']","['2호선', '중앙선', '경춘선', '1호선', '수인분당선']"
43788486,0,1,0,0,"['지하철역', '세탁소', '카페', '약국', '대형마트', '편의점', '버스정류장']","['쿠팡', 'SSG', '마켓컬리', '배달의 민족', '요기요']","['대학 근처', '편리한 상권', '쇼핑몰', '공원', '학원가 근처']","['2호선', '중앙선', '경춘선', '1호선', '수인분당선']"
43789259,0,0,0,0,"['지하철역', '세탁소', '카페', '약국', '대형마트', '편의점', '버스정류장']","['쿠팡', 'SSG', '마켓컬리', '배달의 민족', '요기요']","['역세권', '편리한 상권', '쇼핑몰', '공원', '학원가 근처']","['1호선', '4호선', '2호선', '6호선']"
43791047,0,0,0,0,"['지하철역', '세탁소', '카페', '약국', '대형마트', '편의점', '버스정류장']","['쿠팡', 'SSG', '마켓컬리', '배달의 민족', '요기요']","['역세권', '편리한 상권', '공원', '산 근처', '학원가 근처']",['7호선']
43797652,0,0,0,0,"['지하철역', '세탁소', '카페', '약국', '대형마트', '편의점', '버스정류장']","['쿠팡', 'SSG', '마켓컬리', '배달의 민족', '요기요']","['대학 근처', '편리한 상권', '학원가 근처']","['1호선', '6호선']"
43800668,1,0,0,0,"['지하철역', '세탁소', '카페', '약국', '대형마트', '편의점', '버스정류장']","['쿠팡', 'SSG', '마켓컬리', '배달의 민족', '요기요']","['역세권', '편리한 상권', '쇼핑몰', '공원', '학원가 근처']","['중앙선', '경춘선', '7호선']"
43802769,1,0,0,0,"['지하철역', '세탁소', '카페', '약국', '대형마트', '편의점', '버스정류장']","['쿠팡', 'SSG', '마켓컬리', '배달의 민족', '요기요']","['역세권', '편리한 상권', '쇼핑몰', '공원', '학원가 근처']","['중앙선', '경춘선', '7호선']"
43804644,1,0,0,0,"['지하철역', '세탁소', '카페', '약국', '대형마트', '편의점', '버스정류장']","['쿠팡', 'SSG', '마켓컬리', '배달의 민족', '요기요']","['역세권', '편리한 상권', '쇼핑몰', '공원', '산 근처', '학원가 근처']","['5호선', '7호선']"
43806490,1,0,0,0,"['지하철역', '세탁소', '카페', '약국', '대형마트', '편의점', '버스정류장']","['쿠팡', 'SSG', '마켓컬리', '배달의 민족', '요기요']","['편리한 상권', '쇼핑몰', '공원', '산 근처', '학원가 근처']","['중앙선', '경춘선', '7호선']"
43808861,0,0,0,0,"['지하철역', '세탁소', '카페', '약국', '대형마트', '편의점', '버스정류장']","['쿠팡', 'SSG', '마켓컬리', '배달의 민족', '요기요']","['편리한 상권', '쇼핑몰', '공원', '학원가 근처']",['2호선']
43814195,1,0,0,0,"['지하철역', '세탁소', '카페', '약국', '대형마트', '편의점', '버스정류장']","['쿠팡', 'SSG', '마켓컬리', '배달의 민족', '요기요']","['편리한 상권', '공원', '학원가 근처']","['중앙선', '경춘선', '7호선']"
43814437,1,0,0,0,"['지하철역', '세탁소', '카페', '약국', '대형마트', '편의점', '버스정류장']","['쿠팡', 'SSG', '마켓컬리', '배달의 민족', '요기요']","['더블 역세권', '편리한 상권', '공원', '학원가 근처']","['중앙선', '경춘선', '7호선']"
43817069,1,0,0,0,"['지하철역', '세탁소', '카페', '약국', '대형마트', '편의점', '버스정류장']","['쿠팡', 'SSG', '마켓컬리', '배달의 민족', '요기요']","['역세권', '편리한 상권', '쇼핑몰', '공원', '학원가 근처']","['1호선', '7호선']"
43821967,1,0,0,0,"['지하철역', '세탁소', '카페', '약국', '대형마트', '편의점', '버스정류장']","['쿠팡', 'SSG', '마켓컬리', '배달의 민족', '요기요']","['역세권', '편리한 상권', '공원', '학원가 근처']","['중앙선', '경춘선', '7호선']"
43833675,1,0,0,0,"['지하철역', '세탁소', '카페', '약국', '대형마트', '편의점', '버스정류장']","['쿠팡', 'SSG', '마켓컬리', '배달의 민족', '요기요']","['역세권', '대학 근처', '편리한 상권', '공원', '학원가 근처']","['우이신설경전철', '4호선']"
43835781,0,0,0,0,"['지하철역', '세탁소', '카페', '약국', '대형마트', '편의점', '버스정류장']","['쿠팡', 'SSG', '마켓컬리', '배달의 민족', '요기요']","['편리한 상권', '공원', '학원가 근처']","['2호선', '5호선']"
43839978,1,0,0,0,"['지하철역', '세탁소', '카페', '약국', '대형마트', '편의점', '버스정류장']","['쿠팡', 'SSG', '마켓컬리', '배달의 민족', '요기요']","['대학 근처', '편리한 상권', '공원', '학원가 근처']","['2호선', '7호선']"
43841001,0,0,0,0,"['지하철역', '세탁소', '카페', '약국', '대형마트', '편의점', '버스정류장']","['쿠팡', 'SSG', '마켓컬리', '배달의 민족', '요기요']","['대학 근처', '편리한 상권', '공원', '산 근처', '학원가 근처']","['4호선', '우이신설경전철', '6호선']"
43842387,1,0,0,0,"['지하철역', '세탁소', '카페', '약국', '대형마트', '편의점', '버스정류장']","['쿠팡', 'SSG', '마켓컬리', '배달의 민족', '요기요']","['역세권', '편리한 상권', '공원', '학원가 근처']","['중앙선', '경춘선', '7호선']"
43844783,0,0,0,0,"['지하철역', '세탁소', '카페', '약국', '대형마트', '편의점', '버스정류장']","['쿠팡', 'SSG', '마켓컬리', '배달의 민족', '요기요']","['역세권', '대학 근처', '편리한 상권', '공원', '학원가 근처']",['6호선']
43845749,0,1,0,0,"['지하철역', '세탁소', '카페', '약국', '대형마트', '편의점', '버스정류장']","['쿠팡', 'SSG', '마켓컬리', '배달의 민족', '요기요']","['대학 근처', '편리한 상권', '공원', '학원가 근처']","['2호선', '중앙선', '경춘선', '1호선', '수인분당선']"
43845819,0,1,0,1,"['지하철역', '세탁소', '카페', '약국', '대형마트', '편의점', '버스정류장']","['쿠팡', 'SSG', '마켓컬리', '배달의 민족', '요기요']","['대학 근처', '편리한 상권', '공원', '학원가 근처']","['1호선', '중앙선', '경춘선', '수인분당선']"
43846611,1,0,0,0,"['지하철역', '세탁소', '카페', '약국', '대형마트', '편의점', '버스정류장']","['쿠팡', 'SSG', '마켓컬리', '배달의 민족', '요기요']","['편리한 상권', '공원', '학원가 근처']","['중앙선', '경춘선', '7호선']"
43846626,1,0,0,0,"['지하철역', '세탁소', '카페', '약국', '대형마트', '편의점', '버스정류장']","['쿠팡', 'SSG', '마켓컬리', '배달의 민족', '요기요']","['편리한 상권', '공원', '학원가 근처']","['4호선', '6호선']"
43847168,1,0,0,1,"['지하철역', '세탁소', '카페', '약국', '대형마트', '편의점', '버스정류장']","['쿠팡', 'SSG', '마켓컬리', '배달의 민족', '요기요']","['편리한 상권', '공원', '학원가 근처']","['5호선', '7호선']"
43847386,0,0,0,0,"['지하철역', '세탁소', '카페', '약국', '대형마트', '편의점', '버스정류장']","['쿠팡', 'SSG', '마켓컬리', '배달의 민족', '요기요']","['더블 역세권', '편리한 상권', '공원', '학원가 근처']","['1호선', '우이신설경전철', '6호선', '2호선']"
43848088,1,0,0,0,"['지하철역', '세탁소', '카페', '약국', '대형마트', '편의점', '버스정류장']","['쿠팡', 'SSG', '마켓컬리', '배달의 민족', '요기요']","['편리한 상권', '공원', '산 근처', '학원가 근처']","['5호선', '7호선']"
43848133,1,0,0,0,"['지하철역', '세탁소', '카페', '약국', '대형마트', '편의점', '버스정류장']","['쿠팡', 'SSG', '마켓컬리', '배달의 민족', '요기요']","['편리한 상권', '공원', '산 근처', '학원가 근처']","['5호선', '7호선']"
43848652,1,0,0,0,"['지하철역', '세탁소', '카페', '약국', '대형마트', '편의점', '버스정류장']","['쿠팡', 'SSG', '마켓컬리', '배달의 민족', '요기요']","['역세권', '편리한 상권', '쇼핑몰', '공원', '산 근처', '학원가 근처']",['7호선']
43849435,1,0,0,0,"['지하철역', '세탁소', '카페', '약국', '대형마트', '편의점', '버스정류장']","['쿠팡', 'SSG', '마켓컬리', '배달의 민족', '요기요']","['편리한 상권', '쇼핑몰', '공원', '학원가 근처']","['2호선', '7호선']"
43850534,1,0,0,0,"['지하철역', '세탁소', '카페', '약국', '대형마트', '편의점', '버스정류장']","['쿠팡', 'SSG', '마켓컬리', '배달의 민족', '요기요']","['역세권', '편리한 상권', '공원', '학원가 근처']","['1호선', '우이신설경전철', '2호선', '6호선']"
43851103,1,0,0,0,"['지하철역', '세탁소', '카페', '약국', '대형마트', '편의점', '버스정류장']","['쿠팡', 'SSG', '마켓컬리', '배달의 민족', '요기요']","['역세권', '편리한 상권', '공원', '학원가 근처']","['1호선', '우이신설경전철', '2호선', '6호선']"
43854065,1,0,0,0,"['지하철역', '세탁소', '카페', '약국', '대형마트', '편의점', '버스정류장']","['쿠팡', 'SSG', '마켓컬리', '배달의 민족', '요기요']","['역세권', '대학 근처', '편리한 상권', '공원', '학원가 근처']","['5호선', '7호선']"
43855164,1,0,0,0,"['지하철역', '세탁소', '카페', '약국', '대형마트', '편의점', '버스정류장']","['쿠팡', 'SSG', '마켓컬리', '배달의 민족', '요기요']","['편리한 상권', '공원', '학원가 근처']","['5호선', '7호선']"
43855484,0,0,0,0,"['지하철역', '세탁소', '카페', '약국', '대형마트', '편의점', '버스정류장']","['쿠팡', 'SSG', '마켓컬리', '배달의 민족', '요기요']","['역세권', '대학 근처', '편리한 상권', '공원', '학원가 근처']","['1호선', '우이신설경전철', '2호선', '6호선']"
43855573,0,0,0,0,"['지하철역', '세탁소', '카페', '약국', '대형마트', '편의점', '버스정류장']","['쿠팡', 'SSG', '마켓컬리', '배달의 민족', '요기요']","['역세권', '대학 근처', '편리한 상권', '공원', '학원가 근처']","['1호선', '우이신설경전철', '6호선', '2호선']"
43860136,1,0,0,1,"['지하철역', '세탁소', '카페', '약국', '대형마트', '편의점', '버스정류장']","['쿠팡', 'SSG', '마켓컬리', '배달의 민족', '요기요']","['역세권', '편리한 상권', '쇼핑몰', '공원', '학원가 근처']","['2호선', '5호선']"
43861762,0,0,0,0,"['지하철역', '세탁소', '카페', '약국', '대형마트', '편의점', '버스정류장']","['쿠팡', 'SSG', '마켓컬리', '배달의 민족', '요기요']","['역세권', '대학 근처', '편리한 상권', '공원', '학원가 근처']","['1호선', '중앙선', '경춘선', '수인분당선']"
43862103,1,0,0,0,"['지하철역', '세탁소', '카페', '약국', '대형마트', '편의점', '버스정류장']","['쿠팡', 'SSG', '마켓컬리', '배달의 민족', '요기요']","['역세권', '편리한 상권', '쇼핑몰', '공원', '학원가 근처']","['2호선', '5호선']"
43865023,0,0,0,0,"['지하철역', '세탁소', '카페', '약국', '대형마트', '편의점', '버스정류장']",[],[],"['5호선', '7호선']"
43870192,1,0,0,0,"['지하철역', '세탁소', '카페', '약국', '대형마트', '편의점', '버스정류장']","['쿠팡', 'SSG', '마켓컬리', '배달의 민족', '요기요']","['편리한 상권', '쇼핑몰', '공원', '학원가 근처']","['2호선', '7호선']"
43872024,1,0,0,0,"['지하철역', '세탁소', '카페', '약국', '대형마트', '편의점', '버스정류장']","['쿠팡', 'SSG', '마켓컬리', '배달의 민족', '요기요']","['편리한 상권', '공원', '학원가 근처']","['2호선', '중앙선', '5호선', '경춘선', '1호선', '수인분당선']"
43874471,1,0,0,0,"['지하철역', '세탁소', '카페', '약국', '대형마트', '편의점', '버스정류장']","['쿠팡', 'SSG', '마켓컬리', '배달의 민족', '요기요']","['역세권', '편리한 상권', '쇼핑몰', '공원', '학원가 근처']","['1호선', '7호선']"
43875267,0,0,0,0,"['지하철역', '세탁소', '카페', '약국', '대형마트', '편의점', '버스정류장']","['쿠팡', 'SSG', '마켓컬리', '배달의 민족', '요기요']","['편리한 상권', '공원', '산 근처', '학원가 근처']",['7호선']
43875762,1,0,0,0,"['지하철역', '세탁소', '카페', '약국', '대형마트', '편의점', '버스정류장']","['쿠팡', 'SSG', '마켓컬리', '배달의 민족', '요기요']","['편리한 상권', '공원', '학원가 근처']","['5호선', '7호선']"
43876491,0,0,0,0,"['지하철역', '세탁소', '카페', '약국', '대형마트', '편의점', '버스정류장']","['쿠팡', 'SSG', '마켓컬리', '배달의 민족', '요기요']","['역세권', '편리한 상권', '학원가 근처']","['1호선', '6호선']"
43876677,1,0,0,0,"['지하철역', '세탁소', '카페', '약국', '대형마트', '편의점', '버스정류장']","['쿠팡', 'SSG', '마켓컬리', '배달의 민족', '요기요']","['대학 근처', '편리한 상권', '공원', '학원가 근처']","['1호선', '중앙선', '경춘선', '수인분당선']"
43876898,1,0,0,0,"['지하철역', '세탁소', '카페', '약국', '대형마트', '편의점', '버스정류장']","['쿠팡', 'SSG', '마켓컬리', '배달의 민족', '요기요']","['역세권', '편리한 상권', '공원', '학원가 근처']","['중앙선', '경춘선', '7호선']"
43878087,1,0,0,0,"['지하철역', '세탁소', '카페', '약국', '대형마트', '편의점', '버스정류장']","['쿠팡', 'SSG', '마켓컬리', '배달의 민족', '요기요']","['편리한 상권', '공원', '산 근처', '학원가 근처']","['4호선', '우이신설경전철']"
43878111,1,0,0,0,"['지하철역', '세탁소', '카페', '약국', '대형마트', '편의점', '버스정류장']","['쿠팡', 'SSG', '마켓컬리', '배달의 민족', '요기요']","['편리한 상권', '공원', '산 근처', '학원가 근처']","['4호선', '우이신설경전철']"
43878130,1,0,0,0,"['지하철역', '세탁소', '카페', '약국', '대형마트', '편의점', '버스정류장']","['쿠팡', 'SSG', '마켓컬리', '배달의 민족', '요기요']","['편리한 상권', '공원', '산 근처', '학원가 근처']","['4호선', '우이신설경전철']"
43878143,1,0,0,0,"['지하철역', '세탁소', '카페', '약국', '대형마트', '편의점', '버스정류장']","['쿠팡', 'SSG', '마켓컬리', '배달의 민족', '요기요']","['편리한 상권', '공원', '산 근처', '학원가 근처']","['4호선', '우이신설경전철']"
43878158,1,0,0,0,"['지하철역', '세탁소', '카페', '약국', '대형마트', '편의점', '버스정류장']","['쿠팡', 'SSG', '마켓컬리', '배달의 민족', '요기요']","['편리한 상권', '공원', '산 근처', '학원가 근처']","['4호선', '우이신설경전철']"
43878200,1,0,0,1,"['지하철역', '세탁소', '카페', '약국', '대형마트', '편의점', '버스정류장']","['쿠팡', 'SSG', '마켓컬리', '배달의 민족', '요기요']","['역세권', '편리한 상권', '공원', '학원가 근처']","['중앙선', '경춘선', '7호선']"
43878739,1,0,0,1,"['지하철역', '세탁소', '카페', '약국', '대형마트', '편의점', '버스정류장']","['쿠팡', 'SSG', '마켓컬리', '배달의 민족', '요기요']","['역세권', '편리한 상권', '공원', '학원가 근처']","['중앙선', '경춘선', '7호선']"
43878867,1,0,0,0,"['지하철역', '세탁소', '카페', '약국', '대형마트', '편의점', '버스정류장']","['쿠팡', 'SSG', '마켓컬리', '배달의 민족', '요기요']","['역세권', '편리한 상권', '쇼핑몰', '공원', '학원가 근처']","['1호선', '7호선']"
43878888,1,0,0,0,"['지하철역', '세탁소', '카페', '약국', '대형마트', '편의점', '버스정류장']","['쿠팡', 'SSG', '마켓컬리', '배달의 민족', '요기요']","['편리한 상권', '쇼핑몰', '공원', '학원가 근처']","['5호선', '7호선']"
43881758,1,0,0,0,"['지하철역', '세탁소', '카페', '약국', '대형마트', '편의점', '버스정류장']","['쿠팡', 'SSG', '마켓컬리', '배달의 민족', '요기요']","['더블 역세권', '편리한 상권', '공원', '학원가 근처']",['7호선']
43883142,0,0,0,0,"['지하철역', '세탁소', '카페', '약국', '대형마트', '편의점', '버스정류장']","['쿠팡', 'SSG', '마켓컬리', '배달의 민족', '요기요']","['편리한 상권', '공원', '학원가 근처']","['2호선', '수인분당선']"
43884739,1,0,0,0,"['지하철역', '세탁소', '카페', '약국', '대형마트', '편의점', '버스정류장']","['쿠팡', 'SSG', '마켓컬리', '배달의 민족', '요기요']","['역세권', '편리한 상권', '공원', '학원가 근처']","['중앙선', '경춘선', '7호선']"
43885338,1,0,0,0,"['지하철역', '세탁소', '카페', '약국', '대형마트', '편의점', '버스정류장']","['쿠팡', 'SSG', '마켓컬리', '배달의 민족', '요기요']","['역세권', '편리한 상권', '쇼핑몰', '공원', '학원가 근처']","['중앙선', '경춘선', '7호선']"
43885343,1,0,0,0,"['지하철역', '세탁소', '카페', '약국', '대형마트', '편의점', '버스정류장']","['쿠팡', 'SSG', '마켓컬리', '배달의 민족', '요기요']","['역세권', '편리한 상권', '쇼핑몰', '공원', '학원가 근처']","['중앙선', '경춘선', '7호선']"
43885350,1,0,0,0,"['지하철역', '세탁소', '카페', '약국', '대형마트', '편의점', '버스정류장']","['쿠팡', 'SSG', '마켓컬리', '배달의 민족', '요기요']","['역세권', '편리한 상권', '쇼핑몰', '공원', '학원가 근처']","['중앙선', '경춘선', '7호선']"
43887991,1,0,0,0,"['지하철역', '세탁소', '카페', '약국', '대형마트', '편의점', '버스정류장']","['쿠팡', 'SSG', '마켓컬리', '배달의 민족', '요기요']","['대학 근처', '편리한 상권', '공원', '학원가 근처']",['6호선']
43888334,1,0,0,0,"['지하철역', '세탁소', '카페', '약국', '대형마트', '편의점', '버스정류장']","['쿠팡', 'SSG', '마켓컬리', '배달의 민족', '요기요']","['편리한 상권', '공원', '학원가 근처']","['2호선', '5호선', '7호선']"
43890108,1,0,0,0,"['지하철역', '세탁소', '카페', '약국', '대형마트', '편의점', '버스정류장']","['쿠팡', 'SSG', '마켓컬리', '배달의 민족', '요기요']","['역세권', '편리한 상권', '쇼핑몰', '공원', '학원가 근처']","['1호선', '7호선']"
43891873,0,0,0,0,"['지하철역', '세탁소', '카페', '약국', '대형마트', '편의점', '버스정류장']","['쿠팡', 'SSG', '마켓컬리', '배달의 민족', '요기요']","['역세권', '편리한 상권', '공원', '학원가 근처']","['중앙선', '경춘선', '7호선']"
43893523,1,0,0,0,"['지하철역', '세탁소', '카페', '약국', '대형마트', '편의점', '버스정류장']","['쿠팡', 'SSG', '마켓컬리', '배달의 민족', '요기요']","['역세권', '편리한 상권', '공원', '학원가 근처']","['1호선', '우이신설경전철', '2호선', '6호선']"
43894208,0,0,0,0,"['지하철역', '세탁소', '카페', '약국', '대형마트', '편의점', '버스정류장']","['쿠팡', 'SSG', '마켓컬리', '배달의 민족', '요기요']","['역세권', '대학 근처', '편리한 상권', '쇼핑몰', '공원', '학원가 근처']",['6호선']
43897004,1,0,0,0,"['지하철역', '세탁소', '카페', '약국', '대형마트', '편의점', '버스정류장']","['쿠팡', 'SSG', '마켓컬리', '배달의 민족', '요기요']","['편리한 상권', '쇼핑몰', '공원', '학원가 근처']","['2호선', '7호선']"
43897829,1,0,0,0,"['지하철역', '세탁소', '카페', '약국', '대형마트', '편의점', '버스정류장']","['쿠팡', 'SSG', '마켓컬리', '배달의 민족', '요기요']","['역세권', '편리한 상권', '공원', '산 근처', '학원가 근처']","['우이신설경전철', '4호선']"
43899717,1,0,0,0,"['지하철역', '세탁소', '카페', '약국', '대형마트', '편의점', '버스정류장']","['쿠팡', 'SSG', '마켓컬리', '배달의 민족', '요기요']","['역세권', '대학 근처', '편리한 상권', '공원', '학원가 근처']","['우이신설경전철', '4호선', '6호선']"
43902585,1,0,0,1,"['지하철역', '세탁소', '카페', '약국', '대형마트', '편의점', '버스정류장']","['쿠팡', 'SSG', '마켓컬리', '배달의 민족', '요기요']","['역세권', '편리한 상권', '공원', '학원가 근처']","['중앙선', '경춘선', '7호선']"
43904200,1,1,0,1,"['지하철역', '세탁소', '카페', '약국', '대형마트', '편의점', '버스정류장']","['쿠팡', 'SSG', '마켓컬리', '배달의 민족', '요기요']","['편리한 상권', '공원', '학원가 근처']","['중앙선', '3호선', '6호선']"
43904254,1,0,0,0,"['지하철역', '세탁소', '카페', '약국', '대형마트', '편의점', '버스정류장']","['쿠팡', 'SSG', '마켓컬리', '배달의 민족', '요기요']","['역세권', '편리한 상권', '공원', '학원가 근처']","['중앙선', '경춘선', '7호선']"
43904325,1,0,0,1,"['지하철역', '세탁소', '카페', '약국', '대형마트', '편의점', '버스정류장']","['쿠팡', 'SSG', '마켓컬리', '배달의 민족', '요기요']","['편리한 상권', '공원', '학원가 근처']","['2호선', '7호선']"
43904338,1,0,0,0,"['지하철역', '세탁소', '카페', '약국', '대형마트', '편의점', '버스정류장']","['쿠팡', 'SSG', '마켓컬리', '배달의 민족', '요기요']","['역세권', '편리한 상권', '공원', '학원가 근처']","['1호선', '중앙선', '경춘선', '7호선']"
43904699,1,1,0,1,"['지하철역', '세탁소', '카페', '약국', '대형마트', '편의점', '버스정류장']","['쿠팡', 'SSG', '마켓컬리', '배달의 민족', '요기요']","['역세권', '편리한 상권', '공원', '산 근처', '학원가 근처']",['7호선']
43906352,0,0,0,0,"['지하철역', '세탁소', '카페', '약국', '대형마트', '편의점', '버스정류장']","['쿠팡', 'SSG', '마켓컬리', '배달의 민족', '요기요']","['역세권', '대학 근처', '편리한 상권', '공원', '학원가 근처']","['중앙선', '경춘선', '1호선', '6호선', '수인분당선']"
43906523,1,0,0,0,"['지하철역', '세탁소', '카페', '약국', '대형마트', '편의점', '버스정류장']","['쿠팡', 'SSG', '마켓컬리', '배달의 민족', '요기요']","['트리플 역세권', '편리한 상권', '공원', '학원가 근처']","['3호선', '6호선', '5호선']"
43906753,0,0,0,0,"['지하철역', '세탁소', '카페', '약국', '대형마트', '편의점', '버스정류장']","['쿠팡', 'SSG', '마켓컬리', '배달의 민족', '요기요']","['역세권', '대학 근처', '편리한 상권', '공원', '학원가 근처']","['우이신설경전철', '6호선']"
43909426,0,0,0,0,"['지하철역', '세탁소', '카페', '약국', '대형마트', '편의점', '버스정류장']","['쿠팡', 'SSG', '마켓컬리', '배달의 민족', '요기요']","['역세권', '편리한 상권', '공원', '학원가 근처']","['중앙선', '경춘선', '7호선']"
43911102,0,0,0,0,"['지하철역', '세탁소', '카페', '약국', '대형마트', '편의점', '버스정류장']","['쿠팡', 'SSG', '마켓컬리', '배달의 민족', '요기요']","['역세권', '대학 근처', '편리한 상권', '쇼핑몰', '학원가 근처']","['1호선', '6호선']"
43917962,1,0,0,0,"['지하철역', '세탁소', '카페', '약국', '대형마트', '편의점', '버스정류장']","['쿠팡', 'SSG', '마켓컬리', '배달의 민족', '요기요']","['편리한 상권', '공원', '학원가 근처']","['2호선', '5호선']"
43921513,0,0,0,0,"['지하철역', '세탁소', '카페', '약국', '대형마트', '편의점', '버스정류장']","['쿠팡', 'SSG', '마켓컬리', '배달의 민족', '요기요']","['더블 역세권', '편리한 상권', '공원', '학원가 근처']","['중앙선', '경춘선', '7호선']"
43932612,1,0,0,0,"['지하철역', '세탁소', '카페', '약국', '대형마트', '편의점', '버스정류장']","['쿠팡', 'SSG', '마켓컬리', '배달의 민족', '요기요']","['역세권', '편리한 상권', '공원', '산 근처', '학원가 근처']","['5호선', '7호선']"
43934068,1,0,0,1,"['지하철역', '세탁소', '카페', '약국', '대형마트', '편의점', '버스정류장']","['쿠팡', 'SSG', '마켓컬리', '배달의 민족', '요기요']","['역세권', '편리한 상권', '공원', '산 근처', '학원가 근처']",['7호선']
43934088,1,0,0,1,"['지하철역', '세탁소', '카페', '약국', '대형마트', '편의점', '버스정류장']","['쿠팡', 'SSG', '마켓컬리', '배달의 민족', '요기요']","['역세권', '편리한 상권', '공원', '산 근처', '학원가 근처']",['7호선']
43936044,1,0,0,0,"['지하철역', '세탁소', '카페', '약국', '대형마트', '편의점', '버스정류장']","['쿠팡', 'SSG', '마켓컬리', '배달의 민족', '요기요']","['역세권', '편리한 상권', '쇼핑몰', '공원', '학원가 근처']","['6호선', '7호선']"
43936445,1,0,0,0,"['지하철역', '세탁소', '카페', '약국', '대형마트', '편의점', '버스정류장']","['쿠팡', 'SSG', '마켓컬리', '배달의 민족', '요기요']","['대학 근처', '편리한 상권', '공원', '산 근처', '학원가 근처']","['4호선', '우이신설경전철']"
43937182,1,0,0,0,"['지하철역', '세탁소', '카페', '약국', '대형마트', '편의점', '버스정류장']","['쿠팡', 'SSG', '마켓컬리', '배달의 민족', '요기요']","['편리한 상권', '공원', '학원가 근처']","['2호선', '중앙선', '5호선', '경춘선', '1호선', '수인분당선']"
43937216,1,0,0,0,"['지하철역', '세탁소', '카페', '약국', '대형마트', '편의점', '버스정류장']","['쿠팡', 'SSG', '마켓컬리', '배달의 민족', '요기요']","['편리한 상권', '공원', '학원가 근처']","['2호선', '중앙선', '5호선', '경춘선', '1호선', '수인분당선']"
43938307,1,0,0,0,"['지하철역', '세탁소', '카페', '약국', '대형마트', '편의점', '버스정류장']","['쿠팡', 'SSG', '마켓컬리', '배달의 민족', '요기요']","['역세권', '편리한 상권', '쇼핑몰', '공원', '학원가 근처']","['1호선', '7호선']"
43939037,1,0,0,0,"['지하철역', '세탁소', '카페', '약국', '대형마트', '편의점', '버스정류장']","['쿠팡', 'SSG', '마켓컬리', '배달의 민족', '요기요']","['역세권', '대학 근처', '편리한 상권', '공원', '학원가 근처']","['1호선', '중앙선', '경춘선']"
43940755,1,0,0,0,"['지하철역', '세탁소', '카페', '약국', '대형마트', '편의점', '버스정류장']","['쿠팡', 'SSG', '마켓컬리', '배달의 민족', '요기요']","['역세권', '편리한 상권', '공원', '학원가 근처']","['중앙선', '경춘선', '7호선']"
43943111,1,1,0,1,"['지하철역', '세탁소', '카페', '약국', '대형마트', '편의점', '버스정류장']","['쿠팡', 'SSG', '마켓컬리', '배달의 민족', '요기요']","['대학 근처', '편리한 상권', '공원', '학원가 근처']","['5호선', '7호선']"
43943611,0,0,0,0,"['지하철역', '세탁소', '카페', '약국', '대형마트', '편의점', '버스정류장']","['쿠팡', 'SSG', '마켓컬리', '배달의 민족', '요기요']","['대학 근처', '편리한 상권', '학원가 근처']","['1호선', '6호선']"
43943798,1,0,0,1,"['지하철역', '세탁소', '카페', '약국', '대형마트', '편의점', '버스정류장']","['쿠팡', 'SSG', '마켓컬리', '배달의 민족', '요기요']","['역세권', '편리한 상권', '쇼핑몰', '공원', '산 근처', '학원가 근처']","['5호선', '7호선']"
43943983,0,0,0,0,"['지하철역', '세탁소', '카페', '약국', '대형마트', '편의점', '버스정류장']","['쿠팡', 'SSG', '마켓컬리', '배달의 민족', '요기요']","['편리한 상권', '쇼핑몰', '공원', '학원가 근처']","['6호선', '7호선']"
43944047,0,0,0,0,"['지하철역', '세탁소', '카페', '약국', '대형마트', '편의점', '버스정류장']","['쿠팡', 'SSG', '마켓컬리', '배달의 민족', '요기요']","['편리한 상권', '쇼핑몰', '공원', '학원가 근처']","['6호선', '7호선']"
43945296,1,0,0,0,"['지하철역', '세탁소', '카페', '약국', '대형마트', '편의점', '버스정류장']","['쿠팡', 'SSG', '마켓컬리', '배달의 민족', '요기요']","['역세권', '편리한 상권', '공원', '산 근처', '학원가 근처']","['중앙선', '경춘선', '7호선']"
43945427,1,0,0,0,"['지하철역', '세탁소', '카페', '약국', '대형마트', '편의점', '버스정류장']","['쿠팡', 'SSG', '마켓컬리', '배달의 민족', '요기요']","['편리한 상권', '쇼핑몰', '공원', '학원가 근처']","['4호선', '6호선']"
43945538,1,0,0,0,"['지하철역', '세탁소', '카페', '약국', '대형마트', '편의점', '버스정류장']","['쿠팡', 'SSG', '마켓컬리', '배달의 민족', '요기요']","['역세권', '대학 근처', '편리한 상권', '공원', '학원가 근처']",['6호선']
43948486,0,0,0,1,"['지하철역', '세탁소', '카페', '약국', '대형마트', '편의점', '버스정류장']","['쿠팡', 'SSG', '마켓컬리', '배달의 민족', '요기요']","['역세권', '편리한 상권', '학원가 근처']","['1호선', '6호선', '경춘선']"
43949832,0,0,0,0,"['지하철역', '세탁소', '카페', '약국', '대형마트', '편의점', '버스정류장']","['쿠팡', 'SSG', '마켓컬리', '배달의 민족', '요기요']","['편리한 상권', '쇼핑몰', '공원', '학원가 근처']","['2호선', '7호선']"
43950340,0,0,0,0,"['지하철역', '세탁소', '카페', '약국', '대형마트', '편의점', '버스정류장']","['쿠팡', 'SSG', '마켓컬리', '배달의 민족', '요기요']","['역세권', '대학 근처', '편리한 상권', '쇼핑몰', '공원', '학원가 근처']","['2호선', '7호선']"
43950673,1,0,0,0,"['지하철역', '세탁소', '카페', '약국', '대형마트', '편의점', '버스정류장']","['쿠팡', 'SSG', '마켓컬리', '배달의 민족', '요기요']","['역세권', '편리한 상권', '공원', '산 근처', '학원가 근처']","['중앙선', '경춘선', '7호선']"
43950765,0,0,0,0,"['지하철역', '세탁소', '카페', '약국', '대형마트', '편의점', '버스정류장']","['쿠팡', 'SSG', '마켓컬리', '배달의 민족', '요기요']","['대학 근처', '편리한 상권', '쇼핑몰', '공원', '학원가 근처']","['2호선', '7호선']"
43950909,0,0,0,0,"['지하철역', '세탁소', '카페', '약국', '대형마트', '편의점', '버스정류장']","['쿠팡', 'SSG', '마켓컬리', '배달의 민족', '요기요']","['역세권', '편리한 상권', '학원가 근처']","['1호선', '6호선', '경춘선']"
43950976,0,0,0,1,"['지하철역', '세탁소', '카페', '약국', '대형마트', '편의점', '버스정류장']","['쿠팡', 'SSG', '마켓컬리', '배달의 민족', '요기요']","['역세권', '편리한 상권', '학원가 근처']","['1호선', '6호선', '경춘선']"
43951469,1,0,0,0,"['지하철역', '세탁소', '카페', '약국', '대형마트', '편의점', '버스정류장']","['쿠팡', 'SSG', '마켓컬리', '배달의 민족', '요기요']","['편리한 상권', '공원', '학원가 근처']","['2호선', '5호선']"
43951942,1,0,0,0,"['지하철역', '세탁소', '카페', '약국', '대형마트', '편의점', '버스정류장']","['쿠팡', 'SSG', '마켓컬리', '배달의 민족', '요기요']","['역세권', '대학 근처', '편리한 상권', '공원', '학원가 근처']","['1호선', '우이신설경전철', '2호선', '6호선']"
43953792,1,0,0,0,"['지하철역', '세탁소', '카페', '약국', '대형마트', '편의점', '버스정류장']","['쿠팡', 'SSG', '마켓컬리', '배달의 민족', '요기요']","['편리한 상권', '공원', '산 근처', '학원가 근처']","['5호선', '7호선']"
43954392,1,0,0,0,"['지하철역', '세탁소', '카페', '약국', '대형마트', '편의점', '버스정류장']","['쿠팡', 'SSG', '마켓컬리', '배달의 민족', '요기요']","['역세권', '편리한 상권', '공원', '산 근처', '학원가 근처']","['5호선', '7호선']"
43956615,1,0,0,0,"['지하철역', '세탁소', '카페', '약국', '대형마트', '편의점', '버스정류장']","['쿠팡', 'SSG', '마켓컬리', '배달의 민족', '요기요']","['역세권', '편리한 상권', '공원', '학원가 근처']","['중앙선', '경춘선', '7호선']"
43956616,1,0,0,0,"['지하철역', '세탁소', '카페', '약국', '대형마트', '편의점', '버스정류장']","['쿠팡', 'SSG', '마켓컬리', '배달의 민족', '요기요']","['역세권', '편리한 상권', '쇼핑몰', '공원', '학원가 근처']","['2호선', '5호선']"
43956619,1,0,0,0,"['지하철역', '세탁소', '카페', '약국', '대형마트', '편의점', '버스정류장']","['쿠팡', 'SSG', '마켓컬리', '배달의 민족', '요기요']","['역세권', '편리한 상권', '공원', '산 근처', '학원가 근처']","['5호선', '7호선']"
43956821,0,0,0,0,"['지하철역', '세탁소', '카페', '약국', '대형마트', '편의점', '버스정류장']","['쿠팡', 'SSG', '마켓컬리', '배달의 민족', '요기요']","['역세권', '편리한 상권', '공원', '산 근처', '학원가 근처']",['7호선']
43958693,0,0,0,0,"['지하철역', '세탁소', '카페', '약국', '대형마트', '편의점', '버스정류장']","['쿠팡', 'SSG', '마켓컬리', '배달의 민족', '요기요']","['역세권', '편리한 상권', '쇼핑몰', '공원', '학원가 근처']","['우이신설경전철', '4호선']"
43958975,1,0,0,1,"['지하철역', '세탁소', '카페', '약국', '대형마트', '편의점', '버스정류장']","['쿠팡', 'SSG', '마켓컬리', '배달의 민족', '요기요']","['편리한 상권', '공원', '학원가 근처']","['2호선', '5호선']"
43959240,1,0,0,1,"['지하철역', '세탁소', '카페', '약국', '대형마트', '편의점', '버스정류장']","['쿠팡', 'SSG', '마켓컬리', '배달의 민족', '요기요']","['편리한 상권', '공원', '학원가 근처']","['2호선', '5호선']"
43959338,1,0,0,0,"['지하철역', '세탁소', '카페', '약국', '대형마트', '편의점', '버스정류장']","['쿠팡', 'SSG', '마켓컬리', '배달의 민족', '요기요']","['편리한 상권', '공원', '학원가 근처']","['2호선', '5호선']"
43960606,1,0,0,0,"['지하철역', '세탁소', '카페', '약국', '대형마트', '편의점', '버스정류장']","['쿠팡', 'SSG', '마켓컬리', '배달의 민족', '요기요']","['편리한 상권', '쇼핑몰', '공원', '학원가 근처']","['2호선', '7호선']"
43960620,1,0,0,0,"['지하철역', '세탁소', '카페', '약국', '대형마트', '편의점', '버스정류장']","['쿠팡', 'SSG', '마켓컬리', '배달의 민족', '요기요']","['역세권', '편리한 상권', '쇼핑몰', '공원', '학원가 근처']","['중앙선', '경춘선', '7호선']"
43960770,1,0,0,0,"['지하철역', '세탁소', '카페', '약국', '대형마트', '편의점', '버스정류장']","['쿠팡', 'SSG', '마켓컬리', '배달의 민족', '요기요']","['역세권', '편리한 상권', '공원', '산 근처', '학원가 근처']",['7호선']
43961350,1,0,0,0,"['지하철역', '세탁소', '카페', '약국', '대형마트', '편의점', '버스정류장']","['쿠팡', 'SSG', '마켓컬리', '배달의 민족', '요기요']","['역세권', '대학 근처', '편리한 상권', '공원', '학원가 근처']","['2호선', '7호선']"
43961491,1,0,0,0,"['지하철역', '세탁소', '카페', '약국', '대형마트', '편의점', '버스정류장']","['쿠팡', 'SSG', '마켓컬리', '배달의 민족', '요기요']","['역세권', '편리한 상권', '공원', '학원가 근처']","['중앙선', '경춘선', '7호선']"
43961500,1,0,0,0,"['지하철역', '세탁소', '카페', '약국', '대형마트', '편의점', '버스정류장']","['쿠팡', 'SSG', '마켓컬리', '배달의 민족', '요기요']","['역세권', '대학 근처', '편리한 상권', '공원', '학원가 근처']","['2호선', '7호선']"
43961688,1,0,0,0,"['지하철역', '세탁소', '카페', '약국', '대형마트', '편의점', '버스정류장']","['쿠팡', 'SSG', '마켓컬리', '배달의 민족', '요기요']","['편리한 상권', '공원', '학원가 근처']","['5호선', '7호선']"
43964262,1,0,0,0,"['지하철역', '세탁소', '카페', '약국', '대형마트', '편의점', '버스정류장']","['쿠팡', 'SSG', '마켓컬리', '배달의 민족', '요기요']","['역세권', '대학 근처', '편리한 상권', '공원', '학원가 근처']","['5호선', '7호선']"
43965009,1,0,0,0,"['지하철역', '세탁소', '카페', '약국', '대형마트', '편의점', '버스정류장']","['쿠팡', 'SSG', '마켓컬리', '배달의 민족', '요기요']","['역세권', '편리한 상권', '공원', '산 근처', '학원가 근처']",['7호선']
43965855,1,0,0,1,"['지하철역', '세탁소', '카페', '약국', '대형마트', '편의점', '버스정류장']","['쿠팡', 'SSG', '마켓컬리', '배달의 민족', '요기요']","['역세권', '편리한 상권', '쇼핑몰', '공원', '산 근처', '학원가 근처']","['5호선', '7호선']"
43966064,1,0,0,0,"['지하철역', '세탁소', '카페', '약국', '대형마트', '편의점', '버스정류장']","['쿠팡', 'SSG', '마켓컬리', '배달의 민족', '요기요']","['더블 역세권', '편리한 상권', '공원', '학원가 근처']","['중앙선', '경춘선', '7호선']"
43966569,1,0,0,0,"['지하철역', '세탁소', '카페', '약국', '대형마트', '편의점', '버스정류장']","['쿠팡', 'SSG', '마켓컬리', '배달의 민족', '요기요']","['역세권', '편리한 상권', '쇼핑몰', '공원', '산 근처', '학원가 근처']","['5호선', '7호선']"
43967149,0,0,0,0,"['지하철역', '세탁소', '카페', '약국', '대형마트', '편의점', '버스정류장']","['쿠팡', 'SSG', '마켓컬리', '배달의 민족', '요기요']","['더블 역세권', '편리한 상권', '공원', '학원가 근처']","['중앙선', '경춘선', '7호선']"
43967302,1,0,0,0,"['지하철역', '세탁소', '카페', '약국', '대형마트', '편의점', '버스정류장']","['쿠팡', 'SSG', '마켓컬리', '배달의 민족', '요기요']","['대학 근처', '편리한 상권', '공원', '학원가 근처']","['2호선', '7호선']"
43969144,1,0,0,0,"['지하철역', '세탁소', '카페', '약국', '대형마트', '편의점', '버스정류장']","['쿠팡', 'SSG', '마켓컬리', '배달의 민족', '요기요']","['역세권', '편리한 상권', '쇼핑몰', '공원', '학원가 근처']","['4호선', '6호선']"
43970763,1,0,0,0,"['지하철역', '세탁소', '카페', '약국', '대형마트', '편의점', '버스정류장']","['쿠팡', 'SSG', '마켓컬리', '배달의 민족', '요기요']","['역세권', '편리한 상권', '공원', '산 근처', '학원가 근처']",['7호선']
43972264,0,0,0,0,"['지하철역', '세탁소', '카페', '약국', '대형마트', '편의점', '버스정류장']","['쿠팡', 'SSG', '마켓컬리', '배달의 민족', '요기요']","['역세권', '대학 근처', '편리한 상권', '공원', '학원가 근처']","['1호선', '6호선']"
43972291,1,0,0,0,"['지하철역', '세탁소', '카페', '약국', '대형마트', '편의점', '버스정류장']","['쿠팡', 'SSG', '마켓컬리', '배달의 민족', '요기요']","['역세권', '편리한 상권', '공원', '산 근처', '학원가 근처']","['중앙선', '경춘선', '7호선']"
43972358,1,0,0,0,"['지하철역', '세탁소', '카페', '약국', '대형마트', '편의점', '버스정류장']","['쿠팡', 'SSG', '마켓컬리', '배달의 민족', '요기요']","['역세권', '편리한 상권', '공원', '산 근처', '학원가 근처']","['중앙선', '경춘선', '7호선']"
43972375,1,0,0,0,"['지하철역', '세탁소', '카페', '약국', '대형마트', '편의점', '버스정류장']","['쿠팡', 'SSG', '마켓컬리', '배달의 민족', '요기요']","['더블 역세권', '편리한 상권', '공원', '산 근처', '학원가 근처']","['중앙선', '경춘선', '7호선']"
43972400,1,0,0,0,"['지하철역', '세탁소', '카페', '약국', '대형마트', '편의점', '버스정류장']","['쿠팡', 'SSG', '마켓컬리', '배달의 민족', '요기요']","['역세권', '편리한 상권', '쇼핑몰', '공원', '학원가 근처']",['7호선']
43972410,1,0,0,0,"['지하철역', '세탁소', '카페', '약국', '대형마트', '편의점', '버스정류장']","['쿠팡', 'SSG', '마켓컬리', '배달의 민족', '요기요']","['역세권', '편리한 상권', '쇼핑몰', '공원', '산 근처', '학원가 근처']",['7호선']
43972419,0,0,0,0,"['지하철역', '세탁소', '카페', '약국', '대형마트', '편의점', '버스정류장']","['쿠팡', 'SSG', '마켓컬리', '배달의 민족', '요기요']","['역세권', '대학 근처', '편리한 상권', '공원', '학원가 근처']","['2호선', '수인분당선']"
43972432,1,0,0,0,"['지하철역', '세탁소', '카페', '약국', '대형마트', '편의점', '버스정류장']","['쿠팡', 'SSG', '마켓컬리', '배달의 민족', '요기요']","['역세권', '편리한 상권', '공원', '산 근처', '학원가 근처']",['7호선']
43972480,1,0,0,0,"['지하철역', '세탁소', '카페', '약국', '대형마트', '편의점', '버스정류장']","['쿠팡', 'SSG', '마켓컬리', '배달의 민족', '요기요']","['역세권', '편리한 상권', '공원', '산 근처', '학원가 근처']",['7호선']
43972590,1,0,0,0,"['지하철역', '세탁소', '카페', '약국', '대형마트', '편의점', '버스정류장']","['쿠팡', 'SSG', '마켓컬리', '배달의 민족', '요기요']","['역세권', '편리한 상권', '공원', '학원가 근처']","['중앙선', '경춘선', '7호선']"
43972615,1,0,0,0,"['지하철역', '세탁소', '카페', '약국', '대형마트', '편의점', '버스정류장']","['쿠팡', 'SSG', '마켓컬리', '배달의 민족', '요기요']","['역세권', '편리한 상권', '공원', '학원가 근처']","['1호선', '중앙선', '경춘선', '7호선']"
43973308,1,0,0,0,"['지하철역', '세탁소', '카페', '약국', '대형마트', '편의점', '버스정류장']","['쿠팡', 'SSG', '마켓컬리', '배달의 민족', '요기요']","['역세권', '편리한 상권', '쇼핑몰', '공원', '학원가 근처']","['1호선', '7호선']"
43975024,0,0,0,0,"['지하철역', '세탁소', '카페', '약국', '대형마트', '편의점', '버스정류장']","['쿠팡', 'SSG', '마켓컬리', '배달의 민족', '요기요']","['더블 역세권', '편리한 상권', '공원', '산 근처', '학원가 근처']",['7호선']
43975140,0,0,0,0,"['지하철역', '세탁소', '카페', '약국', '대형마트', '편의점', '버스정류장']","['쿠팡', 'SSG', '마켓컬리', '배달의 민족', '요기요']","['더블 역세권', '편리한 상권', '공원', '산 근처', '학원가 근처']",['7호선']
43976275,1,0,0,0,"['지하철역', '세탁소', '카페', '약국', '대형마트', '편의점', '버스정류장']","['쿠팡', 'SSG', '마켓컬리', '배달의 민족', '요기요']","['역세권', '대학 근처', '편리한 상권', '공원', '학원가 근처']","['5호선', '7호선']"
43977319,0,0,0,0,"['지하철역', '세탁소', '카페', '약국', '대형마트', '편의점', '버스정류장']","['쿠팡', 'SSG', '마켓컬리', '배달의 민족', '요기요']","['역세권', '대학 근처', '편리한 상권', '공원', '학원가 근처']","['2호선', '5호선', '7호선']"
43977805,0,0,0,0,"['지하철역', '세탁소', '카페', '약국', '대형마트', '편의점', '버스정류장']","['쿠팡', 'SSG', '마켓컬리', '배달의 민족', '요기요']","['대학 근처', '편리한 상권', '공원', '학원가 근처']","['2호선', '중앙선', '경춘선', '1호선', '수인분당선']"
43978158,1,0,0,0,"['지하철역', '세탁소', '카페', '약국', '대형마트', '편의점', '버스정류장']","['쿠팡', 'SSG', '마켓컬리', '배달의 민족', '요기요']","['역세권', '편리한 상권', '공원', '산 근처', '학원가 근처']","['5호선', '7호선']"
43978212,0,0,0,0,"['지하철역', '세탁소', '카페', '약국', '대형마트', '편의점', '버스정류장']","['쿠팡', 'SSG', '마켓컬리', '배달의 민족', '요기요']","['편리한 상권', '쇼핑몰', '공원', '학원가 근처']","['6호선', '7호선']"
43980672,0,0,0,0,"['지하철역', '세탁소', '카페', '약국', '대형마트', '편의점', '버스정류장']","['쿠팡', 'SSG', '마켓컬리', '배달의 민족', '요기요']","['편리한 상권', '공원', '학원가 근처']","['2호선', '7호선']"
43981849,0,0,0,0,"['지하철역', '세탁소', '카페', '약국', '대형마트', '편의점', '버스정류장']","['쿠팡', 'SSG', '마켓컬리', '배달의 민족', '요기요']","['대학 근처', '편리한 상권', '공원', '학원가 근처']","['5호선', '7호선']"
43982677,0,0,0,0,"['지하철역', '세탁소', '카페', '약국', '대형마트', '편의점', '버스정류장']","['쿠팡', 'SSG', '마켓컬리', '배달의 민족', '요기요']","['역세권', '편리한 상권', '쇼핑몰', '공원', '산 근처', '학원가 근처']",['7호선']
43984077,1,0,0,0,"['지하철역', '세탁소', '카페', '약국', '대형마트', '편의점', '버스정류장']","['쿠팡', 'SSG', '마켓컬리', '배달의 민족', '요기요']","['역세권', '편리한 상권', '학원가 근처']","['1호선', '6호선', '경춘선']"
43985764,0,0,0,0,"['지하철역', '세탁소', '카페', '약국', '대형마트', '편의점', '버스정류장']","['쿠팡', 'SSG', '마켓컬리', '배달의 민족', '요기요']","['편리한 상권', '쇼핑몰', '공원', '학원가 근처']","['2호선', '7호선']"
43985910,1,0,0,0,"['지하철역', '세탁소', '카페', '약국', '대형마트', '편의점', '버스정류장']","['쿠팡', 'SSG', '마켓컬리', '배달의 민족', '요기요']","['역세권', '편리한 상권', '쇼핑몰', '공원', '학원가 근처']","['중앙선', '경춘선', '7호선']"
43989119,0,0,0,0,"['지하철역', '세탁소', '카페', '약국', '대형마트', '편의점', '버스정류장']","['쿠팡', 'SSG', '마켓컬리', '배달의 민족', '요기요']","['역세권', '대학 근처', '편리한 상권', '공원', '학원가 근처']","['1호선', '4호선', '6호선']"
43991605,1,0,0,0,"['지하철역', '세탁소', '카페', '약국', '대형마트', '편의점', '버스정류장']","['쿠팡', 'SSG', '마켓컬리', '배달의 민족', '요기요']","['역세권', '대학 근처', '편리한 상권', '공원', '학원가 근처']","['2호선', '7호선']"
43991644,1,0,0,0,"['지하철역', '세탁소', '카페', '약국', '대형마트', '편의점', '버스정류장']","['쿠팡', 'SSG', '마켓컬리', '배달의 민족', '요기요']","['대학 근처', '편리한 상권', '공원', '학원가 근처']","['2호선', '5호선']"
43992682,0,0,0,0,"['지하철역', '세탁소', '카페', '약국', '대형마트', '편의점', '버스정류장']","['쿠팡', 'SSG', '마켓컬리', '배달의 민족', '요기요']","['역세권', '대학 근처', '편리한 상권', '공원', '학원가 근처']","['4호선', '우이신설경전철', '6호선']"
43992824,1,0,0,0,"['지하철역', '세탁소', '카페', '약국', '대형마트', '편의점', '버스정류장']","['쿠팡', 'SSG', '마켓컬리', '배달의 민족', '요기요']","['역세권', '편리한 상권', '쇼핑몰', '공원', '학원가 근처']","['중앙선', '경춘선', '7호선']"
43993058,1,0,0,0,"['지하철역', '세탁소', '카페', '약국', '대형마트', '편의점', '버스정류장']","['쿠팡', 'SSG', '마켓컬리', '배달의 민족', '요기요']","['역세권', '편리한 상권', '쇼핑몰', '공원', '학원가 근처']","['중앙선', '경춘선', '7호선']"
43995366,1,0,0,0,"['지하철역', '세탁소', '카페', '약국', '대형마트', '편의점', '버스정류장']","['쿠팡', 'SSG', '마켓컬리', '배달의 민족', '요기요']","['역세권', '편리한 상권', '쇼핑몰', '공원', '학원가 근처']","['6호선', '7호선']"
43995416,1,0,0,0,"['지하철역', '세탁소', '카페', '약국', '대형마트', '편의점', '버스정류장']","['쿠팡', 'SSG', '마켓컬리', '배달의 민족', '요기요']","['역세권', '편리한 상권', '쇼핑몰', '공원', '학원가 근처']","['1호선', '7호선']"
43997152,0,0,0,0,"['지하철역', '세탁소', '카페', '약국', '대형마트', '편의점', '버스정류장']","['쿠팡', 'SSG', '마켓컬리', '배달의 민족', '요기요']","['역세권', '편리한 상권', '공원', '학원가 근처']","['중앙선', '경춘선', '7호선']"
43997622,0,0,0,0,"['지하철역', '세탁소', '카페', '약국', '대형마트', '편의점', '버스정류장']","['쿠팡', 'SSG', '마켓컬리', '배달의 민족', '요기요']","['대학 근처', '편리한 상권', '공원', '학원가 근처']","['2호선', '7호선']"
43998615,1,0,0,0,"['지하철역', '세탁소', '카페', '약국', '대형마트', '편의점', '버스정류장']","['쿠팡', 'SSG', '마켓컬리', '배달의 민족', '요기요']","['편리한 상권', '공원', '산 근처', '학원가 근처']","['5호선', '7호선']"
43998929,1,0,0,0,"['지하철역', '세탁소', '카페', '약국', '대형마트', '편의점', '버스정류장']","['쿠팡', 'SSG', '마켓컬리', '배달의 민족', '요기요']","['역세권', '대학 근처', '편리한 상권', '공원', '학원가 근처']","['5호선', '7호선']"
43999630,0,0,0,0,"['지하철역', '세탁소', '카페', '약국', '대형마트', '편의점', '버스정류장']","['쿠팡', 'SSG', '마켓컬리', '배달의 민족', '요기요']","['역세권', '편리한 상권', '공원', '학원가 근처']","['1호선', '중앙선', '경춘선']"
44001607,0,0,0,0,"['지하철역', '세탁소', '카페', '약국', '대형마트', '편의점', '버스정류장']","['쿠팡', 'SSG', '마켓컬리', '배달의 민족', '요기요']","['대학 근처', '편리한 상권', '공원', '학원가 근처']","['2호선', '7호선']"
44001874,1,0,0,0,"['지하철역', '세탁소', '카페', '약국', '대형마트', '편의점', '버스정류장']","['쿠팡', 'SSG', '마켓컬리', '배달의 민족', '요기요']","['편리한 상권', '쇼핑몰', '공원', '학원가 근처']","['2호선', '7호선']"
44002116,1,0,0,0,"['지하철역', '세탁소', '카페', '약국', '대형마트', '편의점', '버스정류장']","['쿠팡', 'SSG', '마켓컬리', '배달의 민족', '요기요']","['역세권', '편리한 상권', '쇼핑몰', '공원', '산 근처', '학원가 근처']","['5호선', '7호선']"
44002276,0,0,0,0,"['지하철역', '세탁소', '카페', '약국', '대형마트', '편의점', '버스정류장']","['쿠팡', 'SSG', '마켓컬리', '배달의 민족', '요기요']","['역세권', '대학 근처', '편리한 상권', '공원', '학원가 근처']","['2호선', '수인분당선']"
44004983,0,0,0,0,"['지하철역', '세탁소', '카페', '약국', '대형마트', '편의점', '버스정류장']","['쿠팡', 'SSG', '마켓컬리', '배달의 민족', '요기요']","['더블 역세권', '편리한 상권', '공원', '학원가 근처']","['1호선', '우이신설경전철', '2호선', '6호선']"
44005639,1,0,0,0,"['지하철역', '세탁소', '카페', '약국', '대형마트', '편의점', '버스정류장']","['쿠팡', 'SSG', '마켓컬리', '배달의 민족', '요기요']","['역세권', '편리한 상권', '쇼핑몰', '공원', '학원가 근처']",['7호선']
44005650,1,0,0,0,"['지하철역', '세탁소', '카페', '약국', '대형마트', '편의점', '버스정류장']","['쿠팡', 'SSG', '마켓컬리', '배달의 민족', '요기요']","['역세권', '편리한 상권', '쇼핑몰', '공원', '학원가 근처']","['중앙선', '경춘선', '7호선']"
44005698,1,0,0,0,"['지하철역', '세탁소', '카페', '약국', '대형마트', '편의점', '버스정류장']","['쿠팡', 'SSG', '마켓컬리', '배달의 민족', '요기요']","['역세권', '편리한 상권', '공원', '학원가 근처']","['6호선', '7호선']"
44005715,1,0,0,0,"['지하철역', '세탁소', '카페', '약국', '대형마트', '편의점', '버스정류장']","['쿠팡', 'SSG', '마켓컬리', '배달의 민족', '요기요']","['대학 근처', '편리한 상권', '공원', '학원가 근처']","['2호선', '5호선', '7호선']"
44006071,0,0,0,0,"['지하철역', '세탁소', '카페', '약국', '대형마트', '편의점', '버스정류장']","['쿠팡', 'SSG', '마켓컬리', '배달의 민족', '요기요']","['역세권', '대학 근처', '편리한 상권', '쇼핑몰', '공원', '학원가 근처']","['1호선', '중앙선', '경춘선']"
44006215,0,0,0,0,"['지하철역', '세탁소', '카페', '약국', '대형마트', '편의점', '버스정류장']","['쿠팡', 'SSG', '마켓컬리', '배달의 민족', '요기요']","['편리한 상권', '공원', '학원가 근처']","['2호선', '7호선']"
44006263,0,0,0,0,"['지하철역', '세탁소', '카페', '약국', '대형마트', '편의점', '버스정류장']","['쿠팡', 'SSG', '마켓컬리', '배달의 민족', '요기요']","['역세권', '편리한 상권', '쇼핑몰', '공원', '학원가 근처']","['6호선', '7호선']"
44006747,0,0,0,0,"['지하철역', '세탁소', '카페', '약국', '대형마트', '편의점', '버스정류장']","['쿠팡', 'SSG', '마켓컬리', '배달의 민족', '요기요']","['역세권', '편리한 상권', '쇼핑몰', '공원', '학원가 근처']","['1호선', '7호선']"
44007119,0,0,0,0,"['지하철역', '세탁소', '카페', '약국', '대형마트', '편의점', '버스정류장']","['쿠팡', 'SSG', '마켓컬리', '배달의 민족', '요기요']","['대학 근처', '편리한 상권', '공원', '학원가 근처']","['2호선', '7호선']"
44008181,1,0,0,0,"['지하철역', '세탁소', '카페', '약국', '대형마트', '편의점', '버스정류장']","['쿠팡', 'SSG', '마켓컬리', '배달의 민족', '요기요']","['편리한 상권', '공원', '학원가 근처']","['2호선', '5호선']"
44008891,1,0,0,0,"['지하철역', '세탁소', '카페', '약국', '대형마트', '편의점', '버스정류장']","['쿠팡', 'SSG', '마켓컬리', '배달의 민족', '요기요']","['역세권', '대학 근처', '편리한 상권', '공원', '학원가 근처']","['4호선', '우이신설경전철', '6호선']"
44009407,0,0,0,0,"['지하철역', '세탁소', '카페', '약국', '대형마트', '편의점', '버스정류장']","['쿠팡', 'SSG', '마켓컬리', '배달의 민족', '요기요']","['편리한 상권', '공원', '학원가 근처']","['2호선', '7호선']"
44009550,1,0,0,0,"['지하철역', '세탁소', '카페', '약국', '대형마트', '편의점', '버스정류장']",[],[],"['5호선', '7호선']"
44012669,0,0,0,0,"['지하철역', '세탁소', '카페', '약국', '대형마트', '편의점', '버스정류장']","['쿠팡', 'SSG', '마켓컬리', '배달의 민족', '요기요']","['역세권', '편리한 상권', '공원', '학원가 근처']","['4호선', '2호선', '6호선', '5호선']"
44012889,1,0,0,0,"['지하철역', '세탁소', '카페', '약국', '대형마트', '편의점', '버스정류장']","['쿠팡', 'SSG', '마켓컬리', '배달의 민족', '요기요']","['역세권', '편리한 상권', '공원', '산 근처', '학원가 근처']","['5호선', '7호선']"
44013287,1,0,0,0,"['지하철역', '세탁소', '카페', '약국', '대형마트', '편의점', '버스정류장']","['쿠팡', 'SSG', '마켓컬리', '배달의 민족', '요기요']","['역세권', '편리한 상권', '쇼핑몰', '공원', '학원가 근처']","['중앙선', '경춘선', '7호선']"
44013585,0,0,0,0,"['지하철역', '세탁소', '카페', '약국', '대형마트', '편의점', '버스정류장']","['쿠팡', 'SSG', '마켓컬리', '배달의 민족', '요기요']","['역세권', '대학 근처', '편리한 상권', '공원', '학원가 근처']","['2호선', '7호선']"
44014551,0,0,0,0,"['지하철역', '세탁소', '카페', '약국', '대형마트', '편의점', '버스정류장']","['쿠팡', 'SSG', '마켓컬리', '배달의 민족', '요기요']","['대학 근처', '편리한 상권', '공원', '학원가 근처']","['1호선', '중앙선', '경춘선']"
44017046,1,0,0,0,"['지하철역', '세탁소', '카페', '약국', '대형마트', '편의점', '버스정류장']","['쿠팡', 'SSG', '마켓컬리', '배달의 민족', '요기요']","['더블 역세권', '편리한 상권', '공원', '학원가 근처']","['4호선', '2호선', '6호선', '5호선']"
44017623,0,0,0,0,"['지하철역', '세탁소', '카페', '약국', '대형마트', '편의점', '버스정류장']","['쿠팡', 'SSG', '마켓컬리', '배달의 민족', '요기요']","['역세권', '편리한 상권', '쇼핑몰', '공원', '학원가 근처']",['7호선']
44018314,1,0,0,0,"['지하철역', '세탁소', '카페', '약국', '대형마트', '편의점', '버스정류장']","['쿠팡', 'SSG', '마켓컬리', '배달의 민족', '요기요']","['역세권', '편리한 상권', '공원', '산 근처', '학원가 근처']",['7호선']
44018831,1,0,0,0,"['지하철역', '세탁소', '카페', '약국', '대형마트', '편의점', '버스정류장']","['쿠팡', 'SSG', '마켓컬리', '배달의 민족', '요기요']","['편리한 상권', '쇼핑몰', '공원', '학원가 근처']","['1호선', '우이신설경전철', '2호선', '6호선']"
44019487,1,0,0,0,"['지하철역', '세탁소', '카페', '약국', '대형마트', '편의점', '버스정류장']","['쿠팡', 'SSG', '마켓컬리', '배달의 민족', '요기요']","['역세권', '편리한 상권', '쇼핑몰', '공원', '산 근처', '학원가 근처']","['5호선', '7호선']"
44019511,0,0,0,0,"['지하철역', '세탁소', '카페', '약국', '대형마트', '편의점', '버스정류장']","['쿠팡', 'SSG', '마켓컬리', '배달의 민족', '요기요']","['역세권', '편리한 상권', '공원', '산 근처', '학원가 근처']","['5호선', '7호선']"
44019611,1,0,0,0,"['지하철역', '세탁소', '카페', '약국', '대형마트', '편의점', '버스정류장']","['쿠팡', 'SSG', '마켓컬리', '배달의 민족', '요기요']","['역세권', '대학 근처', '편리한 상권', '공원', '학원가 근처']",['우이신설경전철']
44019732,0,0,0,0,"['지하철역', '세탁소', '카페', '약국', '대형마트', '편의점', '버스정류장']","['쿠팡', 'SSG', '마켓컬리', '배달의 민족', '요기요']","['역세권', '대학 근처', '편리한 상권', '쇼핑몰', '공원', '학원가 근처']","['2호선', '7호선']"
44019770,1,0,0,0,"['지하철역', '세탁소', '카페', '약국', '대형마트', '편의점', '버스정류장']","['쿠팡', 'SSG', '마켓컬리', '배달의 민족', '요기요']","['역세권', '대학 근처', '편리한 상권', '공원', '학원가 근처']","['5호선', '7호선']"
44020031,0,0,0,0,"['지하철역', '세탁소', '카페', '약국', '대형마트', '편의점', '버스정류장']","['쿠팡', 'SSG', '마켓컬리', '배달의 민족', '요기요']","['대학 근처', '편리한 상권', '공원', '학원가 근처']","['1호선', '4호선', '6호선']"
44020062,1,0,0,0,"['지하철역', '세탁소', '카페', '약국', '대형마트', '편의점', '버스정류장']","['쿠팡', 'SSG', '마켓컬리', '배달의 민족', '요기요']","['역세권', '대학 근처', '편리한 상권', '공원', '학원가 근처']","['5호선', '7호선']"
44020097,1,0,0,0,"['지하철역', '세탁소', '카페', '약국', '대형마트', '편의점', '버스정류장']","['쿠팡', 'SSG', '마켓컬리', '배달의 민족', '요기요']","['역세권', '편리한 상권', '공원', '학원가 근처']","['1호선', '2호선', '6호선']"
44020460,1,0,0,0,"['지하철역', '세탁소', '카페', '약국', '대형마트', '편의점', '버스정류장']","['쿠팡', 'SSG', '마켓컬리', '배달의 민족', '요기요']","['역세권', '편리한 상권', '쇼핑몰', '공원', '산 근처', '학원가 근처']","['5호선', '7호선']"
44021172,0,0,0,0,"['지하철역', '세탁소', '카페', '약국', '대형마트', '편의점', '버스정류장']","['쿠팡', 'SSG', '마켓컬리', '배달의 민족', '요기요']","['역세권', '편리한 상권', '공원', '산 근처', '학원가 근처']","['5호선', '7호선']"
44021610,0,0,0,0,"['지하철역', '세탁소', '카페', '약국', '대형마트', '편의점', '버스정류장']","['쿠팡', 'SSG', '마켓컬리', '배달의 민족', '요기요']","['역세권', '편리한 상권', '쇼핑몰', '공원', '학원가 근처']","['중앙선', '경춘선', '7호선']"
44022064,1,0,0,0,"['지하철역', '세탁소', '카페', '약국', '대형마트', '편의점', '버스정류장']","['쿠팡', 'SSG', '마켓컬리', '배달의 민족', '요기요']","['역세권', '편리한 상권', '공원', '산 근처', '학원가 근처']","['중앙선', '경춘선', '7호선']"
44023055,1,0,0,0,"['지하철역', '세탁소', '카페', '약국', '대형마트', '편의점', '버스정류장']","['쿠팡', 'SSG', '마켓컬리', '배달의 민족', '요기요']","['역세권', '편리한 상권', '쇼핑몰', '공원', '학원가 근처']","['중앙선', '경춘선', '7호선']"
44023229,1,0,0,0,"['지하철역', '세탁소', '카페', '약국', '대형마트', '편의점', '버스정류장']","['쿠팡', 'SSG', '마켓컬리', '배달의 민족', '요기요']","['역세권', '대학 근처', '편리한 상권', '공원', '학원가 근처']","['1호선', '6호선']"
44027408,0,0,0,0,"['지하철역', '세탁소', '카페', '약국', '대형마트', '편의점', '버스정류장']","['쿠팡', 'SSG', '마켓컬리', '배달의 민족', '요기요']","['편리한 상권', '공원', '학원가 근처']","['2호선', '7호선']"
44027721,1,0,0,0,"['지하철역', '세탁소', '카페', '약국', '대형마트', '편의점', '버스정류장']","['쿠팡', 'SSG', '마켓컬리', '배달의 민족', '요기요']","['대학 근처', '편리한 상권', '공원', '학원가 근처']","['4호선', '우이신설경전철', '6호선']"
44028118,0,0,0,0,"['지하철역', '세탁소', '카페', '약국', '대형마트', '편의점', '버스정류장']","['쿠팡', 'SSG', '마켓컬리', '배달의 민족', '요기요']","['역세권', '편리한 상권', '공원', '학원가 근처']","['1호선', '중앙선', '경춘선', '7호선']"
44028150,1,0,0,0,"['지하철역', '세탁소', '카페', '약국', '대형마트', '편의점', '버스정류장']","['쿠팡', 'SSG', '마켓컬리', '배달의 민족', '요기요']","['편리한 상권', '쇼핑몰', '공원', '학원가 근처']","['2호선', '7호선']"
44029114,1,0,0,0,"['지하철역', '세탁소', '카페', '약국', '대형마트', '편의점', '버스정류장']","['쿠팡', 'SSG', '마켓컬리', '배달의 민족', '요기요']","['편리한 상권', '공원', '학원가 근처']","['중앙선', '경춘선', '1호선', '6호선', '수인분당선']"
44029300,1,0,0,0,"['지하철역', '세탁소', '카페', '약국', '대형마트', '편의점', '버스정류장']","['쿠팡', 'SSG', '마켓컬리', '배달의 민족', '요기요']","['더블 역세권', '편리한 상권', '공원', '학원가 근처']","['2호선', '수인분당선']"
44031005,0,0,0,0,"['지하철역', '세탁소', '카페', '약국', '대형마트', '편의점', '버스정류장']","['쿠팡', 'SSG', '마켓컬리', '배달의 민족', '요기요']","['편리한 상권', '공원', '산 근처', '학원가 근처']",['7호선']
44031076,0,0,0,0,"['지하철역', '세탁소', '카페', '약국', '대형마트', '편의점', '버스정류장']","['쿠팡', 'SSG', '마켓컬리', '배달의 민족', '요기요']","['더블 역세권', '편리한 상권', '공원', '학원가 근처']",['7호선']
44031614,1,0,0,1,"['지하철역', '세탁소', '카페', '약국', '대형마트', '편의점', '버스정류장']","['쿠팡', 'SSG', '마켓컬리', '배달의 민족', '요기요']","['역세권', '편리한 상권', '공원', '산 근처', '학원가 근처']",['7호선']
44031950,1,0,0,0,"['지하철역', '세탁소', '카페', '약국', '대형마트', '편의점', '버스정류장']","['쿠팡', 'SSG', '마켓컬리', '배달의 민족', '요기요']","['역세권', '편리한 상권', '공원', '학원가 근처']","['중앙선', '경춘선', '7호선']"
44032089,0,0,0,0,"['지하철역', '세탁소', '카페', '약국', '대형마트', '편의점', '버스정류장']","['쿠팡', 'SSG', '마켓컬리', '배달의 민족', '요기요']","['역세권', '편리한 상권', '쇼핑몰', '공원', '학원가 근처']","['2호선', '수인분당선']"
44032242,1,0,0,1,"['지하철역', '세탁소', '카페', '약국', '대형마트', '편의점', '버스정류장']","['쿠팡', 'SSG', '마켓컬리', '배달의 민족', '요기요']","['역세권', '대학 근처', '편리한 상권', '공원', '학원가 근처']","['2호선', '7호선']"
44032661,1,0,0,0,"['지하철역', '세탁소', '카페', '약국', '대형마트', '편의점', '버스정류장']","['쿠팡', 'SSG', '마켓컬리', '배달의 민족', '요기요']","['편리한 상권', '공원', '산 근처', '학원가 근처']","['5호선', '7호선']"
44033920,0,0,0,0,"['지하철역', '세탁소', '카페', '약국', '대형마트', '편의점', '버스정류장']","['쿠팡', 'SSG', '마켓컬리', '배달의 민족', '요기요']","['편리한 상권', '공원', '산 근처', '학원가 근처']","['5호선', '7호선']"
44034332,1,0,0,0,"['지하철역', '세탁소', '카페', '약국', '대형마트', '편의점', '버스정류장']","['쿠팡', 'SSG', '마켓컬리', '배달의 민족', '요기요']","['편리한 상권', '공원', '산 근처', '학원가 근처']",['우이신설경전철']
44034371,1,0,0,0,"['지하철역', '세탁소', '카페', '약국', '대형마트', '편의점', '버스정류장']","['쿠팡', 'SSG', '마켓컬리', '배달의 민족', '요기요']","['편리한 상권', '쇼핑몰', '학원가 근처']","['1호선', '7호선']"
44034415,1,0,0,0,"['지하철역', '세탁소', '카페', '약국', '대형마트', '편의점', '버스정류장']","['쿠팡', 'SSG', '마켓컬리', '배달의 민족', '요기요']","['역세권', '편리한 상권', '공원', '학원가 근처']","['중앙선', '경춘선', '7호선']"
44034544,1,0,0,0,"['지하철역', '세탁소', '카페', '약국', '대형마트', '편의점', '버스정류장']","['쿠팡', 'SSG', '마켓컬리', '배달의 민족', '요기요']","['역세권', '편리한 상권', '공원', '학원가 근처']","['중앙선', '경춘선', '7호선']"
44035198,1,0,0,0,"['지하철역', '세탁소', '카페', '약국', '대형마트', '편의점', '버스정류장']","['쿠팡', 'SSG', '마켓컬리', '배달의 민족', '요기요']","['편리한 상권', '공원', '산 근처', '학원가 근처']","['5호선', '7호선']"
44036469,1,0,0,0,"['지하철역', '세탁소', '카페', '약국', '대형마트', '편의점', '버스정류장']","['쿠팡', 'SSG', '마켓컬리', '배달의 민족', '요기요']","['편리한 상권', '공원', '학원가 근처']","['2호선', '5호선']"
44036498,1,0,0,0,"['지하철역', '세탁소', '카페', '약국', '대형마트', '편의점', '버스정류장']","['쿠팡', 'SSG', '마켓컬리', '배달의 민족', '요기요']","['대학 근처', '편리한 상권', '공원', '학원가 근처']","['5호선', '7호선']"
44036931,1,0,0,0,"['지하철역', '세탁소', '카페', '약국', '대형마트', '편의점', '버스정류장']","['쿠팡', 'SSG', '마켓컬리', '배달의 민족', '요기요']","['역세권', '대학 근처', '편리한 상권', '공원', '학원가 근처']","['5호선', '7호선']"
44039525,1,0,0,0,"['지하철역', '세탁소', '카페', '약국', '대형마트', '편의점', '버스정류장']","['쿠팡', 'SSG', '마켓컬리', '배달의 민족', '요기요']","['대학 근처', '편리한 상권', '쇼핑몰', '공원', '학원가 근처']","['2호선', '중앙선', '경춘선', '1호선', '수인분당선']"
44040099,0,0,0,0,"['지하철역', '세탁소', '카페', '약국', '대형마트', '편의점', '버스정류장']","['쿠팡', 'SSG', '마켓컬리', '배달의 민족', '요기요']","['편리한 상권', '공원', '학원가 근처']","['2호선', '7호선']"
44040128,0,0,0,1,"['지하철역', '세탁소', '카페', '약국', '대형마트', '편의점', '버스정류장']","['쿠팡', 'SSG', '마켓컬리', '배달의 민족', '요기요']","['편리한 상권', '공원', '학원가 근처']","['2호선', '7호선']"
44040249,1,0,0,0,"['지하철역', '세탁소', '카페', '약국', '대형마트', '편의점', '버스정류장']","['쿠팡', 'SSG', '마켓컬리', '배달의 민족', '요기요']","['역세권', '편리한 상권', '공원', '학원가 근처']","['중앙선', '경춘선', '7호선']"
44040340,1,1,0,1,"['지하철역', '세탁소', '카페', '약국', '대형마트', '편의점', '버스정류장']","['쿠팡', 'SSG', '마켓컬리', '배달의 민족', '요기요']","['역세권', '대학 근처', '편리한 상권', '공원', '학원가 근처']",['6호선']
44040524,1,0,0,0,"['지하철역', '세탁소', '카페', '약국', '대형마트', '편의점', '버스정류장']","['쿠팡', 'SSG', '마켓컬리', '배달의 민족', '요기요']","['편리한 상권', '쇼핑몰', '공원', '학원가 근처']","['중앙선', '6호선']"
44041299,1,0,0,0,"['지하철역', '세탁소', '카페', '약국', '대형마트', '편의점', '버스정류장']","['쿠팡', 'SSG', '마켓컬리', '배달의 민족', '요기요']","['편리한 상권', '공원', '학원가 근처']","['5호선', '7호선']"
44041334,1,0,0,0,"['지하철역', '세탁소', '카페', '약국', '대형마트', '편의점', '버스정류장']","['쿠팡', 'SSG', '마켓컬리', '배달의 민족', '요기요']","['역세권', '편리한 상권', '공원', '산 근처', '학원가 근처']","['중앙선', '경춘선', '7호선']"
44041347,1,0,0,0,"['지하철역', '세탁소', '카페', '약국', '대형마트', '편의점', '버스정류장']","['쿠팡', 'SSG', '마켓컬리', '배달의 민족', '요기요']","['대학 근처', '편리한 상권', '공원', '학원가 근처']","['2호선', '7호선']"
44041822,1,0,0,0,"['지하철역', '세탁소', '카페', '약국', '대형마트', '편의점', '버스정류장']","['쿠팡', 'SSG', '마켓컬리', '배달의 민족', '요기요']","['역세권', '편리한 상권', '쇼핑몰', '공원', '학원가 근처']","['중앙선', '경춘선', '7호선']"
44041929,1,0,0,0,"['지하철역', '세탁소', '카페', '약국', '대형마트', '편의점', '버스정류장']","['쿠팡', 'SSG', '마켓컬리', '배달의 민족', '요기요']","['역세권', '편리한 상권', '쇼핑몰', '공원', '학원가 근처']","['중앙선', '경춘선', '7호선']"
44043654,0,0,0,0,"['지하철역', '세탁소', '카페', '약국', '대형마트', '편의점', '버스정류장']","['쿠팡', 'SSG', '마켓컬리', '배달의 민족', '요기요']","['역세권', '대학 근처', '편리한 상권', '쇼핑몰', '공원', '학원가 근처']","['2호선', '7호선']"
44044286,1,0,0,0,"['지하철역', '세탁소', '카페', '약국', '대형마트', '편의점', '버스정류장']",[],[],"['5호선', '7호선']"
44044382,0,0,0,0,"['지하철역', '세탁소', '카페', '약국', '대형마트', '편의점', '버스정류장']","['쿠팡', 'SSG', '마켓컬리', '배달의 민족', '요기요']","['더블 역세권', '편리한 상권', '공원', '학원가 근처']","['1호선', '4호선', '6호선']"
44044418,0,0,0,0,"['지하철역', '세탁소', '카페', '약국', '대형마트', '편의점', '버스정류장']","['쿠팡', 'SSG', '마켓컬리', '배달의 민족', '요기요']","['역세권', '대학 근처', '편리한 상권', '공원', '학원가 근처']",['6호선']
44045944,1,0,0,1,"['지하철역', '세탁소', '카페', '약국', '대형마트', '편의점', '버스정류장']","['쿠팡', 'SSG', '마켓컬리', '배달의 민족', '요기요']","['편리한 상권', '공원', '학원가 근처']","['2호선', '5호선']"
44046080,1,0,0,1,"['지하철역', '세탁소', '카페', '약국', '대형마트', '편의점', '버스정류장']","['쿠팡', 'SSG', '마켓컬리', '배달의 민족', '요기요']","['편리한 상권', '공원', '학원가 근처']","['2호선', '5호선']"
44046814,0,0,0,0,"['지하철역', '세탁소', '카페', '약국', '대형마트', '편의점', '버스정류장']","['쿠팡', 'SSG', '마켓컬리', '배달의 민족', '요기요']","['역세권', '대학 근처', '편리한 상권', '공원', '학원가 근처']","['1호선', '중앙선', '경춘선']"
44047182,0,0,0,0,"['지하철역', '세탁소', '카페', '약국', '대형마트', '편의점', '버스정류장']","['쿠팡', 'SSG', '마켓컬리', '배달의 민족', '요기요']","['편리한 상권', '쇼핑몰', '공원', '산 근처', '학원가 근처']","['5호선', '7호선']"
44048384,0,0,0,0,"['지하철역', '세탁소', '카페', '약국', '대형마트', '편의점', '버스정류장']","['쿠팡', 'SSG', '마켓컬리', '배달의 민족', '요기요']","['역세권', '편리한 상권', '쇼핑몰', '공원', '학원가 근처']","['중앙선', '경춘선', '7호선']"
44048419,1,0,0,0,"['지하철역', '세탁소', '카페', '약국', '대형마트', '편의점', '버스정류장']","['쿠팡', 'SSG', '마켓컬리', '배달의 민족', '요기요']","['편리한 상권', '쇼핑몰', '공원', '학원가 근처']","['중앙선', '경춘선', '7호선']"
44048987,0,0,0,0,"['지하철역', '세탁소', '카페', '약국', '대형마트', '편의점', '버스정류장']","['쿠팡', 'SSG', '마켓컬리', '배달의 민족', '요기요']","['더블 역세권', '편리한 상권', '쇼핑몰', '공원', '학원가 근처']","['6호선', '7호선']"
44049120,1,0,0,0,"['지하철역', '세탁소', '카페', '약국', '대형마트', '편의점', '버스정류장']",[],[],"['1호선', '6호선']"
44049454,1,0,0,0,"['지하철역', '세탁소', '카페', '약국', '대형마트', '편의점', '버스정류장']","['쿠팡', 'SSG', '마켓컬리', '배달의 민족', '요기요']","['역세권', '편리한 상권', '공원', '학원가 근처']","['1호선', '우이신설경전철', '2호선', '6호선']"
44049571,0,0,0,0,"['지하철역', '세탁소', '카페', '약국', '대형마트', '편의점', '버스정류장']","['쿠팡', 'SSG', '마켓컬리', '배달의 민족', '요기요']","['편리한 상권', '학원가 근처']","['1호선', '6호선']"
44049747,1,1,0,1,"['지하철역', '세탁소', '카페', '약국', '대형마트', '편의점', '버스정류장']","['쿠팡', 'SSG', '마켓컬리', '배달의 민족', '요기요']","['편리한 상권', '공원', '학원가 근처']","['중앙선', '경춘선', '7호선']"
44049805,1,0,0,0,"['지하철역', '세탁소', '카페', '약국', '대형마트', '편의점', '버스정류장']","['쿠팡', 'SSG', '마켓컬리', '배달의 민족', '요기요']","['편리한 상권', '공원', '학원가 근처']",['5호선']
44050126,1,0,0,0,"['지하철역', '세탁소', '카페', '약국', '대형마트', '편의점', '버스정류장']","['쿠팡', 'SSG', '마켓컬리', '배달의 민족', '요기요']","['역세권', '편리한 상권', '공원', '산 근처', '학원가 근처']","['우이신설경전철', '4호선', '6호선']"
44050335,1,1,0,0,"['지하철역', '세탁소', '카페', '약국', '대형마트', '편의점', '버스정류장']","['쿠팡', 'SSG', '마켓컬리', '배달의 민족', '요기요']","['편리한 상권', '공원', '학원가 근처']","['중앙선', '경춘선', '7호선']"
44050410,0,0,0,0,"['지하철역', '세탁소', '카페', '약국', '대형마트', '편의점', '버스정류장']","['쿠팡', 'SSG', '마켓컬리', '배달의 민족', '요기요']","['역세권', '대학 근처', '편리한 상권', '쇼핑몰', '공원', '학원가 근처']","['1호선', '중앙선', '경춘선']"
44050526,0,0,0,0,"['지하철역', '세탁소', '카페', '약국', '대형마트', '편의점', '버스정류장']","['쿠팡', 'SSG', '마켓컬리', '배달의 민족', '요기요']","['역세권', '대학 근처', '편리한 상권', '공원', '학원가 근처']","['4호선', '6호선']"
44050534,1,0,0,1,"['지하철역', '세탁소', '카페', '약국', '대형마트', '편의점', '버스정류장']","['쿠팡', 'SSG', '마켓컬리', '배달의 민족', '요기요']","['대학 근처', '편리한 상권', '공원', '학원가 근처']","['2호선', '7호선']"
44050776,1,0,0,0,"['지하철역', '세탁소', '카페', '약국', '대형마트', '편의점', '버스정류장']","['쿠팡', 'SSG', '마켓컬리', '배달의 민족', '요기요']","['역세권', '편리한 상권', '공원', '산 근처', '학원가 근처']",['7호선']
44050931,1,0,0,0,"['지하철역', '세탁소', '카페', '약국', '대형마트', '편의점', '버스정류장']","['쿠팡', 'SSG', '마켓컬리', '배달의 민족', '요기요']","['역세권', '편리한 상권', '공원', '학원가 근처']","['중앙선', '경춘선', '7호선']"
44051008,0,0,0,0,"['지하철역', '세탁소', '카페', '약국', '대형마트', '편의점', '버스정류장']","['쿠팡', 'SSG', '마켓컬리', '배달의 민족', '요기요']","['역세권', '대학 근처', '편리한 상권', '공원', '학원가 근처']","['1호선', '중앙선', '경춘선']"
44051141,1,0,0,0,"['지하철역', '세탁소', '카페', '약국', '대형마트', '편의점', '버스정류장']","['쿠팡', 'SSG', '마켓컬리', '배달의 민족', '요기요']","['역세권', '편리한 상권', '공원', '학원가 근처']","['1호선', '중앙선', '경춘선']"
44051426,0,0,0,0,"['지하철역', '세탁소', '카페', '약국', '대형마트', '편의점', '버스정류장']","['쿠팡', 'SSG', '마켓컬리', '배달의 민족', '요기요']","['역세권', '대학 근처', '편리한 상권', '공원', '학원가 근처']","['2호선', '7호선']"
44051444,0,0,0,0,"['지하철역', '세탁소', '카페', '약국', '대형마트', '편의점', '버스정류장']","['쿠팡', 'SSG', '마켓컬리', '배달의 민족', '요기요']","['역세권', '대학 근처', '편리한 상권', '공원', '학원가 근처']","['우이신설경전철', '6호선']"
44051465,0,0,0,0,"['지하철역', '세탁소', '카페', '약국', '대형마트', '편의점', '버스정류장']","['쿠팡', 'SSG', '마켓컬리', '배달의 민족', '요기요']","['편리한 상권', '쇼핑몰', '공원', '학원가 근처']","['중앙선', '경춘선', '7호선']"
44051524,0,0,0,0,"['지하철역', '세탁소', '카페', '약국', '대형마트', '편의점', '버스정류장']","['쿠팡', 'SSG', '마켓컬리', '배달의 민족', '요기요']","['역세권', '대학 근처', '편리한 상권', '공원', '학원가 근처']","['2호선', '5호선']"
44051647,0,0,0,0,"['지하철역', '세탁소', '카페', '약국', '대형마트', '편의점', '버스정류장']","['쿠팡', 'SSG', '마켓컬리', '배달의 민족', '요기요']","['역세권', '편리한 상권', '공원', '학원가 근처']","['2호선', '5호선']"
44052428,1,0,0,0,"['지하철역', '세탁소', '카페', '약국', '대형마트', '편의점', '버스정류장']","['쿠팡', 'SSG', '마켓컬리', '배달의 민족', '요기요']","['역세권', '편리한 상권', '공원', '산 근처', '학원가 근처']",['7호선']
44056956,1,0,0,0,"['지하철역', '세탁소', '카페', '약국', '대형마트', '편의점', '버스정류장']","['쿠팡', 'SSG', '마켓컬리', '배달의 민족', '요기요']","['역세권', '편리한 상권', '쇼핑몰', '공원', '학원가 근처']","['중앙선', '경춘선', '7호선']"
44058277,0,1,0,1,"['지하철역', '세탁소', '카페', '약국', '대형마트', '편의점', '버스정류장']","['쿠팡', 'SSG', '마켓컬리', '배달의 민족', '요기요']","['역세권', '편리한 상권', '공원', '학원가 근처']","['1호선', '중앙선', '경춘선', '7호선']"
44058611,1,0,0,0,"['지하철역', '세탁소', '카페', '약국', '대형마트', '편의점', '버스정류장']","['쿠팡', 'SSG', '마켓컬리', '배달의 민족', '요기요']","['역세권', '편리한 상권', '쇼핑몰', '공원', '산 근처', '학원가 근처']","['5호선', '7호선']"
44059342,1,0,0,0,"['지하철역', '세탁소', '카페', '약국', '대형마트', '편의점', '버스정류장']","['쿠팡', 'SSG', '마켓컬리', '배달의 민족', '요기요']","['편리한 상권', '공원', '학원가 근처']","['5호선', '7호선']"
44059596,0,0,0,0,"['지하철역', '세탁소', '카페', '약국', '대형마트', '편의점', '버스정류장']","['쿠팡', 'SSG', '마켓컬리', '배달의 민족', '요기요']","['역세권', '편리한 상권', '쇼핑몰', '공원', '산 근처', '학원가 근처']","['5호선', '7호선']"
44060708,0,0,0,0,"['지하철역', '세탁소', '카페', '약국', '대형마트', '편의점', '버스정류장']","['쿠팡', 'SSG', '마켓컬리', '배달의 민족', '요기요']","['편리한 상권', '쇼핑몰', '공원', '학원가 근처']","['2호선', '7호선']"
44060792,1,0,0,0,"['지하철역', '세탁소', '카페', '약국', '대형마트', '편의점', '버스정류장']","['쿠팡', 'SSG', '마켓컬리', '배달의 민족', '요기요']","['역세권', '편리한 상권', '쇼핑몰', '공원', '학원가 근처']","['6호선', '7호선']"
44061340,1,0,0,0,"['지하철역', '세탁소', '카페', '약국', '대형마트', '편의점', '버스정류장']","['쿠팡', 'SSG', '마켓컬리', '배달의 민족', '요기요']","['편리한 상권', '쇼핑몰', '공원', '학원가 근처']","['2호선', '7호선']"
44062097,0,0,0,0,"['지하철역', '세탁소', '카페', '약국', '대형마트', '편의점', '버스정류장']","['쿠팡', 'SSG', '마켓컬리', '배달의 민족', '요기요']","['역세권', '대학 근처', '편리한 상권', '공원', '학원가 근처']","['4호선', '우이신설경전철', '6호선']"
44062447,0,0,0,0,"['지하철역', '세탁소', '카페', '약국', '대형마트', '편의점', '버스정류장']","['쿠팡', 'SSG', '마켓컬리', '배달의 민족', '요기요']","['역세권', '대학 근처', '편리한 상권', '공원', '학원가 근처']","['4호선', '우이신설경전철', '6호선']"
44062630,1,0,0,0,"['지하철역', '세탁소', '카페', '약국', '대형마트', '편의점', '버스정류장']","['쿠팡', 'SSG', '마켓컬리', '배달의 민족', '요기요']","['대학 근처', '편리한 상권', '공원', '학원가 근처']","['5호선', '7호선']"
44062775,0,0,0,0,"['지하철역', '세탁소', '카페', '약국', '대형마트', '편의점', '버스정류장']","['쿠팡', 'SSG', '마켓컬리', '배달의 민족', '요기요']","['더블 역세권', '편리한 상권', '공원', '학원가 근처']","['중앙선', '2호선', '5호선', '수인분당선']"
44063356,1,0,0,0,"['지하철역', '세탁소', '카페', '약국', '대형마트', '편의점', '버스정류장']","['쿠팡', 'SSG', '마켓컬리', '배달의 민족', '요기요']","['역세권', '편리한 상권', '산 근처', '학원가 근처']","['우이신설경전철', '4호선']"
44064126,1,0,0,0,"['지하철역', '세탁소', '카페', '약국', '대형마트', '편의점', '버스정류장']","['쿠팡', 'SSG', '마켓컬리', '배달의 민족', '요기요']","['역세권', '편리한 상권', '공원', '학원가 근처']","['1호선', '중앙선', '경춘선', '7호선']"
44065468,1,0,0,0,"['지하철역', '세탁소', '카페', '약국', '대형마트', '편의점', '버스정류장']","['쿠팡', 'SSG', '마켓컬리', '배달의 민족', '요기요']","['역세권', '편리한 상권', '공원', '학원가 근처']","['중앙선', '경춘선', '7호선']"
44065688,1,0,0,0,"['지하철역', '세탁소', '카페', '약국', '대형마트', '편의점', '버스정류장']","['쿠팡', 'SSG', '마켓컬리', '배달의 민족', '요기요']","['역세권', '편리한 상권', '쇼핑몰', '공원', '학원가 근처']","['중앙선', '2호선', '5호선', '수인분당선']"
44065794,0,0,0,0,"['지하철역', '세탁소', '카페', '약국', '대형마트', '편의점', '버스정류장']","['쿠팡', 'SSG', '마켓컬리', '배달의 민족', '요기요']","['역세권', '편리한 상권', '쇼핑몰', '공원', '학원가 근처']","['중앙선', '경춘선', '7호선']"
44065898,1,0,0,0,"['지하철역', '세탁소', '카페', '약국', '대형마트', '편의점', '버스정류장']","['쿠팡', 'SSG', '마켓컬리', '배달의 민족', '요기요']","['역세권', '편리한 상권', '공원', '학원가 근처']","['6호선', '7호선']"
44066266,1,0,0,0,"['지하철역', '세탁소', '카페', '약국', '대형마트', '편의점', '버스정류장']","['쿠팡', 'SSG', '마켓컬리', '배달의 민족', '요기요']","['편리한 상권', '쇼핑몰', '공원', '학원가 근처']","['2호선', '7호선']"
44066686,1,0,0,0,"['지하철역', '세탁소', '카페', '약국', '대형마트', '편의점', '버스정류장']","['쿠팡', 'SSG', '마켓컬리', '배달의 민족', '요기요']","['역세권', '대학 근처', '편리한 상권', '공원', '학원가 근처']","['1호선', '우이신설경전철', '2호선', '6호선']"
44066922,1,0,0,0,"['지하철역', '세탁소', '카페', '약국', '대형마트', '편의점', '버스정류장']","['쿠팡', 'SSG', '마켓컬리', '배달의 민족', '요기요']","['편리한 상권', '공원', '학원가 근처']","['2호선', '5호선', '7호선']"
44067518,1,0,0,0,"['지하철역', '세탁소', '카페', '약국', '대형마트', '편의점', '버스정류장']","['쿠팡', 'SSG', '마켓컬리', '배달의 민족', '요기요']","['역세권', '편리한 상권', '쇼핑몰', '공원', '학원가 근처']",['7호선']
44067519,1,0,0,0,"['지하철역', '세탁소', '카페', '약국', '대형마트', '편의점', '버스정류장']","['쿠팡', 'SSG', '마켓컬리', '배달의 민족', '요기요']","['편리한 상권', '공원', '산 근처', '학원가 근처']","['5호선', '7호선']"
44068275,1,0,0,0,"['지하철역', '세탁소', '카페', '약국', '대형마트', '편의점', '버스정류장']","['쿠팡', 'SSG', '마켓컬리', '배달의 민족', '요기요']","['편리한 상권', '공원', '산 근처', '학원가 근처']","['4호선', '우이신설경전철', '6호선']"
44069571,1,0,0,0,"['지하철역', '세탁소', '카페', '약국', '대형마트', '편의점', '버스정류장']","['쿠팡', 'SSG', '마켓컬리', '배달의 민족', '요기요']","['편리한 상권', '공원', '산 근처', '학원가 근처']","['5호선', '7호선']"
44071501,1,0,0,0,"['지하철역', '세탁소', '카페', '약국', '대형마트', '편의점', '버스정류장']","['쿠팡', 'SSG', '마켓컬리', '배달의 민족', '요기요']","['대학 근처', '편리한 상권', '쇼핑몰', '공원', '학원가 근처']","['2호선', '7호선']"
44071613,1,0,0,0,"['지하철역', '세탁소', '카페', '약국', '대형마트', '편의점', '버스정류장']","['쿠팡', 'SSG', '마켓컬리', '배달의 민족', '요기요']","['편리한 상권', '쇼핑몰', '공원', '산 근처', '학원가 근처']","['5호선', '7호선']"
44072211,0,0,0,0,"['지하철역', '세탁소', '카페', '약국', '대형마트', '편의점', '버스정류장']","['쿠팡', 'SSG', '마켓컬리', '배달의 민족', '요기요']","['역세권', '대학 근처', '편리한 상권', '공원', '학원가 근처']","['4호선', '6호선']"
44073367,1,0,0,0,"['지하철역', '세탁소', '카페', '약국', '대형마트', '편의점', '버스정류장']","['쿠팡', 'SSG', '마켓컬리', '배달의 민족', '요기요']","['역세권', '편리한 상권', '공원', '학원가 근처']","['6호선', '7호선']"
44073481,1,0,0,0,"['지하철역', '세탁소', '카페', '약국', '대형마트', '편의점', '버스정류장']","['쿠팡', 'SSG', '마켓컬리', '배달의 민족', '요기요']","['역세권', '대학 근처', '편리한 상권', '산 근처', '학원가 근처']","['우이신설경전철', '4호선', '6호선']"
44074212,1,0,0,0,"['지하철역', '세탁소', '카페', '약국', '대형마트', '편의점', '버스정류장']","['쿠팡', 'SSG', '마켓컬리', '배달의 민족', '요기요']","['더블 역세권', '편리한 상권', '쇼핑몰', '공원', '학원가 근처']","['중앙선', '경춘선', '7호선']"
44074253,0,0,0,0,"['지하철역', '세탁소', '카페', '약국', '대형마트', '편의점', '버스정류장']","['쿠팡', 'SSG', '마켓컬리', '배달의 민족', '요기요']","['역세권', '대학 근처', '편리한 상권', '공원', '학원가 근처']","['2호선', '7호선']"
44074424,1,0,0,0,"['지하철역', '세탁소', '카페', '약국', '대형마트', '편의점', '버스정류장']","['쿠팡', 'SSG', '마켓컬리', '배달의 민족', '요기요']","['더블 역세권', '편리한 상권', '쇼핑몰', '공원', '학원가 근처']","['중앙선', '경춘선', '7호선']"
44075108,1,0,0,0,"['지하철역', '세탁소', '카페', '약국', '대형마트', '편의점', '버스정류장']","['쿠팡', 'SSG', '마켓컬리', '배달의 민족', '요기요']","['역세권', '대학 근처', '편리한 상권', '공원', '학원가 근처']","['2호선', '5호선', '7호선']"
44075163,1,0,0,0,"['지하철역', '세탁소', '카페', '약국', '대형마트', '편의점', '버스정류장']","['쿠팡', 'SSG', '마켓컬리', '배달의 민족', '요기요']","['역세권', '편리한 상권', '쇼핑몰', '공원', '학원가 근처']",['7호선']
44075324,1,0,0,0,"['지하철역', '세탁소', '카페', '약국', '대형마트', '편의점', '버스정류장']","['쿠팡', 'SSG', '마켓컬리', '배달의 민족', '요기요']","['더블 역세권', '편리한 상권', '공원', '산 근처', '학원가 근처']",['7호선']
44076299,1,0,0,0,"['지하철역', '세탁소', '카페', '약국', '대형마트', '편의점', '버스정류장']","['쿠팡', 'SSG', '마켓컬리', '배달의 민족', '요기요']","['편리한 상권', '공원', '산 근처', '학원가 근처']","['5호선', '7호선']"
44076753,1,0,0,0,"['지하철역', '세탁소', '카페', '약국', '대형마트', '편의점', '버스정류장']","['쿠팡', 'SSG', '마켓컬리', '배달의 민족', '요기요']","['편리한 상권', '공원', '학원가 근처']","['중앙선', '경춘선', '7호선']"
44077021,1,0,0,0,"['지하철역', '세탁소', '카페', '약국', '대형마트', '편의점', '버스정류장']","['쿠팡', 'SSG', '마켓컬리', '배달의 민족', '요기요']","['편리한 상권', '공원', '학원가 근처']","['중앙선', '경춘선', '7호선']"
44078070,1,0,0,0,"['지하철역', '세탁소', '카페', '약국', '대형마트', '편의점', '버스정류장']","['쿠팡', 'SSG', '마켓컬리', '배달의 민족', '요기요']","['역세권', '대학 근처', '편리한 상권', '공원', '산 근처', '학원가 근처']","['우이신설경전철', '4호선']"
44078305,1,0,0,0,"['지하철역', '세탁소', '카페', '약국', '대형마트', '편의점', '버스정류장']","['쿠팡', 'SSG', '마켓컬리', '배달의 민족', '요기요']","['대학 근처', '편리한 상권', '쇼핑몰', '공원', '학원가 근처']","['2호선', '7호선']"
44078668,0,0,0,0,"['지하철역', '세탁소', '카페', '약국', '대형마트', '편의점', '버스정류장']","['쿠팡', 'SSG', '마켓컬리', '배달의 민족', '요기요']","['역세권', '편리한 상권', '쇼핑몰', '공원', '학원가 근처']","['6호선', '7호선']"
44079181,1,0,0,0,"['지하철역', '세탁소', '카페', '약국', '대형마트', '편의점', '버스정류장']",[],[],"['2호선', '7호선']"
44079290,1,0,0,0,"['지하철역', '세탁소', '카페', '약국', '대형마트', '편의점', '버스정류장']","['쿠팡', 'SSG', '마켓컬리', '배달의 민족', '요기요']","['편리한 상권', '공원', '산 근처', '학원가 근처']","['우이신설경전철', '4호선']"
44079572,0,0,0,0,"['지하철역', '세탁소', '카페', '약국', '대형마트', '편의점', '버스정류장']","['쿠팡', 'SSG', '마켓컬리', '배달의 민족', '요기요']","['역세권', '편리한 상권', '공원', '산 근처', '학원가 근처']","['5호선', '7호선']"
44082328,0,0,0,0,"['지하철역', '세탁소', '카페', '약국', '대형마트', '편의점', '버스정류장']","['쿠팡', 'SSG', '마켓컬리', '배달의 민족', '요기요']","['역세권', '대학 근처', '편리한 상권', '공원', '학원가 근처']","['2호선', '7호선']"
44082602,0,0,0,0,"['지하철역', '세탁소', '카페', '약국', '대형마트', '편의점', '버스정류장']","['쿠팡', 'SSG', '마켓컬리', '배달의 민족', '요기요']","['역세권', '편리한 상권', '공원', '학원가 근처']","['2호선', '7호선']"
44083286,0,0,0,0,"['지하철역', '세탁소', '카페', '약국', '대형마트', '편의점', '버스정류장']","['쿠팡', 'SSG', '마켓컬리', '배달의 민족', '요기요']","['대학 근처', '편리한 상권', '공원', '학원가 근처']","['2호선', '7호선']"
44084589,1,0,0,0,"['지하철역', '세탁소', '카페', '약국', '대형마트', '편의점', '버스정류장']","['쿠팡', 'SSG', '마켓컬리', '배달의 민족', '요기요']","['역세권', '편리한 상권', '쇼핑몰', '공원', '학원가 근처']","['2호선', '수인분당선']"
44085382,0,0,0,0,"['지하철역', '세탁소', '카페', '약국', '대형마트', '편의점', '버스정류장']","['쿠팡', 'SSG', '마켓컬리', '배달의 민족', '요기요']","['역세권', '대학 근처', '편리한 상권', '공원', '학원가 근처']","['4호선', '우이신설경전철', '6호선']"
44085421,1,0,0,0,"['지하철역', '세탁소', '카페', '약국', '대형마트', '편의점', '버스정류장']","['쿠팡', 'SSG', '마켓컬리', '배달의 민족', '요기요']","['역세권', '편리한 상권', '공원', '학원가 근처']","['중앙선', '경춘선', '7호선']"
44085998,0,0,0,0,"['지하철역', '세탁소', '카페', '약국', '대형마트', '편의점', '버스정류장']","['쿠팡', 'SSG', '마켓컬리', '배달의 민족', '요기요']","['역세권', '편리한 상권', '공원', '학원가 근처']","['1호선', '4호선', '6호선']"
44086833,1,0,0,0,"['지하철역', '세탁소', '카페', '약국', '대형마트', '편의점', '버스정류장']","['쿠팡', 'SSG', '마켓컬리', '배달의 민족', '요기요']","['역세권', '대학 근처', '편리한 상권', '공원', '학원가 근처']","['4호선', '6호선']"
44087395,1,0,0,0,"['지하철역', '세탁소', '카페', '약국', '대형마트', '편의점', '버스정류장']","['쿠팡', 'SSG', '마켓컬리', '배달의 민족', '요기요']","['역세권', '편리한 상권', '공원', '학원가 근처']","['중앙선', '경춘선', '7호선']"
44088500,1,0,0,0,"['지하철역', '세탁소', '카페', '약국', '대형마트', '편의점', '버스정류장']","['쿠팡', 'SSG', '마켓컬리', '배달의 민족', '요기요']","['대학 근처', '편리한 상권', '공원', '학원가 근처']","['5호선', '7호선']"
44089032,1,0,0,0,"['지하철역', '세탁소', '카페', '약국', '대형마트', '편의점', '버스정류장']","['쿠팡', 'SSG', '마켓컬리', '배달의 민족', '요기요']","['역세권', '대학 근처', '편리한 상권', '쇼핑몰', '공원', '학원가 근처']",['6호선']
44092685,1,0,0,0,"['지하철역', '세탁소', '카페', '약국', '대형마트', '편의점', '버스정류장']","['쿠팡', 'SSG', '마켓컬리', '배달의 민족', '요기요']","['역세권', '대학 근처', '편리한 상권', '공원', '학원가 근처']","['2호선', '3호선', '5호선', '4호선', '6호선']"
44092827,0,0,0,0,"['지하철역', '세탁소', '카페', '약국', '대형마트', '편의점', '버스정류장']","['쿠팡', 'SSG', '마켓컬리', '배달의 민족', '요기요']","['역세권', '대학 근처', '편리한 상권', '공원', '학원가 근처']","['1호선', '우이신설경전철', '2호선', '6호선']"
44093591,1,0,0,0,"['지하철역', '세탁소', '카페', '약국', '대형마트', '편의점', '버스정류장']","['쿠팡', 'SSG', '마켓컬리', '배달의 민족', '요기요']","['편리한 상권', '공원', '산 근처', '학원가 근처']","['4호선', '우이신설경전철']"
44093840,1,1,0,1,"['지하철역', '세탁소', '카페', '약국', '대형마트', '편의점', '버스정류장']","['쿠팡', 'SSG', '마켓컬리', '배달의 민족', '요기요']","['역세권', '편리한 상권', '공원', '산 근처', '학원가 근처']",['7호선']
44094155,0,0,0,0,"['지하철역', '세탁소', '카페', '약국', '대형마트', '편의점', '버스정류장']","['쿠팡', 'SSG', '마켓컬리', '배달의 민족', '요기요']","['역세권', '대학 근처', '편리한 상권', '쇼핑몰', '공원', '학원가 근처']","['2호선', '7호선']"
44094666,0,0,0,0,"['지하철역', '세탁소', '카페', '약국', '대형마트', '편의점', '버스정류장']","['쿠팡', 'SSG', '마켓컬리', '배달의 민족', '요기요']","['대학 근처', '편리한 상권', '공원', '학원가 근처']","['1호선', '중앙선', '경춘선']"
44096321,0,0,0,0,"['지하철역', '세탁소', '카페', '약국', '대형마트', '편의점', '버스정류장']","['쿠팡', 'SSG', '마켓컬리', '배달의 민족', '요기요']","['대학 근처', '편리한 상권', '공원', '학원가 근처']","['1호선', '6호선']"
44096516,0,0,0,0,"['지하철역', '세탁소', '카페', '약국', '대형마트', '편의점', '버스정류장']","['쿠팡', 'SSG', '마켓컬리', '배달의 민족', '요기요']","['더블 역세권', '편리한 상권', '공원', '학원가 근처']","['1호선', '우이신설경전철', '2호선']"
44096659,0,0,0,0,"['지하철역', '세탁소', '카페', '약국', '대형마트', '편의점', '버스정류장']","['쿠팡', 'SSG', '마켓컬리', '배달의 민족', '요기요']","['역세권', '편리한 상권', '쇼핑몰', '공원', '산 근처', '학원가 근처']","['5호선', '7호선']"
44097012,1,0,0,0,"['지하철역', '세탁소', '카페', '약국', '대형마트', '편의점', '버스정류장']","['쿠팡', 'SSG', '마켓컬리', '배달의 민족', '요기요']","['편리한 상권', '쇼핑몰', '공원', '학원가 근처']","['5호선', '7호선']"
44097135,1,0,0,0,"['지하철역', '세탁소', '카페', '약국', '대형마트', '편의점', '버스정류장']","['쿠팡', 'SSG', '마켓컬리', '배달의 민족', '요기요']","['편리한 상권', '공원', '산 근처', '학원가 근처']","['5호선', '7호선']"
44097204,1,0,0,0,"['지하철역', '세탁소', '카페', '약국', '대형마트', '편의점', '버스정류장']","['쿠팡', 'SSG', '마켓컬리', '배달의 민족', '요기요']","['대학 근처', '편리한 상권', '쇼핑몰', '공원', '학원가 근처']","['1호선', '중앙선', '경춘선']"
44097292,1,0,0,0,"['지하철역', '세탁소', '카페', '약국', '대형마트', '편의점', '버스정류장']","['쿠팡', 'SSG', '마켓컬리', '배달의 민족', '요기요']","['역세권', '편리한 상권', '공원', '학원가 근처']",['2호선']
44098136,0,0,0,0,"['지하철역', '세탁소', '카페', '약국', '대형마트', '편의점', '버스정류장']","['쿠팡', 'SSG', '마켓컬리', '배달의 민족', '요기요']","['역세권', '대학 근처', '편리한 상권', '공원', '학원가 근처']","['우이신설경전철', '4호선', '6호선']"
44098236,0,0,0,0,"['지하철역', '세탁소', '카페', '약국', '대형마트', '편의점', '버스정류장']","['쿠팡', 'SSG', '마켓컬리', '배달의 민족', '요기요']","['역세권', '대학 근처', '편리한 상권', '공원', '학원가 근처']","['우이신설경전철', '6호선']"
44098406,1,0,0,0,"['지하철역', '세탁소', '카페', '약국', '대형마트', '편의점', '버스정류장']","['쿠팡', 'SSG', '마켓컬리', '배달의 민족', '요기요']","['역세권', '편리한 상권', '공원', '학원가 근처']","['2호선', '5호선']"
44098736,0,0,0,0,"['지하철역', '세탁소', '카페', '약국', '대형마트', '편의점', '버스정류장']","['쿠팡', 'SSG', '마켓컬리', '배달의 민족', '요기요']","['역세권', '대학 근처', '편리한 상권', '공원', '학원가 근처']","['1호선', '중앙선', '경춘선']"
44099134,0,0,0,0,"['지하철역', '세탁소', '카페', '약국', '대형마트', '편의점', '버스정류장']","['쿠팡', 'SSG', '마켓컬리', '배달의 민족', '요기요']","['역세권', '대학 근처', '편리한 상권', '산 근처', '학원가 근처']","['우이신설경전철', '4호선', '6호선']"
44099141,0,0,0,0,"['지하철역', '세탁소', '카페', '약국', '대형마트', '편의점', '버스정류장']","['쿠팡', 'SSG', '마켓컬리', '배달의 민족', '요기요']","['역세권', '대학 근처', '편리한 상권', '공원', '학원가 근처']","['2호선', '7호선']"
44099314,0,0,0,0,"['지하철역', '세탁소', '카페', '약국', '대형마트', '편의점', '버스정류장']","['쿠팡', 'SSG', '마켓컬리', '배달의 민족', '요기요']","['역세권', '대학 근처', '편리한 상권', '공원', '학원가 근처']","['1호선', '중앙선', '경춘선', '수인분당선']"
44100183,1,0,0,0,"['지하철역', '세탁소', '카페', '약국', '대형마트', '편의점', '버스정류장']","['쿠팡', 'SSG', '마켓컬리', '배달의 민족', '요기요']","['역세권', '편리한 상권', '공원', '학원가 근처']","['2호선', '5호선']"
44100283,1,0,0,0,"['지하철역', '세탁소', '카페', '약국', '대형마트', '편의점', '버스정류장']","['쿠팡', 'SSG', '마켓컬리', '배달의 민족', '요기요']","['대학 근처', '편리한 상권', '공원', '학원가 근처']","['2호선', '5호선']"
44100292,0,0,0,0,"['지하철역', '세탁소', '카페', '약국', '대형마트', '편의점', '버스정류장']","['쿠팡', 'SSG', '마켓컬리', '배달의 민족', '요기요']","['역세권', '편리한 상권', '공원', '산 근처', '학원가 근처']","['5호선', '7호선']"
44100307,1,0,0,0,"['지하철역', '세탁소', '카페', '약국', '대형마트', '편의점', '버스정류장']","['쿠팡', 'SSG', '마켓컬리', '배달의 민족', '요기요']","['역세권', '편리한 상권', '공원', '학원가 근처']","['2호선', '5호선']"
44101320,0,0,0,0,"['지하철역', '세탁소', '카페', '약국', '대형마트', '편의점', '버스정류장']","['쿠팡', 'SSG', '마켓컬리', '배달의 민족', '요기요']","['편리한 상권', '쇼핑몰', '공원', '학원가 근처']","['2호선', '7호선']"
44102410,1,1,0,0,"['지하철역', '세탁소', '카페', '약국', '대형마트', '편의점', '버스정류장']","['쿠팡', 'SSG', '마켓컬리', '배달의 민족', '요기요']","['편리한 상권', '공원', '학원가 근처']","['2호선', '7호선']"
44102444,0,1,0,0,"['지하철역', '세탁소', '카페', '약국', '대형마트', '편의점', '버스정류장']","['쿠팡', 'SSG', '마켓컬리', '배달의 민족', '요기요']","['대학 근처', '편리한 상권', '공원', '학원가 근처']","['2호선', '중앙선', '경춘선', '1호선', '수인분당선']"
44103538,1,0,0,0,"['지하철역', '세탁소', '카페', '약국', '대형마트', '편의점', '버스정류장']","['쿠팡', 'SSG', '마켓컬리', '배달의 민족', '요기요']","['역세권', '편리한 상권', '공원', '산 근처', '학원가 근처']","['5호선', '7호선']"
44103587,1,0,0,0,"['지하철역', '세탁소', '카페', '약국', '대형마트', '편의점', '버스정류장']","['쿠팡', 'SSG', '마켓컬리', '배달의 민족', '요기요']","['역세권', '편리한 상권', '공원', '학원가 근처']","['중앙선', '경춘선', '7호선']"
44103588,0,0,0,0,"['지하철역', '세탁소', '카페', '약국', '대형마트', '편의점', '버스정류장']","['쿠팡', 'SSG', '마켓컬리', '배달의 민족', '요기요']","['역세권', '편리한 상권', '공원', '산 근처', '학원가 근처']","['5호선', '7호선']"
44103927,0,0,0,0,"['지하철역', '세탁소', '카페', '약국', '대형마트', '편의점', '버스정류장']","['쿠팡', 'SSG', '마켓컬리', '배달의 민족', '요기요']","['대학 근처', '편리한 상권', '공원', '학원가 근처']","['1호선', '중앙선', '경춘선']"
44106514,1,0,0,0,"['지하철역', '세탁소', '카페', '약국', '대형마트', '편의점', '버스정류장']","['쿠팡', 'SSG', '마켓컬리', '배달의 민족', '요기요']","['역세권', '편리한 상권', '공원', '산 근처', '학원가 근처']",['7호선']
44106605,1,0,0,0,"['지하철역', '세탁소', '카페', '약국', '대형마트', '편의점', '버스정류장']","['쿠팡', 'SSG', '마켓컬리', '배달의 민족', '요기요']","['편리한 상권', '공원', '학원가 근처']","['2호선', '5호선']"
44106744,0,0,0,0,"['지하철역', '세탁소', '카페', '약국', '대형마트', '편의점', '버스정류장']","['쿠팡', 'SSG', '마켓컬리', '배달의 민족', '요기요']","['역세권', '편리한 상권', '쇼핑몰', '공원', '산 근처', '학원가 근처']","['5호선', '7호선']"
44108004,1,0,0,0,"['지하철역', '세탁소', '카페', '약국', '대형마트', '편의점', '버스정류장']","['쿠팡', 'SSG', '마켓컬리', '배달의 민족', '요기요']","['편리한 상권', '공원', '학원가 근처']","['5호선', '7호선']"
44108007,1,0,0,0,"['지하철역', '세탁소', '카페', '약국', '대형마트', '편의점', '버스정류장']","['쿠팡', 'SSG', '마켓컬리', '배달의 민족', '요기요']","['편리한 상권', '공원', '산 근처', '학원가 근처']","['5호선', '7호선']"
44108178,1,0,0,0,"['지하철역', '세탁소', '카페', '약국', '대형마트', '편의점', '버스정류장']","['쿠팡', 'SSG', '마켓컬리', '배달의 민족', '요기요']","['역세권', '편리한 상권', '쇼핑몰', '공원', '학원가 근처']","['6호선', '7호선']"
44108652,0,0,0,0,"['지하철역', '세탁소', '카페', '약국', '대형마트', '편의점', '버스정류장']","['쿠팡', 'SSG', '마켓컬리', '배달의 민족', '요기요']","['역세권', '대학 근처', '편리한 상권', '공원', '학원가 근처']","['2호선', '5호선', '7호선']"
44108942,0,0,0,0,"['지하철역', '세탁소', '카페', '약국', '대형마트', '편의점', '버스정류장']","['쿠팡', 'SSG', '마켓컬리', '배달의 민족', '요기요']","['편리한 상권', '쇼핑몰', '공원', '학원가 근처']","['6호선', '7호선']"
44110700,1,0,0,0,"['지하철역', '세탁소', '카페', '약국', '대형마트', '편의점', '버스정류장']","['쿠팡', 'SSG', '마켓컬리', '배달의 민족', '요기요']","['역세권', '편리한 상권', '쇼핑몰', '공원', '학원가 근처']","['1호선', '7호선']"
44111093,1,0,0,0,"['지하철역', '세탁소', '카페', '약국', '대형마트', '편의점', '버스정류장']","['쿠팡', 'SSG', '마켓컬리', '배달의 민족', '요기요']","['역세권', '편리한 상권', '쇼핑몰', '공원', '학원가 근처']","['6호선', '7호선']"
44111107,1,0,0,0,"['지하철역', '세탁소', '카페', '약국', '대형마트', '편의점', '버스정류장']","['쿠팡', 'SSG', '마켓컬리', '배달의 민족', '요기요']","['역세권', '편리한 상권', '쇼핑몰', '공원', '학원가 근처']","['6호선', '7호선']"
44111236,0,0,0,0,"['지하철역', '세탁소', '카페', '약국', '대형마트', '편의점', '버스정류장']","['쿠팡', 'SSG', '마켓컬리', '배달의 민족', '요기요']","['역세권', '대학 근처', '편리한 상권', '공원', '학원가 근처']","['1호선', '6호선']"
44111614,0,0,0,0,"['지하철역', '세탁소', '카페', '약국', '대형마트', '편의점', '버스정류장']","['쿠팡', 'SSG', '마켓컬리', '배달의 민족', '요기요']","['역세권', '편리한 상권', '쇼핑몰', '공원', '학원가 근처']","['1호선', '2호선', '6호선']"
44111620,0,0,0,0,"['지하철역', '세탁소', '카페', '약국', '대형마트', '편의점', '버스정류장']","['쿠팡', 'SSG', '마켓컬리', '배달의 민족', '요기요']","['역세권', '대학 근처', '편리한 상권', '쇼핑몰', '공원', '학원가 근처']","['1호선', '중앙선', '경춘선']"
44111696,0,0,0,0,"['지하철역', '세탁소', '카페', '약국', '대형마트', '편의점', '버스정류장']","['쿠팡', 'SSG', '마켓컬리', '배달의 민족', '요기요']","['역세권', '편리한 상권', '쇼핑몰', '공원', '산 근처', '학원가 근처']","['5호선', '7호선']"
44112043,1,0,0,0,"['지하철역', '세탁소', '카페', '약국', '대형마트', '편의점', '버스정류장']","['쿠팡', 'SSG', '마켓컬리', '배달의 민족', '요기요']","['역세권', '대학 근처', '편리한 상권', '학원가 근처']","['1호선', '6호선']"
44112456,0,0,0,0,"['지하철역', '세탁소', '카페', '약국', '대형마트', '편의점', '버스정류장']","['쿠팡', 'SSG', '마켓컬리', '배달의 민족', '요기요']","['역세권', '대학 근처', '편리한 상권', '공원', '학원가 근처']","['1호선', '우이신설경전철', '6호선', '2호선']"
44115210,1,0,0,0,"['지하철역', '세탁소', '카페', '약국', '대형마트', '편의점', '버스정류장']","['쿠팡', 'SSG', '마켓컬리', '배달의 민족', '요기요']","['역세권', '편리한 상권', '쇼핑몰', '공원', '학원가 근처']","['2호선', '5호선']"
44115790,0,0,0,0,"['지하철역', '세탁소', '카페', '약국', '대형마트', '편의점', '버스정류장']","['쿠팡', 'SSG', '마켓컬리', '배달의 민족', '요기요']","['편리한 상권', '쇼핑몰', '공원', '학원가 근처']","['2호선', '7호선']"
44116119,1,0,0,0,"['지하철역', '세탁소', '카페', '약국', '대형마트', '편의점', '버스정류장']","['쿠팡', 'SSG', '마켓컬리', '배달의 민족', '요기요']","['편리한 상권', '공원', '학원가 근처']","['2호선', '5호선', '7호선']"
44116129,0,0,0,0,"['지하철역', '세탁소', '카페', '약국', '대형마트', '편의점', '버스정류장']","['쿠팡', 'SSG', '마켓컬리', '배달의 민족', '요기요']","['역세권', '대학 근처', '편리한 상권', '공원', '학원가 근처']","['1호선', '6호선']"
44117200,0,0,0,0,"['지하철역', '세탁소', '카페', '약국', '대형마트', '편의점', '버스정류장']","['쿠팡', 'SSG', '마켓컬리', '배달의 민족', '요기요']","['역세권', '대학 근처', '편리한 상권', '공원', '학원가 근처']","['1호선', '중앙선', '경춘선']"
44117503,1,0,0,0,"['지하철역', '세탁소', '카페', '약국', '대형마트', '편의점', '버스정류장']","['쿠팡', 'SSG', '마켓컬리', '배달의 민족', '요기요']","['역세권', '편리한 상권', '공원', '산 근처', '학원가 근처']","['중앙선', '경춘선', '7호선']"
44117524,0,0,0,0,"['지하철역', '세탁소', '카페', '약국', '대형마트', '편의점', '버스정류장']","['쿠팡', 'SSG', '마켓컬리', '배달의 민족', '요기요']","['역세권', '대학 근처', '편리한 상권', '공원', '학원가 근처']","['1호선', '중앙선', '경춘선', '수인분당선']"
44117556,1,0,0,0,"['지하철역', '세탁소', '카페', '약국', '대형마트', '편의점', '버스정류장']","['쿠팡', 'SSG', '마켓컬리', '배달의 민족', '요기요']","['역세권', '대학 근처', '편리한 상권', '공원', '학원가 근처']","['1호선', '우이신설경전철', '6호선', '2호선']"
44117578,1,0,0,0,"['지하철역', '세탁소', '카페', '약국', '대형마트', '편의점', '버스정류장']","['쿠팡', 'SSG', '마켓컬리', '배달의 민족', '요기요']","['역세권', '편리한 상권', '쇼핑몰', '공원', '산 근처', '학원가 근처']","['5호선', '7호선']"
44117602,0,0,0,0,"['지하철역', '세탁소', '카페', '약국', '대형마트', '편의점', '버스정류장']","['쿠팡', 'SSG', '마켓컬리', '배달의 민족', '요기요']","['역세권', '대학 근처', '편리한 상권', '공원', '학원가 근처']","['2호선', '5호선']"
44117930,1,0,0,0,"['지하철역', '세탁소', '카페', '약국', '대형마트', '편의점', '버스정류장']","['쿠팡', 'SSG', '마켓컬리', '배달의 민족', '요기요']","['역세권', '편리한 상권', '공원', '학원가 근처']","['1호선', '4호선', '6호선']"
44118718,1,0,0,0,"['지하철역', '세탁소', '카페', '약국', '대형마트', '편의점', '버스정류장']","['쿠팡', 'SSG', '마켓컬리', '배달의 민족', '요기요']","['역세권', '편리한 상권', '쇼핑몰', '학원가 근처']","['5호선', '7호선']"
44119512,0,0,0,0,"['지하철역', '세탁소', '카페', '약국', '대형마트', '편의점', '버스정류장']","['쿠팡', 'SSG', '마켓컬리', '배달의 민족', '요기요']","['더블 역세권', '대학 근처', '편리한 상권', '공원', '학원가 근처']","['4호선', '우이신설경전철', '6호선']"
44119749,1,0,0,0,"['지하철역', '세탁소', '카페', '약국', '대형마트', '편의점', '버스정류장']","['쿠팡', 'SSG', '마켓컬리', '배달의 민족', '요기요']","['역세권', '편리한 상권', '쇼핑몰', '공원', '산 근처', '학원가 근처']","['5호선', '7호선']"
44119909,1,0,0,0,"['지하철역', '세탁소', '카페', '약국', '대형마트', '편의점', '버스정류장']","['쿠팡', 'SSG', '마켓컬리', '배달의 민족', '요기요']","['역세권', '대학 근처', '편리한 상권', '산 근처', '학원가 근처']","['우이신설경전철', '4호선', '6호선']"
44120109,0,0,0,0,"['지하철역', '세탁소', '카페', '약국', '대형마트', '편의점', '버스정류장']","['쿠팡', 'SSG', '마켓컬리', '배달의 민족', '요기요']","['역세권', '대학 근처', '편리한 상권', '쇼핑몰', '공원', '학원가 근처']","['1호선', '중앙선', '경춘선']"
44121192,1,0,0,0,"['지하철역', '세탁소', '카페', '약국', '대형마트', '편의점', '버스정류장']","['쿠팡', 'SSG', '마켓컬리', '배달의 민족', '요기요']","['역세권', '대학 근처', '편리한 상권', '공원', '산 근처', '학원가 근처']",['우이신설경전철']
44121409,0,0,0,0,"['지하철역', '세탁소', '카페', '약국', '대형마트', '편의점', '버스정류장']","['쿠팡', 'SSG', '마켓컬리', '배달의 민족', '요기요']","['편리한 상권', '쇼핑몰', '공원', '학원가 근처']","['2호선', '7호선']"
44121577,0,0,0,0,"['지하철역', '세탁소', '카페', '약국', '대형마트', '편의점', '버스정류장']","['쿠팡', 'SSG', '마켓컬리', '배달의 민족', '요기요']","['역세권', '편리한 상권', '공원', '산 근처', '학원가 근처']","['5호선', '7호선']"
44121735,1,0,0,0,"['지하철역', '세탁소', '카페', '약국', '대형마트', '편의점', '버스정류장']","['쿠팡', 'SSG', '마켓컬리', '배달의 민족', '요기요']","['역세권', '편리한 상권', '쇼핑몰', '공원', '산 근처', '학원가 근처']","['5호선', '7호선']"
44123085,1,0,0,0,"['지하철역', '세탁소', '카페', '약국', '대형마트', '편의점', '버스정류장']","['쿠팡', 'SSG', '마켓컬리', '배달의 민족', '요기요']","['역세권', '편리한 상권', '공원', '산 근처', '학원가 근처']","['3호선', '6호선']"
44124209,0,0,0,0,"['지하철역', '세탁소', '카페', '약국', '대형마트', '편의점', '버스정류장']","['쿠팡', 'SSG', '마켓컬리', '배달의 민족', '요기요']","['역세권', '편리한 상권', '공원', '학원가 근처']","['2호선', '수인분당선']"
44124975,1,0,0,0,"['지하철역', '세탁소', '카페', '약국', '대형마트', '편의점', '버스정류장']","['쿠팡', 'SSG', '마켓컬리', '배달의 민족', '요기요']","['편리한 상권', '공원', '학원가 근처']","['1호선', '중앙선', '경춘선', '7호선']"
44125235,0,0,0,0,"['지하철역', '세탁소', '카페', '약국', '대형마트', '편의점', '버스정류장']","['쿠팡', 'SSG', '마켓컬리', '배달의 민족', '요기요']","['역세권', '대학 근처', '편리한 상권', '공원', '학원가 근처']","['우이신설경전철', '6호선']"
44125301,0,0,0,0,"['지하철역', '세탁소', '카페', '약국', '대형마트', '편의점', '버스정류장']","['쿠팡', 'SSG', '마켓컬리', '배달의 민족', '요기요']","['더블 역세권', '편리한 상권', '공원', '학원가 근처']","['1호선', '우이신설경전철', '6호선', '2호선']"
44125598,0,0,0,0,"['지하철역', '세탁소', '카페', '약국', '대형마트', '편의점', '버스정류장']","['쿠팡', 'SSG', '마켓컬리', '배달의 민족', '요기요']","['편리한 상권', '공원', '학원가 근처']","['2호선', '5호선']"
44125648,0,0,0,0,"['지하철역', '세탁소', '카페', '약국', '대형마트', '편의점', '버스정류장']","['쿠팡', 'SSG', '마켓컬리', '배달의 민족', '요기요']","['역세권', '대학 근처', '편리한 상권', '공원', '학원가 근처']","['1호선', '중앙선', '경춘선']"
44125781,1,0,0,0,"['지하철역', '세탁소', '카페', '약국', '대형마트', '편의점', '버스정류장']","['쿠팡', 'SSG', '마켓컬리', '배달의 민족', '요기요']","['역세권', '편리한 상권', '쇼핑몰', '공원', '학원가 근처']","['6호선', '7호선']"
44125945,0,0,0,0,"['지하철역', '세탁소', '카페', '약국', '대형마트', '편의점', '버스정류장']","['쿠팡', 'SSG', '마켓컬리', '배달의 민족', '요기요']","['역세권', '편리한 상권', '공원', '산 근처', '학원가 근처']","['5호선', '7호선']"
44126121,0,0,0,0,"['지하철역', '세탁소', '카페', '약국', '대형마트', '편의점', '버스정류장']","['쿠팡', 'SSG', '마켓컬리', '배달의 민족', '요기요']","['편리한 상권', '쇼핑몰', '공원', '학원가 근처']","['2호선', '7호선']"
44126272,0,0,0,0,"['지하철역', '세탁소', '카페', '약국', '대형마트', '편의점', '버스정류장']","['쿠팡', 'SSG', '마켓컬리', '배달의 민족', '요기요']","['더블 역세권', '편리한 상권', '공원', '학원가 근처']","['2호선', '수인분당선']"
44126604,1,0,0,1,"['지하철역', '세탁소', '카페', '약국', '대형마트', '편의점', '버스정류장']","['쿠팡', 'SSG', '마켓컬리', '배달의 민족', '요기요']","['역세권', '편리한 상권', '쇼핑몰', '공원', '학원가 근처']","['중앙선', '경춘선', '7호선']"
44126747,0,0,0,0,"['지하철역', '세탁소', '카페', '약국', '대형마트', '편의점', '버스정류장']","['쿠팡', 'SSG', '마켓컬리', '배달의 민족', '요기요']","['대학 근처', '편리한 상권', '공원', '학원가 근처']","['1호선', '중앙선', '6호선', '경춘선']"
44127009,0,0,0,0,"['지하철역', '세탁소', '카페', '약국', '대형마트', '편의점', '버스정류장']","['쿠팡', 'SSG', '마켓컬리', '배달의 민족', '요기요']","['역세권', '대학 근처', '편리한 상권', '공원', '학원가 근처']","['1호선', '중앙선', '경춘선']"
44127447,0,0,0,0,"['지하철역', '세탁소', '카페', '약국', '대형마트', '편의점', '버스정류장']","['쿠팡', 'SSG', '마켓컬리', '배달의 민족', '요기요']","['대학 근처', '편리한 상권', '공원', '학원가 근처']","['1호선', '중앙선', '6호선', '경춘선']"
44127916,1,0,0,0,"['지하철역', '세탁소', '카페', '약국', '대형마트', '편의점', '버스정류장']","['쿠팡', 'SSG', '마켓컬리', '배달의 민족', '요기요']","['역세권', '편리한 상권', '쇼핑몰', '공원', '산 근처', '학원가 근처']","['5호선', '7호선']"
44127921,0,0,0,0,"['지하철역', '세탁소', '카페', '약국', '대형마트', '편의점', '버스정류장']","['쿠팡', 'SSG', '마켓컬리', '배달의 민족', '요기요']","['편리한 상권', '쇼핑몰', '공원', '산 근처', '학원가 근처']","['5호선', '7호선']"
44129439,1,0,0,0,"['지하철역', '세탁소', '카페', '약국', '대형마트', '편의점', '버스정류장']","['쿠팡', 'SSG', '마켓컬리', '배달의 민족', '요기요']","['더블 역세권', '편리한 상권', '쇼핑몰', '공원', '학원가 근처']","['6호선', '7호선']"
44129617,1,0,0,0,"['지하철역', '세탁소', '카페', '약국', '대형마트', '편의점', '버스정류장']","['쿠팡', 'SSG', '마켓컬리', '배달의 민족', '요기요']","['역세권', '편리한 상권', '쇼핑몰', '공원', '학원가 근처']","['6호선', '7호선']"
44130414,1,0,0,0,"['지하철역', '세탁소', '카페', '약국', '대형마트', '편의점', '버스정류장']","['쿠팡', 'SSG', '마켓컬리', '배달의 민족', '요기요']","['역세권', '편리한 상권', '공원', '산 근처', '학원가 근처']",['우이신설경전철']
44130682,1,0,0,0,"['지하철역', '세탁소', '카페', '약국', '대형마트', '편의점', '버스정류장']","['쿠팡', 'SSG', '마켓컬리', '배달의 민족', '요기요']","['역세권', '편리한 상권', '공원', '학원가 근처']","['중앙선', '경춘선', '7호선']"
44130765,0,0,0,0,"['지하철역', '세탁소', '카페', '약국', '대형마트', '편의점', '버스정류장']","['쿠팡', 'SSG', '마켓컬리', '배달의 민족', '요기요']","['편리한 상권', '공원', '산 근처', '학원가 근처']","['5호선', '7호선']"
44131579,1,0,0,0,"['지하철역', '세탁소', '카페', '약국', '대형마트', '편의점', '버스정류장']","['쿠팡', 'SSG', '마켓컬리', '배달의 민족', '요기요']","['역세권', '대학 근처', '편리한 상권', '공원', '학원가 근처']","['1호선', '6호선']"
44131658,1,0,0,0,"['지하철역', '세탁소', '카페', '약국', '대형마트', '편의점', '버스정류장']","['쿠팡', 'SSG', '마켓컬리', '배달의 민족', '요기요']","['역세권', '편리한 상권', '쇼핑몰', '공원', '학원가 근처']","['중앙선', '경춘선', '7호선']"
44131673,1,0,0,0,"['지하철역', '세탁소', '카페', '약국', '대형마트', '편의점', '버스정류장']","['쿠팡', 'SSG', '마켓컬리', '배달의 민족', '요기요']","['편리한 상권', '공원', '학원가 근처']","['2호선', '5호선']"
44131921,1,0,0,1,"['지하철역', '세탁소', '카페', '약국', '대형마트', '편의점', '버스정류장']","['쿠팡', 'SSG', '마켓컬리', '배달의 민족', '요기요']","['편리한 상권', '공원', '학원가 근처']","['2호선', '5호선']"
44132015,1,0,0,0,"['지하철역', '세탁소', '카페', '약국', '대형마트', '편의점', '버스정류장']","['쿠팡', 'SSG', '마켓컬리', '배달의 민족', '요기요']","['편리한 상권', '쇼핑몰', '공원', '학원가 근처']","['2호선', '7호선']"
44132135,1,0,0,0,"['지하철역', '세탁소', '카페', '약국', '대형마트', '편의점', '버스정류장']","['쿠팡', 'SSG', '마켓컬리', '배달의 민족', '요기요']","['대학 근처', '편리한 상권', '공원', '학원가 근처']","['2호선', '7호선']"
44132866,1,0,0,0,"['지하철역', '세탁소', '카페', '약국', '대형마트', '편의점', '버스정류장']","['쿠팡', 'SSG', '마켓컬리', '배달의 민족', '요기요']","['편리한 상권', '공원', '학원가 근처']","['2호선', '5호선']"
44132960,0,0,0,0,"['지하철역', '세탁소', '카페', '약국', '대형마트', '편의점', '버스정류장']","['쿠팡', 'SSG', '마켓컬리', '배달의 민족', '요기요']","['편리한 상권', '공원', '학원가 근처']","['2호선', '7호선']"
44133014,1,0,0,0,"['지하철역', '세탁소', '카페', '약국', '대형마트', '편의점', '버스정류장']","['쿠팡', 'SSG', '마켓컬리', '배달의 민족', '요기요']","['역세권', '편리한 상권', '공원', '학원가 근처']","['중앙선', '경춘선', '7호선']"
44133491,1,0,0,0,"['지하철역', '세탁소', '카페', '약국', '대형마트', '편의점', '버스정류장']","['쿠팡', 'SSG', '마켓컬리', '배달의 민족', '요기요']","['편리한 상권', '공원', '산 근처', '학원가 근처']","['4호선', '우이신설경전철']"
44133587,1,0,0,0,"['지하철역', '세탁소', '카페', '약국', '대형마트', '편의점', '버스정류장']","['쿠팡', 'SSG', '마켓컬리', '배달의 민족', '요기요']","['역세권', '대학 근처', '편리한 상권', '공원', '산 근처', '학원가 근처']",['우이신설경전철']
44133708,1,0,0,0,"['지하철역', '세탁소', '카페', '약국', '대형마트', '편의점', '버스정류장']","['쿠팡', 'SSG', '마켓컬리', '배달의 민족', '요기요']","['편리한 상권', '공원', '산 근처', '학원가 근처']","['4호선', '우이신설경전철', '6호선']"
44134725,1,0,0,0,"['지하철역', '세탁소', '카페', '약국', '대형마트', '편의점', '버스정류장']","['쿠팡', 'SSG', '마켓컬리', '배달의 민족', '요기요']","['역세권', '대학 근처', '편리한 상권', '공원', '학원가 근처']","['2호선', '7호선']"
44135725,1,0,0,0,"['지하철역', '세탁소', '카페', '약국', '대형마트', '편의점', '버스정류장']","['쿠팡', 'SSG', '마켓컬리', '배달의 민족', '요기요']","['역세권', '편리한 상권', '쇼핑몰', '공원', '학원가 근처']","['중앙선', '경춘선', '7호선']"
44137941,1,0,0,0,"['지하철역', '세탁소', '카페', '약국', '대형마트', '편의점', '버스정류장']","['쿠팡', 'SSG', '마켓컬리', '배달의 민족', '요기요']","['역세권', '편리한 상권', '공원', '학원가 근처']","['2호선', '수인분당선']"
44138211,1,0,0,0,"['지하철역', '세탁소', '카페', '약국', '대형마트', '편의점', '버스정류장']","['쿠팡', 'SSG', '마켓컬리', '배달의 민족', '요기요']","['편리한 상권', '공원', '학원가 근처']","['2호선', '7호선']"
44139004,1,0,0,0,"['지하철역', '세탁소', '카페', '약국', '대형마트', '편의점', '버스정류장']","['쿠팡', 'SSG', '마켓컬리', '배달의 민족', '요기요']","['역세권', '편리한 상권', '쇼핑몰', '공원', '학원가 근처']","['중앙선', '경춘선', '7호선']"
44139227,1,0,0,0,"['지하철역', '세탁소', '카페', '약국', '대형마트', '편의점', '버스정류장']","['쿠팡', 'SSG', '마켓컬리', '배달의 민족', '요기요']","['역세권', '편리한 상권', '공원', '학원가 근처']","['1호선', '우이신설경전철', '2호선', '6호선']"
44139724,0,0,0,0,"['지하철역', '세탁소', '카페', '약국', '대형마트', '편의점', '버스정류장']","['쿠팡', 'SSG', '마켓컬리', '배달의 민족', '요기요']","['편리한 상권', '쇼핑몰', '공원', '학원가 근처']","['2호선', '7호선']"
44139864,0,0,0,0,"['지하철역', '세탁소', '카페', '약국', '대형마트', '편의점', '버스정류장']","['쿠팡', 'SSG', '마켓컬리', '배달의 민족', '요기요']","['역세권', '대학 근처', '편리한 상권', '공원', '학원가 근처']","['우이신설경전철', '4호선', '6호선']"
44140671,1,0,0,0,"['지하철역', '세탁소', '카페', '약국', '대형마트', '편의점', '버스정류장']","['쿠팡', 'SSG', '마켓컬리', '배달의 민족', '요기요']","['역세권', '대학 근처', '편리한 상권', '쇼핑몰', '공원', '학원가 근처']","['2호선', '7호선']"
44141134,0,0,0,0,"['지하철역', '세탁소', '카페', '약국', '대형마트', '편의점', '버스정류장']","['쿠팡', 'SSG', '마켓컬리', '배달의 민족', '요기요']","['편리한 상권', '쇼핑몰', '공원', '학원가 근처']","['2호선', '7호선']"
44141877,0,0,0,0,"['지하철역', '세탁소', '카페', '약국', '대형마트', '편의점', '버스정류장']","['쿠팡', 'SSG', '마켓컬리', '배달의 민족', '요기요']","['역세권', '대학 근처', '편리한 상권', '쇼핑몰', '공원', '학원가 근처']",['6호선']
44143305,1,0,0,0,"['지하철역', '세탁소', '카페', '약국', '대형마트', '편의점', '버스정류장']","['쿠팡', 'SSG', '마켓컬리', '배달의 민족', '요기요']","['역세권', '편리한 상권', '공원', '학원가 근처']","['중앙선', '경춘선', '7호선']"
44143322,0,0,0,0,"['지하철역', '세탁소', '카페', '약국', '대형마트', '편의점', '버스정류장']","['쿠팡', 'SSG', '마켓컬리', '배달의 민족', '요기요']","['역세권', '편리한 상권', '공원', '학원가 근처']","['2호선', '수인분당선']"
44143457,1,0,0,0,"['지하철역', '세탁소', '카페', '약국', '대형마트', '편의점', '버스정류장']","['쿠팡', 'SSG', '마켓컬리', '배달의 민족', '요기요']","['역세권', '편리한 상권', '공원', '산 근처', '학원가 근처']","['4호선', '우이신설경전철']"
44143511,1,0,0,0,"['지하철역', '세탁소', '카페', '약국', '대형마트', '편의점', '버스정류장']","['쿠팡', 'SSG', '마켓컬리', '배달의 민족', '요기요']","['역세권', '편리한 상권', '공원', '산 근처', '학원가 근처']","['4호선', '우이신설경전철']"
44143652,1,0,0,0,"['지하철역', '세탁소', '카페', '약국', '대형마트', '편의점', '버스정류장']","['쿠팡', 'SSG', '마켓컬리', '배달의 민족', '요기요']","['역세권', '편리한 상권', '공원', '산 근처', '학원가 근처']",['우이신설경전철']
44143938,1,0,0,0,"['지하철역', '세탁소', '카페', '약국', '대형마트', '편의점', '버스정류장']","['쿠팡', 'SSG', '마켓컬리', '배달의 민족', '요기요']","['편리한 상권', '공원', '학원가 근처']","['중앙선', '경춘선', '7호선']"
44144193,1,0,0,0,"['지하철역', '세탁소', '카페', '약국', '대형마트', '편의점', '버스정류장']","['쿠팡', 'SSG', '마켓컬리', '배달의 민족', '요기요']","['편리한 상권', '쇼핑몰', '공원', '학원가 근처']","['2호선', '7호선']"
44144310,1,0,0,0,"['지하철역', '세탁소', '카페', '약국', '대형마트', '편의점', '버스정류장']","['쿠팡', 'SSG', '마켓컬리', '배달의 민족', '요기요']","['역세권', '편리한 상권', '쇼핑몰', '공원', '산 근처', '학원가 근처']","['5호선', '7호선']"
44144609,1,0,0,0,"['지하철역', '세탁소', '카페', '약국', '대형마트', '편의점', '버스정류장']","['쿠팡', 'SSG', '마켓컬리', '배달의 민족', '요기요']","['편리한 상권', '공원', '학원가 근처']","['중앙선', '경춘선', '1호선', '6호선', '수인분당선']"
44144896,0,0,0,0,"['지하철역', '세탁소', '카페', '약국', '대형마트', '편의점', '버스정류장']","['쿠팡', 'SSG', '마켓컬리', '배달의 민족', '요기요']","['역세권', '편리한 상권', '쇼핑몰', '공원', '학원가 근처']","['우이신설경전철', '4호선']"
44144998,1,0,0,0,"['지하철역', '세탁소', '카페', '약국', '대형마트', '편의점', '버스정류장']","['쿠팡', 'SSG', '마켓컬리', '배달의 민족', '요기요']","['역세권', '편리한 상권', '쇼핑몰', '공원', '산 근처', '학원가 근처']","['5호선', '7호선']"
44145419,1,0,0,0,"['지하철역', '세탁소', '카페', '약국', '대형마트', '편의점', '버스정류장']","['쿠팡', 'SSG', '마켓컬리', '배달의 민족', '요기요']","['역세권', '대학 근처', '편리한 상권', '공원', '학원가 근처']","['1호선', '우이신설경전철', '2호선', '6호선']"
44145845,1,0,0,0,"['지하철역', '세탁소', '카페', '약국', '대형마트', '편의점', '버스정류장']","['쿠팡', 'SSG', '마켓컬리', '배달의 민족', '요기요']","['역세권', '편리한 상권', '쇼핑몰', '공원', '산 근처', '학원가 근처']","['중앙선', '경춘선', '7호선']"
44146037,1,0,0,0,"['지하철역', '세탁소', '카페', '약국', '대형마트', '편의점', '버스정류장']","['쿠팡', 'SSG', '마켓컬리', '배달의 민족', '요기요']","['역세권', '편리한 상권', '공원', '학원가 근처']","['1호선', '우이신설경전철', '2호선']"
44146045,1,0,0,0,"['지하철역', '세탁소', '카페', '약국', '대형마트', '편의점', '버스정류장']","['쿠팡', 'SSG', '마켓컬리', '배달의 민족', '요기요']","['역세권', '편리한 상권', '공원', '학원가 근처']","['중앙선', '경춘선', '7호선']"
44146155,1,0,0,0,"['지하철역', '세탁소', '카페', '약국', '대형마트', '편의점', '버스정류장']","['쿠팡', 'SSG', '마켓컬리', '배달의 민족', '요기요']","['역세권', '편리한 상권', '쇼핑몰', '공원', '학원가 근처']","['중앙선', '경춘선', '7호선']"
44146389,1,0,0,0,"['지하철역', '세탁소', '카페', '약국', '대형마트', '편의점', '버스정류장']","['쿠팡', 'SSG', '마켓컬리', '배달의 민족', '요기요']","['역세권', '편리한 상권', '공원', '산 근처', '학원가 근처']",['우이신설경전철']
44146685,1,0,0,0,"['지하철역', '세탁소', '카페', '약국', '대형마트', '편의점', '버스정류장']","['쿠팡', 'SSG', '마켓컬리', '배달의 민족', '요기요']","['역세권', '편리한 상권', '쇼핑몰', '학원가 근처']","['5호선', '7호선']"
44146899,0,0,0,0,"['지하철역', '세탁소', '카페', '약국', '대형마트', '편의점', '버스정류장']",[],[],"['우이신설경전철', '6호선']"
44147432,1,1,0,1,"['지하철역', '세탁소', '카페', '약국', '대형마트', '편의점', '버스정류장']","['쿠팡', 'SSG', '마켓컬리', '배달의 민족', '요기요']","['더블 역세권', '편리한 상권', '공원', '학원가 근처']","['중앙선', '경춘선', '7호선']"
44147559,1,1,0,1,"['지하철역', '세탁소', '카페', '약국', '대형마트', '편의점', '버스정류장']","['쿠팡', 'SSG', '마켓컬리', '배달의 민족', '요기요']","['더블 역세권', '편리한 상권', '공원', '학원가 근처']","['중앙선', '경춘선', '7호선']"
44147750,0,0,0,0,"['지하철역', '세탁소', '카페', '약국', '대형마트', '편의점', '버스정류장']","['쿠팡', 'SSG', '마켓컬리', '배달의 민족', '요기요']","['역세권', '편리한 상권', '공원', '학원가 근처']","['2호선', '5호선']"
44147992,1,0,0,0,"['지하철역', '세탁소', '카페', '약국', '대형마트', '편의점', '버스정류장']","['쿠팡', 'SSG', '마켓컬리', '배달의 민족', '요기요']","['역세권', '편리한 상권', '공원', '학원가 근처']","['2호선', '3호선', '5호선', '4호선', '6호선']"
44148679,0,0,0,0,"['지하철역', '세탁소', '카페', '약국', '대형마트', '편의점', '버스정류장']","['쿠팡', 'SSG', '마켓컬리', '배달의 민족', '요기요']","['역세권', '대학 근처', '편리한 상권', '공원', '학원가 근처']","['1호선', '중앙선', '경춘선', '수인분당선']"
44148719,0,0,0,0,"['지하철역', '세탁소', '카페', '약국', '대형마트', '편의점', '버스정류장']","['쿠팡', 'SSG', '마켓컬리', '배달의 민족', '요기요']","['역세권', '대학 근처', '편리한 상권', '공원', '학원가 근처']","['1호선', '중앙선', '경춘선', '수인분당선']"
44148884,1,0,0,0,"['지하철역', '세탁소', '카페', '약국', '대형마트', '편의점', '버스정류장']","['쿠팡', 'SSG', '마켓컬리', '배달의 민족', '요기요']","['역세권', '편리한 상권', '공원', '학원가 근처']","['중앙선', '경춘선', '7호선']"
44148970,1,0,0,0,"['지하철역', '세탁소', '카페', '약국', '대형마트', '편의점', '버스정류장']","['쿠팡', 'SSG', '마켓컬리', '배달의 민족', '요기요']","['역세권', '편리한 상권', '공원', '산 근처', '학원가 근처']",['7호선']
44149020,0,0,0,0,"['지하철역', '세탁소', '카페', '약국', '대형마트', '편의점', '버스정류장']","['쿠팡', 'SSG', '마켓컬리', '배달의 민족', '요기요']","['역세권', '편리한 상권', '쇼핑몰', '공원', '학원가 근처']","['1호선', '7호선']"
44149146,0,0,0,0,"['지하철역', '세탁소', '카페', '약국', '대형마트', '편의점', '버스정류장']","['쿠팡', 'SSG', '마켓컬리', '배달의 민족', '요기요']","['역세권', '편리한 상권', '쇼핑몰', '공원', '학원가 근처']","['중앙선', '경춘선', '7호선']"
44149158,1,0,0,0,"['지하철역', '세탁소', '카페', '약국', '대형마트', '편의점', '버스정류장']","['쿠팡', 'SSG', '마켓컬리', '배달의 민족', '요기요']","['더블 역세권', '편리한 상권', '공원', '산 근처', '학원가 근처']",['7호선']
44149187,0,0,0,0,"['지하철역', '세탁소', '카페', '약국', '대형마트', '편의점', '버스정류장']","['쿠팡', 'SSG', '마켓컬리', '배달의 민족', '요기요']","['대학 근처', '편리한 상권', '공원', '학원가 근처']","['우이신설경전철', '4호선', '6호선']"
44149235,0,0,0,0,"['지하철역', '세탁소', '카페', '약국', '대형마트', '편의점', '버스정류장']","['쿠팡', 'SSG', '마켓컬리', '배달의 민족', '요기요']","['대학 근처', '편리한 상권', '공원', '학원가 근처']","['중앙선', '경춘선', '1호선', '6호선', '수인분당선']"
44150150,1,0,0,0,"['지하철역', '세탁소', '카페', '약국', '대형마트', '편의점', '버스정류장']","['쿠팡', 'SSG', '마켓컬리', '배달의 민족', '요기요']","['편리한 상권', '쇼핑몰', '공원', '학원가 근처']","['2호선', '7호선']"
44150955,0,0,0,0,"['지하철역', '세탁소', '카페', '약국', '대형마트', '편의점', '버스정류장']","['쿠팡', 'SSG', '마켓컬리', '배달의 민족', '요기요']","['역세권', '편리한 상권', '공원', '산 근처', '학원가 근처']",['7호선']
44151409,0,0,0,0,"['지하철역', '세탁소', '카페', '약국', '대형마트', '편의점', '버스정류장']","['쿠팡', 'SSG', '마켓컬리', '배달의 민족', '요기요']","['편리한 상권', '공원', '학원가 근처']","['중앙선', '경춘선', '7호선']"
44152108,0,0,0,0,"['지하철역', '세탁소', '카페', '약국', '대형마트', '편의점', '버스정류장']","['쿠팡', 'SSG', '마켓컬리', '배달의 민족', '요기요']","['역세권', '대학 근처', '편리한 상권', '공원', '학원가 근처']","['2호선', '5호선', '7호선']"
44152360,0,0,0,0,"['지하철역', '세탁소', '카페', '약국', '대형마트', '편의점', '버스정류장']","['쿠팡', 'SSG', '마켓컬리', '배달의 민족', '요기요']","['역세권', '편리한 상권', '공원', '산 근처', '학원가 근처']","['5호선', '7호선']"
44152565,0,0,0,1,"['지하철역', '세탁소', '카페', '약국', '대형마트', '편의점', '버스정류장']","['쿠팡', 'SSG', '마켓컬리', '배달의 민족', '요기요']","['역세권', '대학 근처', '편리한 상권', '공원', '학원가 근처']","['1호선', '중앙선', '경춘선', '수인분당선']"
44152597,1,0,0,0,"['지하철역', '세탁소', '카페', '약국', '대형마트', '편의점', '버스정류장']","['쿠팡', 'SSG', '마켓컬리', '배달의 민족', '요기요']","['편리한 상권', '쇼핑몰', '공원', '학원가 근처']","['2호선', '7호선']"
44152629,0,0,0,0,"['지하철역', '세탁소', '카페', '약국', '대형마트', '편의점', '버스정류장']","['쿠팡', 'SSG', '마켓컬리', '배달의 민족', '요기요']","['역세권', '대학 근처', '편리한 상권', '공원', '학원가 근처']","['2호선', '7호선']"
44152771,0,0,0,0,"['지하철역', '세탁소', '카페', '약국', '대형마트', '편의점', '버스정류장']","['쿠팡', 'SSG', '마켓컬리', '배달의 민족', '요기요']","['더블 역세권', '편리한 상권', '공원', '학원가 근처']","['2호선', '수인분당선']"
44153152,0,0,0,0,"['지하철역', '세탁소', '카페', '약국', '대형마트', '편의점', '버스정류장']","['쿠팡', 'SSG', '마켓컬리', '배달의 민족', '요기요']","['더블 역세권', '편리한 상권', '공원', '학원가 근처']","['2호선', '수인분당선']"
44153772,0,0,0,0,"['지하철역', '세탁소', '카페', '약국', '대형마트', '편의점', '버스정류장']","['쿠팡', 'SSG', '마켓컬리', '배달의 민족', '요기요']","['편리한 상권', '쇼핑몰', '공원', '학원가 근처']",['2호선']
44153885,1,0,0,0,"['지하철역', '세탁소', '카페', '약국', '대형마트', '편의점', '버스정류장']","['쿠팡', 'SSG', '마켓컬리', '배달의 민족', '요기요']","['편리한 상권', '쇼핑몰', '공원', '산 근처', '학원가 근처']","['5호선', '7호선']"
44154101,0,0,0,0,"['지하철역', '세탁소', '카페', '약국', '대형마트', '편의점', '버스정류장']","['쿠팡', 'SSG', '마켓컬리', '배달의 민족', '요기요']","['역세권', '대학 근처', '편리한 상권', '쇼핑몰', '공원', '학원가 근처']","['2호선', '7호선']"
44154199,1,0,0,0,"['지하철역', '세탁소', '카페', '약국', '대형마트', '편의점', '버스정류장']","['쿠팡', 'SSG', '마켓컬리', '배달의 민족', '요기요']","['역세권', '편리한 상권', '쇼핑몰', '공원', '산 근처', '학원가 근처']","['5호선', '7호선']"
44154226,1,0,0,0,"['지하철역', '세탁소', '카페', '약국', '대형마트', '편의점', '버스정류장']","['쿠팡', 'SSG', '마켓컬리', '배달의 민족', '요기요']","['편리한 상권', '쇼핑몰', '공원', '학원가 근처']","['2호선', '7호선']"
44154446,1,0,0,0,"['지하철역', '세탁소', '카페', '약국', '대형마트', '편의점', '버스정류장']","['쿠팡', 'SSG', '마켓컬리', '배달의 민족', '요기요']","['대학 근처', '편리한 상권', '공원', '산 근처', '학원가 근처']","['4호선', '우이신설경전철']"
44154842,1,0,0,1,"['지하철역', '세탁소', '카페', '약국', '대형마트', '편의점', '버스정류장']","['쿠팡', 'SSG', '마켓컬리', '배달의 민족', '요기요']","['역세권', '편리한 상권', '공원', '산 근처', '학원가 근처']","['중앙선', '경춘선', '7호선']"
44155120,0,0,0,0,"['지하철역', '세탁소', '카페', '약국', '대형마트', '편의점', '버스정류장']","['쿠팡', 'SSG', '마켓컬리', '배달의 민족', '요기요']","['편리한 상권', '쇼핑몰', '공원', '학원가 근처']","['2호선', '7호선']"
44156181,0,0,0,0,"['지하철역', '세탁소', '카페', '약국', '대형마트', '편의점', '버스정류장']","['쿠팡', 'SSG', '마켓컬리', '배달의 민족', '요기요']","['역세권', '편리한 상권', '공원', '산 근처', '학원가 근처']","['5호선', '7호선']"
44156478,1,1,0,1,"['지하철역', '세탁소', '카페', '약국', '대형마트', '편의점', '버스정류장']","['쿠팡', 'SSG', '마켓컬리', '배달의 민족', '요기요']","['역세권', '대학 근처', '편리한 상권', '공원', '학원가 근처']",['우이신설경전철']
44158102,1,0,0,0,"['지하철역', '세탁소', '카페', '약국', '대형마트', '편의점', '버스정류장']",[],[],"['5호선', '7호선']"
44158112,1,0,0,0,"['지하철역', '세탁소', '카페', '약국', '대형마트', '편의점', '버스정류장']","['쿠팡', 'SSG', '마켓컬리', '배달의 민족', '요기요']","['역세권', '대학 근처', '편리한 상권', '공원', '학원가 근처']","['2호선', '7호선']"
44158636,0,0,0,0,"['지하철역', '세탁소', '카페', '약국', '대형마트', '편의점', '버스정류장']",[],[],"['1호선', '중앙선', '경춘선', '7호선']"
44159117,1,0,0,0,"['지하철역', '세탁소', '카페', '약국', '대형마트', '편의점', '버스정류장']","['쿠팡', 'SSG', '마켓컬리', '배달의 민족', '요기요']","['역세권', '편리한 상권', '공원', '학원가 근처']","['중앙선', '경춘선', '7호선']"
44159148,0,0,0,0,"['지하철역', '세탁소', '카페', '약국', '대형마트', '편의점', '버스정류장']","['쿠팡', 'SSG', '마켓컬리', '배달의 민족', '요기요']","['역세권', '편리한 상권', '공원', '산 근처', '학원가 근처']","['5호선', '7호선']"
44159160,1,0,0,1,"['지하철역', '세탁소', '카페', '약국', '대형마트', '편의점', '버스정류장']","['쿠팡', 'SSG', '마켓컬리', '배달의 민족', '요기요']","['편리한 상권', '공원', '학원가 근처']","['2호선', '7호선']"
44159189,1,0,0,0,"['지하철역', '세탁소', '카페', '약국', '대형마트', '편의점', '버스정류장']","['쿠팡', 'SSG', '마켓컬리', '배달의 민족', '요기요']","['대학 근처', '편리한 상권', '공원', '학원가 근처']","['5호선', '7호선']"
44159301,1,0,0,1,"['지하철역', '세탁소', '카페', '약국', '대형마트', '편의점', '버스정류장']","['쿠팡', 'SSG', '마켓컬리', '배달의 민족', '요기요']","['편리한 상권', '공원', '학원가 근처']","['2호선', '7호선']"
44159606,1,0,0,0,"['지하철역', '세탁소', '카페', '약국', '대형마트', '편의점', '버스정류장']","['쿠팡', 'SSG', '마켓컬리', '배달의 민족', '요기요']","['편리한 상권', '공원', '학원가 근처']","['중앙선', '경춘선', '7호선']"
44159743,0,0,0,0,"['지하철역', '세탁소', '카페', '약국', '대형마트', '편의점', '버스정류장']","['쿠팡', 'SSG', '마켓컬리', '배달의 민족', '요기요']","['역세권', '편리한 상권', '공원', '산 근처', '학원가 근처']","['5호선', '7호선']"
44159929,1,0,0,0,"['지하철역', '세탁소', '카페', '약국', '대형마트', '편의점', '버스정류장']","['쿠팡', 'SSG', '마켓컬리', '배달의 민족', '요기요']","['편리한 상권', '공원', '학원가 근처']","['중앙선', '경춘선', '7호선']"
44160188,1,0,0,0,"['지하철역', '세탁소', '카페', '약국', '대형마트', '편의점', '버스정류장']","['쿠팡', 'SSG', '마켓컬리', '배달의 민족', '요기요']","['역세권', '편리한 상권', '공원', '학원가 근처']","['1호선', '2호선', '6호선']"
44160387,1,0,0,0,"['지하철역', '세탁소', '카페', '약국', '대형마트', '편의점', '버스정류장']","['쿠팡', 'SSG', '마켓컬리', '배달의 민족', '요기요']","['편리한 상권', '쇼핑몰', '공원', '학원가 근처']","['2호선', '7호선']"
44160503,1,0,0,0,"['지하철역', '세탁소', '카페', '약국', '대형마트', '편의점', '버스정류장']","['쿠팡', 'SSG', '마켓컬리', '배달의 민족', '요기요']","['대학 근처', '편리한 상권', '공원', '학원가 근처']","['우이신설경전철', '4호선']"
44160528,0,0,0,0,"['지하철역', '세탁소', '카페', '약국', '대형마트', '편의점', '버스정류장']","['쿠팡', 'SSG', '마켓컬리', '배달의 민족', '요기요']","['역세권', '대학 근처', '편리한 상권', '공원', '학원가 근처']","['2호선', '7호선']"
44160937,0,0,0,0,"['지하철역', '세탁소', '카페', '약국', '대형마트', '편의점', '버스정류장']","['쿠팡', 'SSG', '마켓컬리', '배달의 민족', '요기요']","['역세권', '대학 근처', '편리한 상권', '공원', '산 근처', '학원가 근처']","['우이신설경전철', '4호선']"
44160979,1,0,0,0,"['지하철역', '세탁소', '카페', '약국', '대형마트', '편의점', '버스정류장']","['쿠팡', 'SSG', '마켓컬리', '배달의 민족', '요기요']","['편리한 상권', '공원', '학원가 근처']","['중앙선', '경춘선', '7호선']"
44161085,1,0,0,0,"['지하철역', '세탁소', '카페', '약국', '대형마트', '편의점', '버스정류장']","['쿠팡', 'SSG', '마켓컬리', '배달의 민족', '요기요']","['역세권', '편리한 상권', '쇼핑몰', '공원', '학원가 근처']","['6호선', '7호선']"
44161148,1,0,0,0,"['지하철역', '세탁소', '카페', '약국', '대형마트', '편의점', '버스정류장']","['쿠팡', 'SSG', '마켓컬리', '배달의 민족', '요기요']","['편리한 상권', '공원', '산 근처', '학원가 근처']","['5호선', '7호선']"
44161286,0,0,0,0,"['지하철역', '세탁소', '카페', '약국', '대형마트', '편의점', '버스정류장']","['쿠팡', 'SSG', '마켓컬리', '배달의 민족', '요기요']","['더블 역세권', '편리한 상권', '공원', '학원가 근처']","['2호선', '5호선']"
44161395,1,0,0,0,"['지하철역', '세탁소', '카페', '약국', '대형마트', '편의점', '버스정류장']","['쿠팡', 'SSG', '마켓컬리', '배달의 민족', '요기요']","['편리한 상권', '공원', '산 근처', '학원가 근처']",['7호선']
44161576,1,0,0,0,"['지하철역', '세탁소', '카페', '약국', '대형마트', '편의점', '버스정류장']","['쿠팡', 'SSG', '마켓컬리', '배달의 민족', '요기요']","['역세권', '편리한 상권', '공원', '학원가 근처']","['중앙선', '경춘선', '7호선']"
44161817,0,0,0,0,"['지하철역', '세탁소', '카페', '약국', '대형마트', '편의점', '버스정류장']","['쿠팡', 'SSG', '마켓컬리', '배달의 민족', '요기요']","['역세권', '편리한 상권', '공원', '학원가 근처']","['5호선', '7호선']"
44161839,1,0,0,0,"['지하철역', '세탁소', '카페', '약국', '대형마트', '편의점', '버스정류장']","['쿠팡', 'SSG', '마켓컬리', '배달의 민족', '요기요']","['역세권', '편리한 상권', '쇼핑몰', '공원', '산 근처', '학원가 근처']","['5호선', '7호선']"
44162157,1,0,0,0,"['지하철역', '세탁소', '카페', '약국', '대형마트', '편의점', '버스정류장']","['쿠팡', 'SSG', '마켓컬리', '배달의 민족', '요기요']","['편리한 상권', '공원', '학원가 근처']","['2호선', '5호선', '7호선']"
44162165,0,0,0,0,"['지하철역', '세탁소', '카페', '약국', '대형마트', '편의점', '버스정류장']","['쿠팡', 'SSG', '마켓컬리', '배달의 민족', '요기요']","['역세권', '대학 근처', '편리한 상권', '공원', '학원가 근처']","['2호선', '7호선']"
44162358,1,0,0,0,"['지하철역', '세탁소', '카페', '약국', '대형마트', '편의점', '버스정류장']","['쿠팡', 'SSG', '마켓컬리', '배달의 민족', '요기요']","['역세권', '편리한 상권', '공원', '산 근처', '학원가 근처']","['중앙선', '경춘선', '7호선']"
44162472,1,0,0,0,"['지하철역', '세탁소', '카페', '약국', '대형마트', '편의점', '버스정류장']","['쿠팡', 'SSG', '마켓컬리', '배달의 민족', '요기요']","['역세권', '대학 근처', '편리한 상권', '공원', '학원가 근처']","['1호선', '중앙선', '경춘선']"
44162625,0,0,0,0,"['지하철역', '세탁소', '카페', '약국', '대형마트', '편의점', '버스정류장']","['쿠팡', 'SSG', '마켓컬리', '배달의 민족', '요기요']","['역세권', '편리한 상권', '쇼핑몰', '공원', '학원가 근처']","['1호선', '2호선', '6호선']"
44162671,0,0,0,0,"['지하철역', '세탁소', '카페', '약국', '대형마트', '편의점', '버스정류장']","['쿠팡', 'SSG', '마켓컬리', '배달의 민족', '요기요']","['역세권', '편리한 상권', '쇼핑몰', '공원', '학원가 근처']",['7호선']
44162697,1,0,0,0,"['지하철역', '세탁소', '카페', '약국', '대형마트', '편의점', '버스정류장']","['쿠팡', 'SSG', '마켓컬리', '배달의 민족', '요기요']","['대학 근처', '편리한 상권', '쇼핑몰', '공원', '학원가 근처']","['2호선', '중앙선', '경춘선', '1호선', '수인분당선']"
44163480,0,0,0,0,"['지하철역', '세탁소', '카페', '약국', '대형마트', '편의점', '버스정류장']","['쿠팡', 'SSG', '마켓컬리', '배달의 민족', '요기요']","['더블 역세권', '편리한 상권', '공원', '학원가 근처']","['중앙선', '2호선', '5호선', '수인분당선']"
44163621,0,0,0,0,"['지하철역', '세탁소', '카페', '약국', '대형마트', '편의점', '버스정류장']","['쿠팡', 'SSG', '마켓컬리', '배달의 민족', '요기요']","['역세권', '편리한 상권', '공원', '학원가 근처']","['중앙선', '경춘선', '7호선']"
44163709,0,0,0,0,"['지하철역', '세탁소', '카페', '약국', '대형마트', '편의점', '버스정류장']","['쿠팡', 'SSG', '마켓컬리', '배달의 민족', '요기요']","['역세권', '편리한 상권', '쇼핑몰', '공원', '학원가 근처']","['1호선', '7호선']"
44164510,1,0,0,0,"['지하철역', '세탁소', '카페', '약국', '대형마트', '편의점', '버스정류장']","['쿠팡', 'SSG', '마켓컬리', '배달의 민족', '요기요']","['역세권', '대학 근처', '편리한 상권', '공원', '학원가 근처']","['2호선', '5호선']"
44164738,1,0,0,0,"['지하철역', '세탁소', '카페', '약국', '대형마트', '편의점', '버스정류장']","['쿠팡', 'SSG', '마켓컬리', '배달의 민족', '요기요']","['역세권', '편리한 상권', '공원', '학원가 근처']","['1호선', '우이신설경전철', '2호선']"
44165030,1,0,0,0,"['지하철역', '세탁소', '카페', '약국', '대형마트', '편의점', '버스정류장']","['쿠팡', 'SSG', '마켓컬리', '배달의 민족', '요기요']","['역세권', '편리한 상권', '공원', '학원가 근처']","['2호선', '5호선']"
44166178,1,0,0,0,"['지하철역', '세탁소', '카페', '약국', '대형마트', '편의점', '버스정류장']","['쿠팡', 'SSG', '마켓컬리', '배달의 민족', '요기요']","['역세권', '대학 근처', '편리한 상권', '공원', '학원가 근처']","['1호선', '우이신설경전철', '2호선', '6호선']"
44167005,1,0,0,0,"['지하철역', '세탁소', '카페', '약국', '대형마트', '편의점', '버스정류장']","['쿠팡', 'SSG', '마켓컬리', '배달의 민족', '요기요']","['역세권', '편리한 상권', '쇼핑몰', '공원', '학원가 근처']","['1호선', '우이신설경전철', '2호선', '6호선']"
44167567,0,0,0,0,"['지하철역', '세탁소', '카페', '약국', '대형마트', '편의점', '버스정류장']","['쿠팡', 'SSG', '마켓컬리', '배달의 민족', '요기요']","['역세권', '편리한 상권', '공원', '산 근처', '학원가 근처']","['5호선', '7호선']"
44168183,1,0,0,0,"['지하철역', '세탁소', '카페', '약국', '대형마트', '편의점', '버스정류장']","['쿠팡', 'SSG', '마켓컬리', '배달의 민족', '요기요']","['편리한 상권', '공원', '학원가 근처']","['중앙선', '경춘선', '7호선']"
44168245,0,0,0,0,"['지하철역', '세탁소', '카페', '약국', '대형마트', '편의점', '버스정류장']","['쿠팡', 'SSG', '마켓컬리', '배달의 민족', '요기요']","['편리한 상권', '쇼핑몰', '공원', '학원가 근처']","['2호선', '7호선']"
44168252,1,0,0,0,"['지하철역', '세탁소', '카페', '약국', '대형마트', '편의점', '버스정류장']","['쿠팡', 'SSG', '마켓컬리', '배달의 민족', '요기요']","['더블 역세권', '편리한 상권', '공원', '학원가 근처']","['중앙선', '경춘선', '7호선']"
44168376,0,0,0,0,"['지하철역', '세탁소', '카페', '약국', '대형마트', '편의점', '버스정류장']","['쿠팡', 'SSG', '마켓컬리', '배달의 민족', '요기요']","['편리한 상권', '쇼핑몰', '공원', '학원가 근처']","['2호선', '7호선']"
44168433,0,0,0,0,"['지하철역', '세탁소', '카페', '약국', '대형마트', '편의점', '버스정류장']","['쿠팡', 'SSG', '마켓컬리', '배달의 민족', '요기요']","['더블 역세권', '대학 근처', '편리한 상권', '공원', '산 근처', '학원가 근처']","['3호선', '6호선', '5호선']"
44168546,0,0,0,0,"['지하철역', '세탁소', '카페', '약국', '대형마트', '편의점', '버스정류장']","['쿠팡', 'SSG', '마켓컬리', '배달의 민족', '요기요']","['대학 근처', '편리한 상권', '공원', '학원가 근처']","['5호선', '7호선']"
44168588,0,0,0,0,"['지하철역', '세탁소', '카페', '약국', '대형마트', '편의점', '버스정류장']","['쿠팡', 'SSG', '마켓컬리', '배달의 민족', '요기요']","['더블 역세권', '편리한 상권', '공원', '학원가 근처']","['1호선', '우이신설경전철', '6호선', '2호선']"
44168852,1,0,0,0,"['지하철역', '세탁소', '카페', '약국', '대형마트', '편의점', '버스정류장']","['쿠팡', 'SSG', '마켓컬리', '배달의 민족', '요기요']","['역세권', '편리한 상권', '공원', '학원가 근처']","['1호선', '중앙선', '경춘선']"
44168917,0,0,0,0,"['지하철역', '세탁소', '카페', '약국', '대형마트', '편의점', '버스정류장']","['쿠팡', 'SSG', '마켓컬리', '배달의 민족', '요기요']","['역세권', '편리한 상권', '쇼핑몰', '공원', '학원가 근처']","['2호선', '수인분당선']"
44169050,0,0,0,0,"['지하철역', '세탁소', '카페', '약국', '대형마트', '편의점', '버스정류장']","['쿠팡', 'SSG', '마켓컬리', '배달의 민족', '요기요']","['역세권', '편리한 상권', '공원', '학원가 근처']",['2호선']
44169966,1,0,0,0,"['지하철역', '세탁소', '카페', '약국', '대형마트', '편의점', '버스정류장']","['쿠팡', 'SSG', '마켓컬리', '배달의 민족', '요기요']","['역세권', '편리한 상권', '공원', '학원가 근처']","['중앙선', '경춘선', '7호선']"
44170659,0,0,0,0,"['지하철역', '세탁소', '카페', '약국', '대형마트', '편의점', '버스정류장']","['쿠팡', 'SSG', '마켓컬리', '배달의 민족', '요기요']","['편리한 상권', '공원', '학원가 근처']","['2호선', '7호선']"
44170766,0,0,0,0,"['지하철역', '세탁소', '카페', '약국', '대형마트', '편의점', '버스정류장']","['쿠팡', 'SSG', '마켓컬리', '배달의 민족', '요기요']","['역세권', '대학 근처', '편리한 상권', '공원', '학원가 근처']","['우이신설경전철', '4호선', '6호선']"
44170850,1,0,0,0,"['지하철역', '세탁소', '카페', '약국', '대형마트', '편의점', '버스정류장']","['쿠팡', 'SSG', '마켓컬리', '배달의 민족', '요기요']","['역세권', '편리한 상권', '쇼핑몰', '공원', '학원가 근처']","['1호선', '6호선', '7호선']"
44171362,0,0,0,0,"['지하철역', '세탁소', '카페', '약국', '대형마트', '편의점', '버스정류장']","['쿠팡', 'SSG', '마켓컬리', '배달의 민족', '요기요']","['역세권', '편리한 상권', '공원', '학원가 근처']","['중앙선', '경춘선', '7호선']"
44171370,1,0,0,0,"['지하철역', '세탁소', '카페', '약국', '대형마트', '편의점', '버스정류장']","['쿠팡', 'SSG', '마켓컬리', '배달의 민족', '요기요']","['더블 역세권', '편리한 상권', '쇼핑몰', '공원', '학원가 근처']","['중앙선', '경춘선', '7호선']"
44172564,1,0,0,0,"['지하철역', '세탁소', '카페', '약국', '대형마트', '편의점', '버스정류장']","['쿠팡', 'SSG', '마켓컬리', '배달의 민족', '요기요']","['편리한 상권', '공원', '학원가 근처']","['중앙선', '경춘선', '7호선']"
44173475,1,0,0,0,"['지하철역', '세탁소', '카페', '약국', '대형마트', '편의점', '버스정류장']",[],[],"['4호선', '2호선', '6호선', '5호선']"
44174198,1,0,0,0,"['지하철역', '세탁소', '카페', '약국', '대형마트', '편의점', '버스정류장']","['쿠팡', 'SSG', '마켓컬리', '배달의 민족', '요기요']","['역세권', '편리한 상권', '쇼핑몰', '공원', '산 근처', '학원가 근처']","['5호선', '7호선']"
44174280,1,0,0,0,"['지하철역', '세탁소', '카페', '약국', '대형마트', '편의점', '버스정류장']","['쿠팡', 'SSG', '마켓컬리', '배달의 민족', '요기요']","['편리한 상권', '쇼핑몰', '공원', '학원가 근처']","['중앙선', '경춘선', '7호선']"
44174648,1,0,0,0,"['지하철역', '세탁소', '카페', '약국', '대형마트', '편의점', '버스정류장']","['쿠팡', 'SSG', '마켓컬리', '배달의 민족', '요기요']","['역세권', '편리한 상권', '쇼핑몰', '공원', '학원가 근처']","['6호선', '7호선']"
44175158,0,0,0,0,"['지하철역', '세탁소', '카페', '약국', '대형마트', '편의점', '버스정류장']","['쿠팡', 'SSG', '마켓컬리', '배달의 민족', '요기요']","['역세권', '편리한 상권', '쇼핑몰', '공원', '학원가 근처']","['중앙선', '경춘선', '7호선']"
44175350,1,0,0,1,"['지하철역', '세탁소', '카페', '약국', '대형마트', '편의점', '버스정류장']","['쿠팡', 'SSG', '마켓컬리', '배달의 민족', '요기요']","['역세권', '편리한 상권', '공원', '학원가 근처']","['2호선', '5호선']"
44176035,0,0,0,0,"['지하철역', '세탁소', '카페', '약국', '대형마트', '편의점', '버스정류장']","['쿠팡', 'SSG', '마켓컬리', '배달의 민족', '요기요']","['역세권', '편리한 상권', '공원', '학원가 근처']","['중앙선', '경춘선', '7호선']"
44176052,0,0,0,0,"['지하철역', '세탁소', '카페', '약국', '대형마트', '편의점', '버스정류장']","['쿠팡', 'SSG', '마켓컬리', '배달의 민족', '요기요']","['대학 근처', '편리한 상권', '학원가 근처']","['1호선', '6호선']"
44176328,0,0,0,0,"['지하철역', '세탁소', '카페', '약국', '대형마트', '편의점', '버스정류장']","['쿠팡', 'SSG', '마켓컬리', '배달의 민족', '요기요']","['대학 근처', '편리한 상권', '학원가 근처']","['1호선', '중앙선', '경춘선', '수인분당선']"
44177097,1,0,0,1,"['지하철역', '세탁소', '카페', '약국', '대형마트', '편의점', '버스정류장']","['쿠팡', 'SSG', '마켓컬리', '배달의 민족', '요기요']","['역세권', '편리한 상권', '쇼핑몰', '공원', '학원가 근처']","['중앙선', '경춘선', '7호선']"
44177148,1,0,0,0,"['지하철역', '세탁소', '카페', '약국', '대형마트', '편의점', '버스정류장']","['쿠팡', 'SSG', '마켓컬리', '배달의 민족', '요기요']","['역세권', '편리한 상권', '공원', '학원가 근처']","['2호선', '5호선']"
44177209,1,0,0,0,"['지하철역', '세탁소', '카페', '약국', '대형마트', '편의점', '버스정류장']","['쿠팡', 'SSG', '마켓컬리', '배달의 민족', '요기요']","['편리한 상권', '공원', '산 근처', '학원가 근처']","['4호선', '우이신설경전철']"
44177766,0,0,0,0,"['지하철역', '세탁소', '카페', '약국', '대형마트', '편의점', '버스정류장']","['쿠팡', 'SSG', '마켓컬리', '배달의 민족', '요기요']","['편리한 상권', '공원', '학원가 근처']","['2호선', '7호선']"
44177780,0,0,0,0,"['지하철역', '세탁소', '카페', '약국', '대형마트', '편의점', '버스정류장']","['쿠팡', 'SSG', '마켓컬리', '배달의 민족', '요기요']","['역세권', '대학 근처', '편리한 상권', '공원', '학원가 근처']","['1호선', '중앙선', '경춘선']"
44178007,0,0,0,0,"['지하철역', '세탁소', '카페', '약국', '대형마트', '편의점', '버스정류장']","['쿠팡', 'SSG', '마켓컬리', '배달의 민족', '요기요']","['역세권', '대학 근처', '편리한 상권', '공원', '학원가 근처']","['1호선', '중앙선', '경춘선', '수인분당선']"
44178129,1,0,0,0,"['지하철역', '세탁소', '카페', '약국', '대형마트', '편의점', '버스정류장']","['쿠팡', 'SSG', '마켓컬리', '배달의 민족', '요기요']","['대학 근처', '편리한 상권', '쇼핑몰', '공원', '학원가 근처']","['2호선', '중앙선', '경춘선', '1호선', '수인분당선']"
44178168,1,0,0,0,"['지하철역', '세탁소', '카페', '약국', '대형마트', '편의점', '버스정류장']","['쿠팡', 'SSG', '마켓컬리', '배달의 민족', '요기요']","['편리한 상권', '쇼핑몰', '공원', '학원가 근처']",['7호선']
44178206,1,0,0,0,"['지하철역', '세탁소', '카페', '약국', '대형마트', '편의점', '버스정류장']","['쿠팡', 'SSG', '마켓컬리', '배달의 민족', '요기요']","['역세권', '편리한 상권', '공원', '학원가 근처']","['1호선', '중앙선', '경춘선']"
44178235,1,0,0,0,"['지하철역', '세탁소', '카페', '약국', '대형마트', '편의점', '버스정류장']","['쿠팡', 'SSG', '마켓컬리', '배달의 민족', '요기요']","['편리한 상권', '쇼핑몰', '공원', '학원가 근처']","['2호선', '7호선']"
44178326,0,0,0,0,"['지하철역', '세탁소', '카페', '약국', '대형마트', '편의점', '버스정류장']","['쿠팡', 'SSG', '마켓컬리', '배달의 민족', '요기요']","['역세권', '편리한 상권', '공원', '학원가 근처']","['중앙선', '경춘선', '7호선']"
44178343,1,0,0,0,"['지하철역', '세탁소', '카페', '약국', '대형마트', '편의점', '버스정류장']","['쿠팡', 'SSG', '마켓컬리', '배달의 민족', '요기요']","['역세권', '편리한 상권', '공원', '학원가 근처']","['중앙선', '경춘선', '7호선']"
44178469,1,0,0,0,"['지하철역', '세탁소', '카페', '약국', '대형마트', '편의점', '버스정류장']","['쿠팡', 'SSG', '마켓컬리', '배달의 민족', '요기요']","['역세권', '편리한 상권', '공원', '학원가 근처']","['1호선', '우이신설경전철', '2호선', '6호선']"
44178470,1,0,0,0,"['지하철역', '세탁소', '카페', '약국', '대형마트', '편의점', '버스정류장']","['쿠팡', 'SSG', '마켓컬리', '배달의 민족', '요기요']","['편리한 상권', '쇼핑몰', '공원', '학원가 근처']","['1호선', '우이신설경전철', '2호선', '6호선']"
44178512,1,0,0,0,"['지하철역', '세탁소', '카페', '약국', '대형마트', '편의점', '버스정류장']","['쿠팡', 'SSG', '마켓컬리', '배달의 민족', '요기요']","['역세권', '편리한 상권', '쇼핑몰', '공원', '학원가 근처']","['중앙선', '경춘선', '7호선']"
44178523,1,0,0,0,"['지하철역', '세탁소', '카페', '약국', '대형마트', '편의점', '버스정류장']","['쿠팡', 'SSG', '마켓컬리', '배달의 민족', '요기요']","['편리한 상권', '쇼핑몰', '공원', '학원가 근처']","['1호선', '우이신설경전철', '2호선', '6호선']"
44178569,1,0,0,0,"['지하철역', '세탁소', '카페', '약국', '대형마트', '편의점', '버스정류장']","['쿠팡', 'SSG', '마켓컬리', '배달의 민족', '요기요']","['역세권', '편리한 상권', '쇼핑몰', '공원', '학원가 근처']","['중앙선', '경춘선', '7호선']"
44178660,1,0,0,0,"['지하철역', '세탁소', '카페', '약국', '대형마트', '편의점', '버스정류장']","['쿠팡', 'SSG', '마켓컬리', '배달의 민족', '요기요']","['역세권', '편리한 상권', '공원', '학원가 근처']","['중앙선', '경춘선', '7호선']"
44179265,0,0,0,0,"['지하철역', '세탁소', '카페', '약국', '대형마트', '편의점', '버스정류장']","['쿠팡', 'SSG', '마켓컬리', '배달의 민족', '요기요']","['역세권', '대학 근처', '편리한 상권', '쇼핑몰', '공원', '학원가 근처']","['1호선', '중앙선', '경춘선']"
44179409,1,0,0,0,"['지하철역', '세탁소', '카페', '약국', '대형마트', '편의점', '버스정류장']","['쿠팡', 'SSG', '마켓컬리', '배달의 민족', '요기요']","['대학 근처', '편리한 상권', '쇼핑몰', '공원', '학원가 근처']","['2호선', '7호선']"
44179835,1,0,0,0,"['지하철역', '세탁소', '카페', '약국', '대형마트', '편의점', '버스정류장']","['쿠팡', 'SSG', '마켓컬리', '배달의 민족', '요기요']","['역세권', '편리한 상권', '공원', '학원가 근처']",['2호선']
44179862,1,0,0,0,"['지하철역', '세탁소', '카페', '약국', '대형마트', '편의점', '버스정류장']","['쿠팡', 'SSG', '마켓컬리', '배달의 민족', '요기요']","['대학 근처', '편리한 상권', '공원', '학원가 근처']","['2호선', '7호선']"
44179872,1,0,0,0,"['지하철역', '세탁소', '카페', '약국', '대형마트', '편의점', '버스정류장']","['쿠팡', 'SSG', '마켓컬리', '배달의 민족', '요기요']","['편리한 상권', '쇼핑몰', '공원', '학원가 근처']","['2호선', '7호선']"
44179880,1,0,0,0,"['지하철역', '세탁소', '카페', '약국', '대형마트', '편의점', '버스정류장']","['쿠팡', 'SSG', '마켓컬리', '배달의 민족', '요기요']","['대학 근처', '편리한 상권', '공원', '학원가 근처']","['2호선', '5호선', '7호선']"
44179994,1,0,0,0,"['지하철역', '세탁소', '카페', '약국', '대형마트', '편의점', '버스정류장']","['쿠팡', 'SSG', '마켓컬리', '배달의 민족', '요기요']","['편리한 상권', '쇼핑몰', '공원', '학원가 근처']","['중앙선', '경춘선', '7호선']"
44180046,1,0,0,0,"['지하철역', '세탁소', '카페', '약국', '대형마트', '편의점', '버스정류장']","['쿠팡', 'SSG', '마켓컬리', '배달의 민족', '요기요']","['편리한 상권', '공원', '학원가 근처']","['2호선', '5호선', '7호선']"
44180189,1,0,0,0,"['지하철역', '세탁소', '카페', '약국', '대형마트', '편의점', '버스정류장']","['쿠팡', 'SSG', '마켓컬리', '배달의 민족', '요기요']","['역세권', '편리한 상권', '쇼핑몰', '학원가 근처']","['5호선', '7호선']"
44180282,1,0,0,0,"['지하철역', '세탁소', '카페', '약국', '대형마트', '편의점', '버스정류장']","['쿠팡', 'SSG', '마켓컬리', '배달의 민족', '요기요']","['편리한 상권', '쇼핑몰', '공원', '학원가 근처']","['2호선', '7호선']"
44180389,1,0,0,0,"['지하철역', '세탁소', '카페', '약국', '대형마트', '편의점', '버스정류장']","['쿠팡', 'SSG', '마켓컬리', '배달의 민족', '요기요']","['역세권', '대학 근처', '편리한 상권', '공원', '학원가 근처']","['1호선', '우이신설경전철', '6호선', '2호선']"
44180656,1,0,0,0,"['지하철역', '세탁소', '카페', '약국', '대형마트', '편의점', '버스정류장']","['쿠팡', 'SSG', '마켓컬리', '배달의 민족', '요기요']","['편리한 상권', '쇼핑몰', '공원', '학원가 근처']","['중앙선', '경춘선', '7호선']"
44181293,0,0,0,0,"['지하철역', '세탁소', '카페', '약국', '대형마트', '편의점', '버스정류장']","['쿠팡', 'SSG', '마켓컬리', '배달의 민족', '요기요']","['역세권', '대학 근처', '편리한 상권', '공원', '학원가 근처']","['2호선', '5호선', '7호선']"
44181582,1,0,0,0,"['지하철역', '세탁소', '카페', '약국', '대형마트', '편의점', '버스정류장']","['쿠팡', 'SSG', '마켓컬리', '배달의 민족', '요기요']","['더블 역세권', '편리한 상권', '쇼핑몰', '공원', '학원가 근처']","['6호선', '7호선']"
44181697,1,0,0,0,"['지하철역', '세탁소', '카페', '약국', '대형마트', '편의점', '버스정류장']","['쿠팡', 'SSG', '마켓컬리', '배달의 민족', '요기요']","['역세권', '편리한 상권', '쇼핑몰', '공원', '학원가 근처']","['1호선', '7호선']"
44181724,0,0,0,0,"['지하철역', '세탁소', '카페', '약국', '대형마트', '편의점', '버스정류장']","['쿠팡', 'SSG', '마켓컬리', '배달의 민족', '요기요']","['대학 근처', '편리한 상권', '공원', '학원가 근처']","['2호선', '7호선']"
44181920,1,0,0,0,"['지하철역', '세탁소', '카페', '약국', '대형마트', '편의점', '버스정류장']","['쿠팡', 'SSG', '마켓컬리', '배달의 민족', '요기요']","['역세권', '편리한 상권', '공원', '학원가 근처']","['중앙선', '경춘선', '7호선']"
44182110,1,0,0,0,"['지하철역', '세탁소', '카페', '약국', '대형마트', '편의점', '버스정류장']","['쿠팡', 'SSG', '마켓컬리', '배달의 민족', '요기요']","['더블 역세권', '편리한 상권', '공원', '학원가 근처']","['중앙선', '경춘선', '7호선']"
44182163,1,0,0,0,"['지하철역', '세탁소', '카페', '약국', '대형마트', '편의점', '버스정류장']","['쿠팡', 'SSG', '마켓컬리', '배달의 민족', '요기요']","['역세권', '대학 근처', '편리한 상권', '공원', '산 근처', '학원가 근처']","['우이신설경전철', '4호선']"
44182558,0,0,0,0,"['지하철역', '세탁소', '카페', '약국', '대형마트', '편의점', '버스정류장']","['쿠팡', 'SSG', '마켓컬리', '배달의 민족', '요기요']","['역세권', '편리한 상권', '쇼핑몰', '공원', '산 근처', '학원가 근처']",['7호선']
44182565,1,0,0,0,"['지하철역', '세탁소', '카페', '약국', '대형마트', '편의점', '버스정류장']","['쿠팡', 'SSG', '마켓컬리', '배달의 민족', '요기요']","['역세권', '편리한 상권', '쇼핑몰', '공원', '학원가 근처']","['6호선', '7호선']"
44182835,1,0,0,0,"['지하철역', '세탁소', '카페', '약국', '대형마트', '편의점', '버스정류장']","['쿠팡', 'SSG', '마켓컬리', '배달의 민족', '요기요']","['대학 근처', '편리한 상권', '공원', '학원가 근처']","['2호선', '7호선']"
44182950,1,0,0,0,"['지하철역', '세탁소', '카페', '약국', '대형마트', '편의점', '버스정류장']","['쿠팡', 'SSG', '마켓컬리', '배달의 민족', '요기요']","['역세권', '편리한 상권', '쇼핑몰', '공원', '학원가 근처']","['6호선', '7호선']"
44183256,1,0,0,0,"['지하철역', '세탁소', '카페', '약국', '대형마트', '편의점', '버스정류장']","['쿠팡', 'SSG', '마켓컬리', '배달의 민족', '요기요']","['트리플 역세권', '편리한 상권', '공원', '학원가 근처']","['3호선', '6호선', '5호선']"
44183283,0,0,0,0,"['지하철역', '세탁소', '카페', '약국', '대형마트', '편의점', '버스정류장']","['쿠팡', 'SSG', '마켓컬리', '배달의 민족', '요기요']","['역세권', '대학 근처', '편리한 상권', '공원', '학원가 근처']","['2호선', '7호선']"
44183342,0,0,0,0,"['지하철역', '세탁소', '카페', '약국', '대형마트', '편의점', '버스정류장']","['쿠팡', 'SSG', '마켓컬리', '배달의 민족', '요기요']","['대학 근처', '편리한 상권', '공원', '학원가 근처']","['2호선', '7호선']"
44183396,1,0,0,0,"['지하철역', '세탁소', '카페', '약국', '대형마트', '편의점', '버스정류장']","['쿠팡', 'SSG', '마켓컬리', '배달의 민족', '요기요']","['역세권', '편리한 상권', '쇼핑몰', '공원', '학원가 근처']","['1호선', '4호선', '6호선']"
44183567,1,0,0,0,"['지하철역', '세탁소', '카페', '약국', '대형마트', '편의점', '버스정류장']","['쿠팡', 'SSG', '마켓컬리', '배달의 민족', '요기요']","['대학 근처', '편리한 상권', '공원', '학원가 근처']","['2호선', '7호선']"
44183595,1,0,0,0,"['지하철역', '세탁소', '카페', '약국', '대형마트', '편의점', '버스정류장']","['쿠팡', 'SSG', '마켓컬리', '배달의 민족', '요기요']","['대학 근처', '편리한 상권', '공원', '학원가 근처']","['2호선', '7호선']"
44183755,1,0,0,0,"['지하철역', '세탁소', '카페', '약국', '대형마트', '편의점', '버스정류장']","['쿠팡', 'SSG', '마켓컬리', '배달의 민족', '요기요']","['역세권', '편리한 상권', '공원', '산 근처', '학원가 근처']","['중앙선', '경춘선', '7호선']"
44184075,1,0,0,1,"['지하철역', '세탁소', '카페', '약국', '대형마트', '편의점', '버스정류장']","['쿠팡', 'SSG', '마켓컬리', '배달의 민족', '요기요']","['편리한 상권', '쇼핑몰', '공원', '학원가 근처']","['2호선', '7호선']"
44184131,1,0,0,0,"['지하철역', '세탁소', '카페', '약국', '대형마트', '편의점', '버스정류장']","['쿠팡', 'SSG', '마켓컬리', '배달의 민족', '요기요']","['역세권', '편리한 상권', '공원', '학원가 근처']","['2호선', '5호선']"
44184439,0,0,0,0,"['지하철역', '세탁소', '카페', '약국', '대형마트', '편의점', '버스정류장']","['쿠팡', 'SSG', '마켓컬리', '배달의 민족', '요기요']","['편리한 상권', '공원', '산 근처', '학원가 근처']","['5호선', '7호선']"
44184513,0,0,0,0,"['지하철역', '세탁소', '카페', '약국', '대형마트', '편의점', '버스정류장']","['쿠팡', 'SSG', '마켓컬리', '배달의 민족', '요기요']","['역세권', '편리한 상권', '쇼핑몰', '공원', '학원가 근처']","['1호선', '4호선', '6호선']"
44184633,1,0,0,0,"['지하철역', '세탁소', '카페', '약국', '대형마트', '편의점', '버스정류장']","['쿠팡', 'SSG', '마켓컬리', '배달의 민족', '요기요']","['역세권', '편리한 상권', '공원', '산 근처', '학원가 근처']","['우이신설경전철', '4호선', '6호선']"
44184829,1,0,0,0,"['지하철역', '세탁소', '카페', '약국', '대형마트', '편의점', '버스정류장']","['쿠팡', 'SSG', '마켓컬리', '배달의 민족', '요기요']","['역세권', '편리한 상권', '쇼핑몰', '공원', '학원가 근처']","['1호선', '7호선']"
44184887,1,0,0,1,"['지하철역', '세탁소', '카페', '약국', '대형마트', '편의점', '버스정류장']","['쿠팡', 'SSG', '마켓컬리', '배달의 민족', '요기요']","['대학 근처', '편리한 상권', '쇼핑몰', '학원가 근처']","['2호선', '중앙선', '경춘선', '1호선', '수인분당선']"
44185005,1,0,0,0,"['지하철역', '세탁소', '카페', '약국', '대형마트', '편의점', '버스정류장']","['쿠팡', 'SSG', '마켓컬리', '배달의 민족', '요기요']","['역세권', '대학 근처', '편리한 상권', '공원', '산 근처', '학원가 근처']",['우이신설경전철']
44185391,1,0,0,0,"['지하철역', '세탁소', '카페', '약국', '대형마트', '편의점', '버스정류장']","['쿠팡', 'SSG', '마켓컬리', '배달의 민족', '요기요']","['편리한 상권', '쇼핑몰', '공원', '학원가 근처']","['2호선', '7호선']"
44185837,0,0,0,0,"['지하철역', '세탁소', '카페', '약국', '대형마트', '편의점', '버스정류장']","['쿠팡', 'SSG', '마켓컬리', '배달의 민족', '요기요']","['역세권', '편리한 상권', '쇼핑몰', '공원', '산 근처', '학원가 근처']","['5호선', '7호선']"
44186037,0,0,0,0,"['지하철역', '세탁소', '카페', '약국', '대형마트', '편의점', '버스정류장']","['쿠팡', 'SSG', '마켓컬리', '배달의 민족', '요기요']","['역세권', '편리한 상권', '공원', '학원가 근처']","['4호선', '2호선', '6호선', '5호선']"
44186073,0,0,0,0,"['지하철역', '세탁소', '카페', '약국', '대형마트', '편의점', '버스정류장']","['쿠팡', 'SSG', '마켓컬리', '배달의 민족', '요기요']","['역세권', '대학 근처', '편리한 상권', '공원', '학원가 근처']","['2호선', '7호선']"
44186270,1,0,0,1,"['지하철역', '세탁소', '카페', '약국', '대형마트', '편의점', '버스정류장']","['쿠팡', 'SSG', '마켓컬리', '배달의 민족', '요기요']","['역세권', '편리한 상권', '쇼핑몰', '공원', '학원가 근처']","['1호선', '7호선']"
44186351,1,0,0,0,"['지하철역', '세탁소', '카페', '약국', '대형마트', '편의점', '버스정류장']","['쿠팡', 'SSG', '마켓컬리', '배달의 민족', '요기요']","['편리한 상권', '공원', '학원가 근처']","['2호선', '5호선']"
44186510,1,0,0,0,"['지하철역', '세탁소', '카페', '약국', '대형마트', '편의점', '버스정류장']","['쿠팡', 'SSG', '마켓컬리', '배달의 민족', '요기요']","['역세권', '편리한 상권', '쇼핑몰', '공원', '산 근처', '학원가 근처']",['7호선']
44186515,0,0,0,0,"['지하철역', '세탁소', '카페', '약국', '대형마트', '편의점', '버스정류장']","['쿠팡', 'SSG', '마켓컬리', '배달의 민족', '요기요']","['역세권', '대학 근처', '편리한 상권', '공원', '학원가 근처']","['2호선', '7호선']"
44186630,0,0,0,0,"['지하철역', '세탁소', '카페', '약국', '대형마트', '편의점', '버스정류장']","['쿠팡', 'SSG', '마켓컬리', '배달의 민족', '요기요']","['역세권', '대학 근처', '편리한 상권', '공원', '학원가 근처']","['2호선', '5호선', '7호선']"
44186811,1,0,0,0,"['지하철역', '세탁소', '카페', '약국', '대형마트', '편의점', '버스정류장']","['쿠팡', 'SSG', '마켓컬리', '배달의 민족', '요기요']","['역세권', '편리한 상권', '공원', '산 근처', '학원가 근처']","['5호선', '7호선']"
44186828,0,0,0,0,"['지하철역', '세탁소', '카페', '약국', '대형마트', '편의점', '버스정류장']","['쿠팡', 'SSG', '마켓컬리', '배달의 민족', '요기요']","['더블 역세권', '편리한 상권', '공원', '학원가 근처']","['2호선', '수인분당선']"
44186882,1,0,0,1,"['지하철역', '세탁소', '카페', '약국', '대형마트', '편의점', '버스정류장']","['쿠팡', 'SSG', '마켓컬리', '배달의 민족', '요기요']","['역세권', '편리한 상권', '공원', '산 근처', '학원가 근처']","['5호선', '7호선']"
44187349,0,0,0,0,"['지하철역', '세탁소', '카페', '약국', '대형마트', '편의점', '버스정류장']","['쿠팡', 'SSG', '마켓컬리', '배달의 민족', '요기요']","['더블 역세권', '대학 근처', '편리한 상권', '공원', '학원가 근처']","['2호선', '5호선']"
44187381,1,0,0,0,"['지하철역', '세탁소', '카페', '약국', '대형마트', '편의점', '버스정류장']","['쿠팡', 'SSG', '마켓컬리', '배달의 민족', '요기요']","['역세권', '편리한 상권', '쇼핑몰', '공원', '학원가 근처']","['1호선', '7호선']"
44187701,0,0,0,0,"['지하철역', '세탁소', '카페', '약국', '대형마트', '편의점', '버스정류장']","['쿠팡', 'SSG', '마켓컬리', '배달의 민족', '요기요']","['대학 근처', '편리한 상권', '쇼핑몰', '공원', '학원가 근처']","['2호선', '7호선']"
44187815,1,0,0,0,"['지하철역', '세탁소', '카페', '약국', '대형마트', '편의점', '버스정류장']","['쿠팡', 'SSG', '마켓컬리', '배달의 민족', '요기요']","['편리한 상권', '학원가 근처']","['5호선', '7호선']"
44187818,1,0,0,0,"['지하철역', '세탁소', '카페', '약국', '대형마트', '편의점', '버스정류장']","['쿠팡', 'SSG', '마켓컬리', '배달의 민족', '요기요']","['역세권', '편리한 상권', '공원', '산 근처', '학원가 근처']","['5호선', '7호선']"
44187843,1,0,0,0,"['지하철역', '세탁소', '카페', '약국', '대형마트', '편의점', '버스정류장']","['쿠팡', 'SSG', '마켓컬리', '배달의 민족', '요기요']","['역세권', '편리한 상권', '공원', '학원가 근처']","['2호선', '5호선']"
44187862,1,0,0,0,"['지하철역', '세탁소', '카페', '약국', '대형마트', '편의점', '버스정류장']","['쿠팡', 'SSG', '마켓컬리', '배달의 민족', '요기요']","['역세권', '편리한 상권', '공원', '산 근처', '학원가 근처']","['4호선', '우이신설경전철']"
44188105,1,0,0,0,"['지하철역', '세탁소', '카페', '약국', '대형마트', '편의점', '버스정류장']","['쿠팡', 'SSG', '마켓컬리', '배달의 민족', '요기요']","['대학 근처', '편리한 상권', '공원', '학원가 근처']","['5호선', '7호선']"
44188106,1,0,0,0,"['지하철역', '세탁소', '카페', '약국', '대형마트', '편의점', '버스정류장']","['쿠팡', 'SSG', '마켓컬리', '배달의 민족', '요기요']","['역세권', '편리한 상권', '학원가 근처']","['5호선', '7호선']"
44188144,1,0,0,0,"['지하철역', '세탁소', '카페', '약국', '대형마트', '편의점', '버스정류장']","['쿠팡', 'SSG', '마켓컬리', '배달의 민족', '요기요']","['역세권', '편리한 상권', '쇼핑몰', '공원', '학원가 근처']","['1호선', '7호선']"
44188146,0,0,0,0,"['지하철역', '세탁소', '카페', '약국', '대형마트', '편의점', '버스정류장']","['쿠팡', 'SSG', '마켓컬리', '배달의 민족', '요기요']","['역세권', '편리한 상권', '공원', '산 근처', '학원가 근처']","['4호선', '우이신설경전철', '6호선']"
44188152,1,0,0,0,"['지하철역', '세탁소', '카페', '약국', '대형마트', '편의점', '버스정류장']","['쿠팡', 'SSG', '마켓컬리', '배달의 민족', '요기요']","['역세권', '편리한 상권', '쇼핑몰', '공원', '학원가 근처']","['6호선', '7호선']"
44188198,0,0,0,0,"['지하철역', '세탁소', '카페', '약국', '대형마트', '편의점', '버스정류장']","['쿠팡', 'SSG', '마켓컬리', '배달의 민족', '요기요']","['편리한 상권', '공원', '학원가 근처']","['4호선', '6호선']"
44188278,1,0,0,0,"['지하철역', '세탁소', '카페', '약국', '대형마트', '편의점', '버스정류장']","['쿠팡', 'SSG', '마켓컬리', '배달의 민족', '요기요']","['편리한 상권', '공원', '학원가 근처']","['중앙선', '경춘선', '7호선']"
44188433,0,0,0,0,"['지하철역', '세탁소', '카페', '약국', '대형마트', '편의점', '버스정류장']","['쿠팡', 'SSG', '마켓컬리', '배달의 민족', '요기요']","['편리한 상권', '학원가 근처']","['1호선', '6호선']"
44188440,0,0,0,0,"['지하철역', '세탁소', '카페', '약국', '대형마트', '편의점', '버스정류장']","['쿠팡', 'SSG', '마켓컬리', '배달의 민족', '요기요']","['역세권', '대학 근처', '편리한 상권', '공원', '학원가 근처']","['우이신설경전철', '6호선']"
44188730,1,0,0,0,"['지하철역', '세탁소', '카페', '약국', '대형마트', '편의점', '버스정류장']","['쿠팡', 'SSG', '마켓컬리', '배달의 민족', '요기요']","['역세권', '편리한 상권', '쇼핑몰', '공원', '학원가 근처']","['6호선', '7호선']"
44188774,0,0,0,0,"['지하철역', '세탁소', '카페', '약국', '대형마트', '편의점', '버스정류장']","['쿠팡', 'SSG', '마켓컬리', '배달의 민족', '요기요']","['역세권', '편리한 상권', '공원', '학원가 근처']","['1호선', '중앙선', '경춘선']"
44188832,0,0,0,0,"['지하철역', '세탁소', '카페', '약국', '대형마트', '편의점', '버스정류장']","['쿠팡', 'SSG', '마켓컬리', '배달의 민족', '요기요']","['역세권', '대학 근처', '편리한 상권', '공원', '학원가 근처']","['2호선', '7호선']"
44189154,1,0,0,0,"['지하철역', '세탁소', '카페', '약국', '대형마트', '편의점', '버스정류장']","['쿠팡', 'SSG', '마켓컬리', '배달의 민족', '요기요']","['역세권', '편리한 상권', '공원', '학원가 근처']","['1호선', '우이신설경전철', '2호선', '6호선']"
44189290,1,0,0,0,"['지하철역', '세탁소', '카페', '약국', '대형마트', '편의점', '버스정류장']","['쿠팡', 'SSG', '마켓컬리', '배달의 민족', '요기요']","['역세권', '편리한 상권', '쇼핑몰', '공원', '학원가 근처']","['6호선', '7호선']"
44189390,0,0,0,0,"['지하철역', '세탁소', '카페', '약국', '대형마트', '편의점', '버스정류장']","['쿠팡', 'SSG', '마켓컬리', '배달의 민족', '요기요']","['대학 근처', '편리한 상권', '공원', '학원가 근처']","['1호선', '중앙선', '6호선', '경춘선']"
44189430,1,0,0,0,"['지하철역', '세탁소', '카페', '약국', '대형마트', '편의점', '버스정류장']","['쿠팡', 'SSG', '마켓컬리', '배달의 민족', '요기요']","['역세권', '편리한 상권', '공원', '학원가 근처']","['중앙선', '경춘선', '7호선']"
44189606,0,0,0,0,"['지하철역', '세탁소', '카페', '약국', '대형마트', '편의점', '버스정류장']","['쿠팡', 'SSG', '마켓컬리', '배달의 민족', '요기요']","['역세권', '대학 근처', '편리한 상권', '공원', '학원가 근처']","['2호선', '7호선']"
44189628,1,0,0,0,"['지하철역', '세탁소', '카페', '약국', '대형마트', '편의점', '버스정류장']","['쿠팡', 'SSG', '마켓컬리', '배달의 민족', '요기요']","['편리한 상권', '쇼핑몰', '공원', '학원가 근처']","['2호선', '7호선']"
44189642,0,0,0,0,"['지하철역', '세탁소', '카페', '약국', '대형마트', '편의점', '버스정류장']","['쿠팡', 'SSG', '마켓컬리', '배달의 민족', '요기요']","['역세권', '편리한 상권', '산 근처', '학원가 근처']","['우이신설경전철', '4호선']"
44189797,1,0,0,0,"['지하철역', '세탁소', '카페', '약국', '대형마트', '편의점', '버스정류장']","['쿠팡', 'SSG', '마켓컬리', '배달의 민족', '요기요']","['역세권', '대학 근처', '편리한 상권', '공원', '학원가 근처']","['5호선', '7호선']"
44189851,0,0,0,0,"['지하철역', '세탁소', '카페', '약국', '대형마트', '편의점', '버스정류장']","['쿠팡', 'SSG', '마켓컬리', '배달의 민족', '요기요']","['역세권', '편리한 상권', '공원', '학원가 근처']","['중앙선', '경춘선', '7호선']"
44190022,1,0,0,0,"['지하철역', '세탁소', '카페', '약국', '대형마트', '편의점', '버스정류장']","['쿠팡', 'SSG', '마켓컬리', '배달의 민족', '요기요']","['역세권', '편리한 상권', '공원', '산 근처', '학원가 근처']",['7호선']
44190024,0,0,0,0,"['지하철역', '세탁소', '카페', '약국', '대형마트', '편의점', '버스정류장']","['쿠팡', 'SSG', '마켓컬리', '배달의 민족', '요기요']","['편리한 상권', '쇼핑몰', '공원', '학원가 근처']","['2호선', '7호선']"
44190215,1,0,0,0,"['지하철역', '세탁소', '카페', '약국', '대형마트', '편의점', '버스정류장']","['쿠팡', 'SSG', '마켓컬리', '배달의 민족', '요기요']","['역세권', '편리한 상권', '공원', '학원가 근처']","['중앙선', '경춘선', '7호선']"
44190252,1,0,0,0,"['지하철역', '세탁소', '카페', '약국', '대형마트', '편의점', '버스정류장']","['쿠팡', 'SSG', '마켓컬리', '배달의 민족', '요기요']","['편리한 상권', '학원가 근처']","['5호선', '7호선']"
44191500,1,0,0,0,"['지하철역', '세탁소', '카페', '약국', '대형마트', '편의점', '버스정류장']","['쿠팡', 'SSG', '마켓컬리', '배달의 민족', '요기요']","['편리한 상권', '쇼핑몰', '공원', '학원가 근처']","['2호선', '7호선']"
44192026,1,0,0,0,"['지하철역', '세탁소', '카페', '약국', '대형마트', '편의점', '버스정류장']","['쿠팡', 'SSG', '마켓컬리', '배달의 민족', '요기요']","['편리한 상권', '공원', '학원가 근처']",['6호선']
44192095,0,0,0,0,"['지하철역', '세탁소', '카페', '약국', '대형마트', '편의점', '버스정류장']","['쿠팡', 'SSG', '마켓컬리', '배달의 민족', '요기요']","['역세권', '편리한 상권', '공원', '학원가 근처']","['4호선', '2호선', '6호선', '5호선']"
44192335,0,0,0,0,"['지하철역', '세탁소', '카페', '약국', '대형마트', '편의점', '버스정류장']","['쿠팡', 'SSG', '마켓컬리', '배달의 민족', '요기요']","['편리한 상권', '쇼핑몰', '공원', '학원가 근처']","['2호선', '7호선']"
44192892,0,0,0,0,"['지하철역', '세탁소', '카페', '약국', '대형마트', '편의점', '버스정류장']","['쿠팡', 'SSG', '마켓컬리', '배달의 민족', '요기요']","['역세권', '대학 근처', '편리한 상권', '공원', '학원가 근처']","['1호선', '중앙선', '경춘선']"
44193559,1,0,0,0,"['지하철역', '세탁소', '카페', '약국', '대형마트', '편의점', '버스정류장']","['쿠팡', 'SSG', '마켓컬리', '배달의 민족', '요기요']","['역세권', '편리한 상권', '공원', '학원가 근처']","['중앙선', '경춘선', '7호선']"
44193904,0,0,0,0,"['지하철역', '세탁소', '카페', '약국', '대형마트', '편의점', '버스정류장']","['쿠팡', 'SSG', '마켓컬리', '배달의 민족', '요기요']","['역세권', '편리한 상권', '공원', '학원가 근처']","['4호선', '2호선', '6호선', '5호선']"
44193973,0,0,0,0,"['지하철역', '세탁소', '카페', '약국', '대형마트', '편의점', '버스정류장']","['쿠팡', 'SSG', '마켓컬리', '배달의 민족', '요기요']","['역세권', '편리한 상권', '공원', '학원가 근처']","['4호선', '2호선', '6호선', '5호선']"
44194208,1,0,0,0,"['지하철역', '세탁소', '카페', '약국', '대형마트', '편의점', '버스정류장']","['쿠팡', 'SSG', '마켓컬리', '배달의 민족', '요기요']","['역세권', '대학 근처', '편리한 상권', '학원가 근처']","['2호선', '5호선']"
44194627,0,0,0,0,"['지하철역', '세탁소', '카페', '약국', '대형마트', '편의점', '버스정류장']","['쿠팡', 'SSG', '마켓컬리', '배달의 민족', '요기요']","['역세권', '편리한 상권', '공원', '학원가 근처']","['4호선', '2호선', '6호선', '5호선']"
44194767,1,0,0,0,"['지하철역', '세탁소', '카페', '약국', '대형마트', '편의점', '버스정류장']","['쿠팡', 'SSG', '마켓컬리', '배달의 민족', '요기요']","['역세권', '대학 근처', '편리한 상권', '학원가 근처']","['1호선', '6호선']"
44195078,1,0,0,0,"['지하철역', '세탁소', '카페', '약국', '대형마트', '편의점', '버스정류장']","['쿠팡', 'SSG', '마켓컬리', '배달의 민족', '요기요']","['편리한 상권', '공원', '학원가 근처']","['중앙선', '경춘선', '7호선']"
44195109,1,0,0,0,"['지하철역', '세탁소', '카페', '약국', '대형마트', '편의점', '버스정류장']","['쿠팡', 'SSG', '마켓컬리', '배달의 민족', '요기요']","['역세권', '편리한 상권', '쇼핑몰', '공원', '산 근처', '학원가 근처']","['5호선', '7호선']"
44195279,0,0,0,0,"['지하철역', '세탁소', '카페', '약국', '대형마트', '편의점', '버스정류장']","['쿠팡', 'SSG', '마켓컬리', '배달의 민족', '요기요']","['대학 근처', '편리한 상권', '공원', '학원가 근처']","['2호선', '7호선']"
44195372,1,0,0,0,"['지하철역', '세탁소', '카페', '약국', '대형마트', '편의점', '버스정류장']","['쿠팡', 'SSG', '마켓컬리', '배달의 민족', '요기요']","['역세권', '편리한 상권', '공원', '산 근처', '학원가 근처']",['7호선']
44195419,0,0,0,0,"['지하철역', '세탁소', '카페', '약국', '대형마트', '편의점', '버스정류장']","['쿠팡', 'SSG', '마켓컬리', '배달의 민족', '요기요']","['편리한 상권', '공원', '산 근처', '학원가 근처']","['5호선', '7호선']"
44195467,1,0,0,0,"['지하철역', '세탁소', '카페', '약국', '대형마트', '편의점', '버스정류장']","['쿠팡', 'SSG', '마켓컬리', '배달의 민족', '요기요']","['역세권', '편리한 상권', '공원', '산 근처', '학원가 근처']","['5호선', '7호선']"
44197257,0,0,0,1,"['지하철역', '세탁소', '카페', '약국', '대형마트', '편의점', '버스정류장']","['쿠팡', 'SSG', '마켓컬리', '배달의 민족', '요기요']","['역세권', '편리한 상권', '쇼핑몰', '공원', '학원가 근처']","['중앙선', '경춘선', '7호선']"
44197339,1,0,0,0,"['지하철역', '세탁소', '카페', '약국', '대형마트', '편의점', '버스정류장']","['쿠팡', 'SSG', '마켓컬리', '배달의 민족', '요기요']","['역세권', '편리한 상권', '공원', '학원가 근처']","['중앙선', '경춘선', '7호선']"
44198030,1,0,0,0,"['지하철역', '세탁소', '카페', '약국', '대형마트', '편의점', '버스정류장']","['쿠팡', 'SSG', '마켓컬리', '배달의 민족', '요기요']","['대학 근처', '편리한 상권', '공원', '학원가 근처']","['2호선', '5호선']"
44198157,1,0,0,0,"['지하철역', '세탁소', '카페', '약국', '대형마트', '편의점', '버스정류장']","['쿠팡', 'SSG', '마켓컬리', '배달의 민족', '요기요']","['역세권', '대학 근처', '편리한 상권', '공원', '학원가 근처']","['5호선', '7호선']"
44198203,1,0,0,0,"['지하철역', '세탁소', '카페', '약국', '대형마트', '편의점', '버스정류장']","['쿠팡', 'SSG', '마켓컬리', '배달의 민족', '요기요']","['역세권', '편리한 상권', '쇼핑몰', '공원', '학원가 근처']","['중앙선', '경춘선', '7호선']"
44198241,0,1,0,1,"['지하철역', '세탁소', '카페', '약국', '대형마트', '편의점', '버스정류장']","['쿠팡', 'SSG', '마켓컬리', '배달의 민족', '요기요']","['편리한 상권', '공원', '산 근처', '학원가 근처']",['7호선']
44198322,0,0,0,0,"['지하철역', '세탁소', '카페', '약국', '대형마트', '편의점', '버스정류장']","['쿠팡', 'SSG', '마켓컬리', '배달의 민족', '요기요']","['역세권', '대학 근처', '편리한 상권', '쇼핑몰', '학원가 근처']","['1호선', '6호선']"
44198327,1,0,0,0,"['지하철역', '세탁소', '카페', '약국', '대형마트', '편의점', '버스정류장']","['쿠팡', 'SSG', '마켓컬리', '배달의 민족', '요기요']","['편리한 상권', '공원', '산 근처', '학원가 근처']",['우이신설경전철']
44198335,1,0,0,1,"['지하철역', '세탁소', '카페', '약국', '대형마트', '편의점', '버스정류장']","['쿠팡', 'SSG', '마켓컬리', '배달의 민족', '요기요']","['역세권', '편리한 상권', '공원', '산 근처', '학원가 근처']",['7호선']
44198862,0,0,0,0,"['지하철역', '세탁소', '카페', '약국', '대형마트', '편의점', '버스정류장']","['쿠팡', 'SSG', '마켓컬리', '배달의 민족', '요기요']","['대학 근처', '편리한 상권', '공원', '학원가 근처']","['2호선', '7호선']"
44198997,1,0,0,0,"['지하철역', '세탁소', '카페', '약국', '대형마트', '편의점', '버스정류장']","['쿠팡', 'SSG', '마켓컬리', '배달의 민족', '요기요']","['편리한 상권', '공원', '학원가 근처']","['2호선', '7호선']"
44199251,0,0,0,0,"['지하철역', '세탁소', '카페', '약국', '대형마트', '편의점', '버스정류장']","['쿠팡', 'SSG', '마켓컬리', '배달의 민족', '요기요']","['역세권', '대학 근처', '편리한 상권', '공원', '학원가 근처']","['우이신설경전철', '4호선', '6호선']"
44199385,1,0,0,0,"['지하철역', '세탁소', '카페', '약국', '대형마트', '편의점', '버스정류장']","['쿠팡', 'SSG', '마켓컬리', '배달의 민족', '요기요']","['역세권', '대학 근처', '편리한 상권', '공원', '학원가 근처']","['2호선', '7호선']"
44199446,1,0,0,0,"['지하철역', '세탁소', '카페', '약국', '대형마트', '편의점', '버스정류장']","['쿠팡', 'SSG', '마켓컬리', '배달의 민족', '요기요']","['더블 역세권', '편리한 상권', '쇼핑몰', '공원', '학원가 근처']","['중앙선', '2호선', '5호선', '수인분당선']"
44199548,1,0,0,0,"['지하철역', '세탁소', '카페', '약국', '대형마트', '편의점', '버스정류장']","['쿠팡', 'SSG', '마켓컬리', '배달의 민족', '요기요']","['대학 근처', '편리한 상권', '공원', '학원가 근처']","['2호선', '7호선']"
44199783,0,0,0,0,"['지하철역', '세탁소', '카페', '약국', '대형마트', '편의점', '버스정류장']","['쿠팡', 'SSG', '마켓컬리', '배달의 민족', '요기요']","['편리한 상권', '쇼핑몰', '학원가 근처']","['중앙선', '경춘선', '1호선', '6호선', '수인분당선']"
44199854,0,0,0,0,"['지하철역', '세탁소', '카페', '약국', '대형마트', '편의점', '버스정류장']","['쿠팡', 'SSG', '마켓컬리', '배달의 민족', '요기요']","['편리한 상권', '공원', '학원가 근처']","['2호선', '7호선']"
44199866,0,0,0,0,"['지하철역', '세탁소', '카페', '약국', '대형마트', '편의점', '버스정류장']","['쿠팡', 'SSG', '마켓컬리', '배달의 민족', '요기요']","['역세권', '편리한 상권', '공원', '산 근처', '학원가 근처']","['5호선', '7호선']"
44199931,1,0,0,0,"['지하철역', '세탁소', '카페', '약국', '대형마트', '편의점', '버스정류장']","['쿠팡', 'SSG', '마켓컬리', '배달의 민족', '요기요']","['역세권', '편리한 상권', '쇼핑몰', '공원', '학원가 근처']","['6호선', '7호선']"
44200008,1,0,0,0,"['지하철역', '세탁소', '카페', '약국', '대형마트', '편의점', '버스정류장']","['쿠팡', 'SSG', '마켓컬리', '배달의 민족', '요기요']","['역세권', '대학 근처', '편리한 상권', '공원', '산 근처', '학원가 근처']","['우이신설경전철', '4호선', '6호선']"
44200175,1,0,0,0,"['지하철역', '세탁소', '카페', '약국', '대형마트', '편의점', '버스정류장']","['쿠팡', 'SSG', '마켓컬리', '배달의 민족', '요기요']","['역세권', '편리한 상권', '공원', '산 근처', '학원가 근처']","['4호선', '우이신설경전철']"
44200427,1,0,0,0,"['지하철역', '세탁소', '카페', '약국', '대형마트', '편의점', '버스정류장']","['쿠팡', 'SSG', '마켓컬리', '배달의 민족', '요기요']","['편리한 상권', '쇼핑몰', '공원', '학원가 근처']","['5호선', '7호선']"
44200565,0,0,0,0,"['지하철역', '세탁소', '카페', '약국', '대형마트', '편의점', '버스정류장']","['쿠팡', 'SSG', '마켓컬리', '배달의 민족', '요기요']","['편리한 상권', '공원', '학원가 근처']","['4호선', '6호선']"
44200669,0,0,0,0,"['지하철역', '세탁소', '카페', '약국', '대형마트', '편의점', '버스정류장']","['쿠팡', 'SSG', '마켓컬리', '배달의 민족', '요기요']","['역세권', '편리한 상권', '쇼핑몰', '공원', '학원가 근처']","['중앙선', '경춘선', '7호선']"
44200720,1,0,0,0,"['지하철역', '세탁소', '카페', '약국', '대형마트', '편의점', '버스정류장']","['쿠팡', 'SSG', '마켓컬리', '배달의 민족', '요기요']","['편리한 상권', '공원', '산 근처', '학원가 근처']","['4호선', '우이신설경전철']"
44200766,1,0,0,0,"['지하철역', '세탁소', '카페', '약국', '대형마트', '편의점', '버스정류장']","['쿠팡', 'SSG', '마켓컬리', '배달의 민족', '요기요']","['편리한 상권', '공원', '학원가 근처']","['5호선', '7호선']"
44200825,1,0,0,0,"['지하철역', '세탁소', '카페', '약국', '대형마트', '편의점', '버스정류장']","['쿠팡', 'SSG', '마켓컬리', '배달의 민족', '요기요']","['편리한 상권', '공원', '산 근처', '학원가 근처']","['4호선', '우이신설경전철']"
44200931,1,0,0,0,"['지하철역', '세탁소', '카페', '약국', '대형마트', '편의점', '버스정류장']","['쿠팡', 'SSG', '마켓컬리', '배달의 민족', '요기요']","['역세권', '편리한 상권', '공원', '산 근처', '학원가 근처']","['우이신설경전철', '4호선', '6호선']"
44201035,1,0,0,0,"['지하철역', '세탁소', '카페', '약국', '대형마트', '편의점', '버스정류장']","['쿠팡', 'SSG', '마켓컬리', '배달의 민족', '요기요']","['역세권', '대학 근처', '편리한 상권', '공원', '산 근처', '학원가 근처']",['우이신설경전철']
44201837,1,0,0,0,"['지하철역', '세탁소', '카페', '약국', '대형마트', '편의점', '버스정류장']","['쿠팡', 'SSG', '마켓컬리', '배달의 민족', '요기요']","['역세권', '편리한 상권', '공원', '학원가 근처']","['중앙선', '경춘선', '7호선']"
44201864,1,0,0,0,"['지하철역', '세탁소', '카페', '약국', '대형마트', '편의점', '버스정류장']","['쿠팡', 'SSG', '마켓컬리', '배달의 민족', '요기요']","['역세권', '편리한 상권', '공원', '학원가 근처']","['중앙선', '경춘선', '7호선']"
44202060,1,0,0,0,"['지하철역', '세탁소', '카페', '약국', '대형마트', '편의점', '버스정류장']","['쿠팡', 'SSG', '마켓컬리', '배달의 민족', '요기요']","['편리한 상권', '공원', '학원가 근처']","['2호선', '5호선']"
44202330,0,0,0,0,"['지하철역', '세탁소', '카페', '약국', '대형마트', '편의점', '버스정류장']","['쿠팡', 'SSG', '마켓컬리', '배달의 민족', '요기요']","['대학 근처', '편리한 상권', '공원', '학원가 근처']","['2호선', '7호선']"
44202662,0,0,0,0,"['지하철역', '세탁소', '카페', '약국', '대형마트', '편의점', '버스정류장']","['쿠팡', 'SSG', '마켓컬리', '배달의 민족', '요기요']","['대학 근처', '편리한 상권', '공원', '학원가 근처']","['2호선', '7호선']"
44202682,1,0,0,0,"['지하철역', '세탁소', '카페', '약국', '대형마트', '편의점', '버스정류장']","['쿠팡', 'SSG', '마켓컬리', '배달의 민족', '요기요']","['역세권', '편리한 상권', '공원', '산 근처', '학원가 근처']",['7호선']
44203002,1,0,0,1,"['지하철역', '세탁소', '카페', '약국', '대형마트', '편의점', '버스정류장']","['쿠팡', 'SSG', '마켓컬리', '배달의 민족', '요기요']","['편리한 상권', '공원', '학원가 근처']","['2호선', '5호선']"
44203159,1,0,0,1,"['지하철역', '세탁소', '카페', '약국', '대형마트', '편의점', '버스정류장']","['쿠팡', 'SSG', '마켓컬리', '배달의 민족', '요기요']","['편리한 상권', '공원', '학원가 근처']","['2호선', '5호선']"
44203438,0,0,0,0,"['지하철역', '세탁소', '카페', '약국', '대형마트', '편의점', '버스정류장']","['쿠팡', 'SSG', '마켓컬리', '배달의 민족', '요기요']","['역세권', '편리한 상권', '산 근처', '학원가 근처']","['우이신설경전철', '4호선']"
44203589,1,0,0,0,"['지하철역', '세탁소', '카페', '약국', '대형마트', '편의점', '버스정류장']","['쿠팡', 'SSG', '마켓컬리', '배달의 민족', '요기요']","['역세권', '편리한 상권', '쇼핑몰', '공원', '산 근처', '학원가 근처']","['5호선', '7호선']"
44204089,1,0,0,0,"['지하철역', '세탁소', '카페', '약국', '대형마트', '편의점', '버스정류장']","['쿠팡', 'SSG', '마켓컬리', '배달의 민족', '요기요']","['편리한 상권', '학원가 근처']","['1호선', '6호선']"
44204228,1,0,0,0,"['지하철역', '세탁소', '카페', '약국', '대형마트', '편의점', '버스정류장']","['쿠팡', 'SSG', '마켓컬리', '배달의 민족', '요기요']","['역세권', '대학 근처', '편리한 상권', '공원', '학원가 근처']","['3호선', '4호선', '2호선', '5호선']"
44204368,1,0,0,0,"['지하철역', '세탁소', '카페', '약국', '대형마트', '편의점', '버스정류장']","['쿠팡', 'SSG', '마켓컬리', '배달의 민족', '요기요']","['역세권', '편리한 상권', '공원', '산 근처', '학원가 근처']","['5호선', '7호선']"
44204471,1,0,0,0,"['지하철역', '세탁소', '카페', '약국', '대형마트', '편의점', '버스정류장']","['쿠팡', 'SSG', '마켓컬리', '배달의 민족', '요기요']","['더블 역세권', '편리한 상권', '공원', '산 근처', '학원가 근처']",['7호선']
44204480,1,0,0,0,"['지하철역', '세탁소', '카페', '약국', '대형마트', '편의점', '버스정류장']","['쿠팡', 'SSG', '마켓컬리', '배달의 민족', '요기요']","['역세권', '대학 근처', '편리한 상권', '공원', '산 근처', '학원가 근처']",['우이신설경전철']
44204630,1,0,0,0,"['지하철역', '세탁소', '카페', '약국', '대형마트', '편의점', '버스정류장']","['쿠팡', 'SSG', '마켓컬리', '배달의 민족', '요기요']","['역세권', '편리한 상권', '공원', '학원가 근처']","['중앙선', '경춘선', '7호선']"
44204674,1,0,0,0,"['지하철역', '세탁소', '카페', '약국', '대형마트', '편의점', '버스정류장']","['쿠팡', 'SSG', '마켓컬리', '배달의 민족', '요기요']","['편리한 상권', '공원', '학원가 근처']","['5호선', '7호선']"
44205117,1,0,0,0,"['지하철역', '세탁소', '카페', '약국', '대형마트', '편의점', '버스정류장']","['쿠팡', 'SSG', '마켓컬리', '배달의 민족', '요기요']","['역세권', '편리한 상권', '공원', '산 근처', '학원가 근처']",['7호선']
44205311,1,0,0,0,"['지하철역', '세탁소', '카페', '약국', '대형마트', '편의점', '버스정류장']","['쿠팡', 'SSG', '마켓컬리', '배달의 민족', '요기요']","['역세권', '편리한 상권', '공원', '학원가 근처']","['중앙선', '경춘선', '7호선']"
44205342,0,0,0,0,"['지하철역', '세탁소', '카페', '약국', '대형마트', '편의점', '버스정류장']","['쿠팡', 'SSG', '마켓컬리', '배달의 민족', '요기요']","['역세권', '편리한 상권', '쇼핑몰', '공원', '산 근처', '학원가 근처']","['5호선', '7호선']"
44205446,0,0,0,0,"['지하철역', '세탁소', '카페', '약국', '대형마트', '편의점', '버스정류장']","['쿠팡', 'SSG', '마켓컬리', '배달의 민족', '요기요']","['역세권', '편리한 상권', '공원', '학원가 근처']","['2호선', '5호선']"
44205466,0,0,0,0,"['지하철역', '세탁소', '카페', '약국', '대형마트', '편의점', '버스정류장']","['쿠팡', 'SSG', '마켓컬리', '배달의 민족', '요기요']","['역세권', '대학 근처', '편리한 상권', '공원', '학원가 근처']","['2호선', '5호선']"
44205743,0,0,0,0,"['지하철역', '세탁소', '카페', '약국', '대형마트', '편의점', '버스정류장']","['쿠팡', 'SSG', '마켓컬리', '배달의 민족', '요기요']","['더블 역세권', '편리한 상권', '공원', '학원가 근처']","['중앙선', '경춘선', '7호선']"
44206248,0,0,0,0,"['지하철역', '세탁소', '카페', '약국', '대형마트', '편의점', '버스정류장']","['쿠팡', 'SSG', '마켓컬리', '배달의 민족', '요기요']","['편리한 상권', '공원', '학원가 근처']","['2호선', '7호선']"
44207262,0,0,0,0,"['지하철역', '세탁소', '카페', '약국', '대형마트', '편의점', '버스정류장']","['쿠팡', 'SSG', '마켓컬리', '배달의 민족', '요기요']","['역세권', '대학 근처', '편리한 상권', '공원', '학원가 근처']","['1호선', '중앙선', '경춘선', '수인분당선']"
44207600,1,0,0,0,"['지하철역', '세탁소', '카페', '약국', '대형마트', '편의점', '버스정류장']","['쿠팡', 'SSG', '마켓컬리', '배달의 민족', '요기요']","['편리한 상권', '쇼핑몰', '공원', '학원가 근처']",['2호선']
44207684,1,0,0,0,"['지하철역', '세탁소', '카페', '약국', '대형마트', '편의점', '버스정류장']","['쿠팡', 'SSG', '마켓컬리', '배달의 민족', '요기요']","['더블 역세권', '편리한 상권', '공원', '학원가 근처']","['3호선', '6호선', '5호선']"
44207999,1,0,0,0,"['지하철역', '세탁소', '카페', '약국', '대형마트', '편의점', '버스정류장']","['쿠팡', 'SSG', '마켓컬리', '배달의 민족', '요기요']","['역세권', '대학 근처', '편리한 상권', '공원', '산 근처', '학원가 근처']","['5호선', '7호선']"
44208095,0,0,0,0,"['지하철역', '세탁소', '카페', '약국', '대형마트', '편의점', '버스정류장']","['쿠팡', 'SSG', '마켓컬리', '배달의 민족', '요기요']","['역세권', '대학 근처', '편리한 상권', '공원', '학원가 근처']","['2호선', '7호선']"
44208259,0,0,0,0,"['지하철역', '세탁소', '카페', '약국', '대형마트', '편의점', '버스정류장']","['쿠팡', 'SSG', '마켓컬리', '배달의 민족', '요기요']","['역세권', '대학 근처', '편리한 상권', '공원', '학원가 근처']","['2호선', '7호선']"
44208602,1,0,0,1,"['지하철역', '세탁소', '카페', '약국', '대형마트', '편의점', '버스정류장']","['쿠팡', 'SSG', '마켓컬리', '배달의 민족', '요기요']","['편리한 상권', '공원', '학원가 근처']","['2호선', '5호선']"
44208671,1,0,0,0,"['지하철역', '세탁소', '카페', '약국', '대형마트', '편의점', '버스정류장']","['쿠팡', 'SSG', '마켓컬리', '배달의 민족', '요기요']","['역세권', '대학 근처', '편리한 상권', '공원', '학원가 근처']","['우이신설경전철', '4호선']"
44208717,1,0,0,0,"['지하철역', '세탁소', '카페', '약국', '대형마트', '편의점', '버스정류장']","['쿠팡', 'SSG', '마켓컬리', '배달의 민족', '요기요']","['역세권', '대학 근처', '편리한 상권', '공원', '산 근처', '학원가 근처']","['5호선', '7호선']"
44209140,0,0,0,0,"['지하철역', '세탁소', '카페', '약국', '대형마트', '편의점', '버스정류장']","['쿠팡', 'SSG', '마켓컬리', '배달의 민족', '요기요']","['역세권', '편리한 상권', '공원', '학원가 근처']","['1호선', '우이신설경전철', '2호선', '6호선']"
44209142,1,0,0,1,"['지하철역', '세탁소', '카페', '약국', '대형마트', '편의점', '버스정류장']","['쿠팡', 'SSG', '마켓컬리', '배달의 민족', '요기요']","['편리한 상권', '공원', '학원가 근처']","['2호선', '5호선']"
44209143,0,0,0,1,"['지하철역', '세탁소', '카페', '약국', '대형마트', '편의점', '버스정류장']","['쿠팡', 'SSG', '마켓컬리', '배달의 민족', '요기요']","['대학 근처', '편리한 상권', '쇼핑몰', '공원', '학원가 근처']",[]
44209437,0,0,0,0,"['지하철역', '세탁소', '카페', '약국', '대형마트', '편의점', '버스정류장']","['쿠팡', 'SSG', '마켓컬리', '배달의 민족', '요기요']","['더블 역세권', '편리한 상권', '공원', '학원가 근처']","['중앙선', '경춘선', '7호선']"
44209472,1,0,0,0,"['지하철역', '세탁소', '카페', '약국', '대형마트', '편의점', '버스정류장']","['쿠팡', 'SSG', '마켓컬리', '배달의 민족', '요기요']","['편리한 상권', '쇼핑몰', '공원', '학원가 근처']","['2호선', '5호선']"
44209473,1,0,0,0,"['지하철역', '세탁소', '카페', '약국', '대형마트', '편의점', '버스정류장']","['쿠팡', 'SSG', '마켓컬리', '배달의 민족', '요기요']","['역세권', '편리한 상권', '쇼핑몰', '공원', '학원가 근처']","['중앙선', '경춘선', '7호선']"
44209498,0,0,0,0,"['지하철역', '세탁소', '카페', '약국', '대형마트', '편의점', '버스정류장']","['쿠팡', 'SSG', '마켓컬리', '배달의 민족', '요기요']","['역세권', '대학 근처', '편리한 상권', '공원', '학원가 근처']","['2호선', '5호선', '7호선']"
44209824,0,0,0,0,"['지하철역', '세탁소', '카페', '약국', '대형마트', '편의점', '버스정류장']","['쿠팡', 'SSG', '마켓컬리', '배달의 민족', '요기요']","['더블 역세권', '편리한 상권', '쇼핑몰', '공원', '학원가 근처']","['1호선', '6호선', '7호선']"
44210305,0,0,0,0,"['지하철역', '세탁소', '카페', '약국', '대형마트', '편의점', '버스정류장']","['쿠팡', 'SSG', '마켓컬리', '배달의 민족', '요기요']","['역세권', '대학 근처', '편리한 상권', '공원', '학원가 근처']","['2호선', '5호선', '7호선']"
44210404,0,0,0,0,"['지하철역', '세탁소', '카페', '약국', '대형마트', '편의점', '버스정류장']","['쿠팡', 'SSG', '마켓컬리', '배달의 민족', '요기요']","['대학 근처', '편리한 상권', '공원', '학원가 근처']","['2호선', '7호선']"
44210443,0,0,0,0,"['지하철역', '세탁소', '카페', '약국', '대형마트', '편의점', '버스정류장']","['쿠팡', 'SSG', '마켓컬리', '배달의 민족', '요기요']","['대학 근처', '편리한 상권', '공원', '학원가 근처']","['2호선', '7호선']"
44210534,0,0,0,0,"['지하철역', '세탁소', '카페', '약국', '대형마트', '편의점', '버스정류장']","['쿠팡', 'SSG', '마켓컬리', '배달의 민족', '요기요']","['대학 근처', '편리한 상권', '공원', '학원가 근처']","['2호선', '7호선']"
44210646,0,0,0,0,"['지하철역', '세탁소', '카페', '약국', '대형마트', '편의점', '버스정류장']","['쿠팡', 'SSG', '마켓컬리', '배달의 민족', '요기요']","['역세권', '대학 근처', '편리한 상권', '공원', '학원가 근처']","['중앙선', '경춘선', '1호선', '6호선', '수인분당선']"
44210679,1,0,0,0,"['지하철역', '세탁소', '카페', '약국', '대형마트', '편의점', '버스정류장']","['쿠팡', 'SSG', '마켓컬리', '배달의 민족', '요기요']","['편리한 상권', '공원', '학원가 근처']","['2호선', '5호선']"
44210697,0,0,0,0,"['지하철역', '세탁소', '카페', '약국', '대형마트', '편의점', '버스정류장']","['쿠팡', 'SSG', '마켓컬리', '배달의 민족', '요기요']","['역세권', '대학 근처', '편리한 상권', '공원', '산 근처', '학원가 근처']","['우이신설경전철', '4호선']"
44210897,0,0,0,0,"['지하철역', '세탁소', '카페', '약국', '대형마트', '편의점', '버스정류장']","['쿠팡', 'SSG', '마켓컬리', '배달의 민족', '요기요']","['대학 근처', '편리한 상권', '공원', '학원가 근처']","['2호선', '7호선']"
44211191,1,0,0,0,"['지하철역', '세탁소', '카페', '약국', '대형마트', '편의점', '버스정류장']","['쿠팡', 'SSG', '마켓컬리', '배달의 민족', '요기요']","['역세권', '대학 근처', '편리한 상권', '공원', '산 근처', '학원가 근처']","['5호선', '7호선']"
44211228,0,0,0,0,"['지하철역', '세탁소', '카페', '약국', '대형마트', '편의점', '버스정류장']","['쿠팡', 'SSG', '마켓컬리', '배달의 민족', '요기요']","['역세권', '편리한 상권', '공원', '학원가 근처']","['중앙선', '2호선', '5호선', '수인분당선']"
44211327,1,0,0,0,"['지하철역', '세탁소', '카페', '약국', '대형마트', '편의점', '버스정류장']","['쿠팡', 'SSG', '마켓컬리', '배달의 민족', '요기요']","['편리한 상권', '공원', '학원가 근처']","['2호선', '5호선']"
44211379,1,0,0,0,"['지하철역', '세탁소', '카페', '약국', '대형마트', '편의점', '버스정류장']","['쿠팡', 'SSG', '마켓컬리', '배달의 민족', '요기요']","['편리한 상권', '쇼핑몰', '공원', '학원가 근처']","['6호선', '7호선']"
44211740,1,1,0,1,"['지하철역', '세탁소', '카페', '약국', '대형마트', '편의점', '버스정류장']","['쿠팡', 'SSG', '마켓컬리', '배달의 민족', '요기요']","['대학 근처', '편리한 상권', '공원', '학원가 근처']","['2호선', '7호선']"
44211847,1,0,0,0,"['지하철역', '세탁소', '카페', '약국', '대형마트', '편의점', '버스정류장']","['쿠팡', 'SSG', '마켓컬리', '배달의 민족', '요기요']","['대학 근처', '편리한 상권', '공원', '학원가 근처']","['5호선', '7호선']"
44211885,1,0,0,0,"['지하철역', '세탁소', '카페', '약국', '대형마트', '편의점', '버스정류장']","['쿠팡', 'SSG', '마켓컬리', '배달의 민족', '요기요']","['역세권', '편리한 상권', '공원', '학원가 근처']","['1호선', '중앙선', '경춘선']"
44212214,0,0,0,0,"['지하철역', '세탁소', '카페', '약국', '대형마트', '편의점', '버스정류장']","['쿠팡', 'SSG', '마켓컬리', '배달의 민족', '요기요']","['역세권', '편리한 상권', '쇼핑몰', '공원', '학원가 근처']","['6호선', '7호선']"
44212398,1,0,0,0,"['지하철역', '세탁소', '카페', '약국', '대형마트', '편의점', '버스정류장']","['쿠팡', 'SSG', '마켓컬리', '배달의 민족', '요기요']","['역세권', '편리한 상권', '쇼핑몰', '공원', '학원가 근처']","['중앙선', '경춘선', '7호선']"
44212638,1,0,0,0,"['지하철역', '세탁소', '카페', '약국', '대형마트', '편의점', '버스정류장']","['쿠팡', 'SSG', '마켓컬리', '배달의 민족', '요기요']","['역세권', '편리한 상권', '쇼핑몰', '공원', '학원가 근처']","['중앙선', '경춘선', '7호선']"
44212678,1,0,0,0,"['지하철역', '세탁소', '카페', '약국', '대형마트', '편의점', '버스정류장']","['쿠팡', 'SSG', '마켓컬리', '배달의 민족', '요기요']","['역세권', '편리한 상권', '공원', '학원가 근처']","['중앙선', '경춘선', '7호선']"
44212909,0,0,0,0,"['지하철역', '세탁소', '카페', '약국', '대형마트', '편의점', '버스정류장']","['쿠팡', 'SSG', '마켓컬리', '배달의 민족', '요기요']","['편리한 상권', '쇼핑몰', '공원', '학원가 근처']","['2호선', '7호선']"
44212928,1,0,0,0,"['지하철역', '세탁소', '카페', '약국', '대형마트', '편의점', '버스정류장']","['쿠팡', 'SSG', '마켓컬리', '배달의 민족', '요기요']","['편리한 상권', '공원', '학원가 근처']","['4호선', '6호선']"
44213276,0,0,0,0,"['지하철역', '세탁소', '카페', '약국', '대형마트', '편의점', '버스정류장']","['쿠팡', 'SSG', '마켓컬리', '배달의 민족', '요기요']","['대학 근처', '편리한 상권', '공원', '학원가 근처']","['2호선', '7호선']"
44213566,1,0,0,0,"['지하철역', '세탁소', '카페', '약국', '대형마트', '편의점', '버스정류장']","['쿠팡', 'SSG', '마켓컬리', '배달의 민족', '요기요']","['편리한 상권', '쇼핑몰', '공원', '학원가 근처']","['4호선', '6호선']"
44213589,1,0,0,0,"['지하철역', '세탁소', '카페', '약국', '대형마트', '편의점', '버스정류장']","['쿠팡', 'SSG', '마켓컬리', '배달의 민족', '요기요']","['역세권', '편리한 상권', '공원', '학원가 근처']","['중앙선', '경춘선', '7호선']"
44213597,0,0,0,0,"['지하철역', '세탁소', '카페', '약국', '대형마트', '편의점', '버스정류장']","['쿠팡', 'SSG', '마켓컬리', '배달의 민족', '요기요']","['역세권', '대학 근처', '편리한 상권', '공원', '학원가 근처']","['2호선', '7호선']"
44213625,0,0,0,0,"['지하철역', '세탁소', '카페', '약국', '대형마트', '편의점', '버스정류장']","['쿠팡', 'SSG', '마켓컬리', '배달의 민족', '요기요']","['트리플 역세권', '편리한 상권', '공원', '학원가 근처']","['3호선', '6호선', '5호선']"
44213660,1,0,0,0,"['지하철역', '세탁소', '카페', '약국', '대형마트', '편의점', '버스정류장']","['쿠팡', 'SSG', '마켓컬리', '배달의 민족', '요기요']","['더블 역세권', '편리한 상권', '공원', '산 근처', '학원가 근처']",['7호선']
44213722,1,0,0,0,"['지하철역', '세탁소', '카페', '약국', '대형마트', '편의점', '버스정류장']","['쿠팡', 'SSG', '마켓컬리', '배달의 민족', '요기요']","['역세권', '편리한 상권', '공원', '학원가 근처']","['중앙선', '경춘선', '7호선']"
44214522,0,0,0,0,"['지하철역', '세탁소', '카페', '약국', '대형마트', '편의점', '버스정류장']","['쿠팡', 'SSG', '마켓컬리', '배달의 민족', '요기요']","['역세권', '대학 근처', '편리한 상권', '공원', '학원가 근처']","['2호선', '7호선']"
44214652,0,0,0,0,"['지하철역', '세탁소', '카페', '약국', '대형마트', '편의점', '버스정류장']","['쿠팡', 'SSG', '마켓컬리', '배달의 민족', '요기요']","['편리한 상권', '쇼핑몰', '공원', '학원가 근처']","['2호선', '수인분당선']"
44214725,1,0,0,0,"['지하철역', '세탁소', '카페', '약국', '대형마트', '편의점', '버스정류장']","['쿠팡', 'SSG', '마켓컬리', '배달의 민족', '요기요']","['역세권', '대학 근처', '편리한 상권', '공원', '학원가 근처']","['1호선', '우이신설경전철', '2호선', '6호선']"
44214890,0,0,0,0,"['지하철역', '세탁소', '카페', '약국', '대형마트', '편의점', '버스정류장']","['쿠팡', 'SSG', '마켓컬리', '배달의 민족', '요기요']","['역세권', '대학 근처', '편리한 상권', '공원', '학원가 근처']","['4호선', '우이신설경전철', '6호선']"
44214987,0,0,0,0,"['지하철역', '세탁소', '카페', '약국', '대형마트', '편의점', '버스정류장']","['쿠팡', 'SSG', '마켓컬리', '배달의 민족', '요기요']","['더블 역세권', '편리한 상권', '공원', '산 근처', '학원가 근처']",['7호선']
44215181,1,0,0,0,"['지하철역', '세탁소', '카페', '약국', '대형마트', '편의점', '버스정류장']","['쿠팡', 'SSG', '마켓컬리', '배달의 민족', '요기요']","['편리한 상권', '공원', '학원가 근처']","['4호선', '6호선']"
44215238,1,0,0,0,"['지하철역', '세탁소', '카페', '약국', '대형마트', '편의점', '버스정류장']","['쿠팡', 'SSG', '마켓컬리', '배달의 민족', '요기요']","['역세권', '대학 근처', '편리한 상권', '공원', '학원가 근처']","['우이신설경전철', '4호선', '6호선']"
44215367,1,0,0,0,"['지하철역', '세탁소', '카페', '약국', '대형마트', '편의점', '버스정류장']","['쿠팡', 'SSG', '마켓컬리', '배달의 민족', '요기요']","['역세권', '편리한 상권', '쇼핑몰', '공원', '학원가 근처']",['7호선']
44215993,0,1,0,0,"['지하철역', '세탁소', '카페', '약국', '대형마트', '편의점', '버스정류장']","['쿠팡', 'SSG', '마켓컬리', '배달의 민족', '요기요']","['대학 근처', '편리한 상권', '공원', '학원가 근처']","['2호선', '5호선', '7호선']"
44216045,1,0,0,0,"['지하철역', '세탁소', '카페', '약국', '대형마트', '편의점', '버스정류장']","['쿠팡', 'SSG', '마켓컬리', '배달의 민족', '요기요']","['역세권', '편리한 상권', '학원가 근처']","['5호선', '7호선']"
44216291,1,0,0,0,"['지하철역', '세탁소', '카페', '약국', '대형마트', '편의점', '버스정류장']","['쿠팡', 'SSG', '마켓컬리', '배달의 민족', '요기요']","['역세권', '대학 근처', '편리한 상권', '공원', '학원가 근처']","['2호선', '7호선']"
44216683,1,0,0,0,"['지하철역', '세탁소', '카페', '약국', '대형마트', '편의점', '버스정류장']","['쿠팡', 'SSG', '마켓컬리', '배달의 민족', '요기요']","['역세권', '편리한 상권', '공원', '학원가 근처']","['중앙선', '경춘선', '7호선']"
44216702,1,0,0,0,"['지하철역', '세탁소', '카페', '약국', '대형마트', '편의점', '버스정류장']","['쿠팡', 'SSG', '마켓컬리', '배달의 민족', '요기요']","['편리한 상권', '공원', '학원가 근처']","['2호선', '5호선']"
44217414,1,0,0,0,"['지하철역', '세탁소', '카페', '약국', '대형마트', '편의점', '버스정류장']","['쿠팡', 'SSG', '마켓컬리', '배달의 민족', '요기요']","['역세권', '편리한 상권', '공원', '학원가 근처']","['1호선', '우이신설경전철', '2호선', '6호선']"
44217759,1,0,0,0,"['지하철역', '세탁소', '카페', '약국', '대형마트', '편의점', '버스정류장']","['쿠팡', 'SSG', '마켓컬리', '배달의 민족', '요기요']","['편리한 상권', '쇼핑몰', '공원', '학원가 근처']","['2호선', '7호선']"
44217786,0,0,0,0,"['지하철역', '세탁소', '카페', '약국', '대형마트', '편의점', '버스정류장']","['쿠팡', 'SSG', '마켓컬리', '배달의 민족', '요기요']","['역세권', '편리한 상권', '공원', '산 근처', '학원가 근처']","['5호선', '7호선']"
44217787,0,0,0,0,"['지하철역', '세탁소', '카페', '약국', '대형마트', '편의점', '버스정류장']","['쿠팡', 'SSG', '마켓컬리', '배달의 민족', '요기요']","['역세권', '편리한 상권', '공원', '산 근처', '학원가 근처']",['7호선']
44217788,0,0,0,0,"['지하철역', '세탁소', '카페', '약국', '대형마트', '편의점', '버스정류장']","['쿠팡', 'SSG', '마켓컬리', '배달의 민족', '요기요']","['역세권', '편리한 상권', '공원', '산 근처', '학원가 근처']","['5호선', '7호선']"
44217843,0,0,0,0,"['지하철역', '세탁소', '카페', '약국', '대형마트', '편의점', '버스정류장']","['쿠팡', 'SSG', '마켓컬리', '배달의 민족', '요기요']","['대학 근처', '편리한 상권', '공원', '학원가 근처']","['1호선', '우이신설경전철', '2호선', '6호선']"
44217856,1,0,0,0,"['지하철역', '세탁소', '카페', '약국', '대형마트', '편의점', '버스정류장']","['쿠팡', 'SSG', '마켓컬리', '배달의 민족', '요기요']","['편리한 상권', '공원', '학원가 근처']","['2호선', '5호선']"
44217872,0,0,0,0,"['지하철역', '세탁소', '카페', '약국', '대형마트', '편의점', '버스정류장']","['쿠팡', 'SSG', '마켓컬리', '배달의 민족', '요기요']","['더블 역세권', '편리한 상권', '공원', '산 근처', '학원가 근처']","['3호선', '6호선']"
44217921,1,0,0,0,"['지하철역', '세탁소', '카페', '약국', '대형마트', '편의점', '버스정류장']","['쿠팡', 'SSG', '마켓컬리', '배달의 민족', '요기요']","['역세권', '편리한 상권', '공원', '학원가 근처']","['4호선', '2호선', '6호선', '5호선']"
44218071,1,0,0,0,"['지하철역', '세탁소', '카페', '약국', '대형마트', '편의점', '버스정류장']","['쿠팡', 'SSG', '마켓컬리', '배달의 민족', '요기요']","['역세권', '편리한 상권', '공원', '산 근처', '학원가 근처']","['중앙선', '경춘선', '7호선']"
44218884,1,0,0,0,"['지하철역', '세탁소', '카페', '약국', '대형마트', '편의점', '버스정류장']","['쿠팡', 'SSG', '마켓컬리', '배달의 민족', '요기요']","['편리한 상권', '쇼핑몰', '공원', '학원가 근처']","['2호선', '7호선']"
44218917,0,0,0,0,"['지하철역', '세탁소', '카페', '약국', '대형마트', '편의점', '버스정류장']","['쿠팡', 'SSG', '마켓컬리', '배달의 민족', '요기요']","['편리한 상권', '쇼핑몰', '공원', '학원가 근처']","['2호선', '7호선']"
44218927,1,0,0,0,"['지하철역', '세탁소', '카페', '약국', '대형마트', '편의점', '버스정류장']","['쿠팡', 'SSG', '마켓컬리', '배달의 민족', '요기요']","['편리한 상권', '쇼핑몰', '공원', '학원가 근처']","['2호선', '7호선']"
44218956,0,0,0,0,"['지하철역', '세탁소', '카페', '약국', '대형마트', '편의점', '버스정류장']","['쿠팡', 'SSG', '마켓컬리', '배달의 민족', '요기요']","['편리한 상권', '쇼핑몰', '공원', '학원가 근처']",['2호선']
44218992,1,0,0,0,"['지하철역', '세탁소', '카페', '약국', '대형마트', '편의점', '버스정류장']","['쿠팡', 'SSG', '마켓컬리', '배달의 민족', '요기요']","['역세권', '편리한 상권', '쇼핑몰', '공원', '학원가 근처']","['1호선', '우이신설경전철', '2호선', '6호선']"
44218995,0,0,0,0,"['지하철역', '세탁소', '카페', '약국', '대형마트', '편의점', '버스정류장']","['쿠팡', 'SSG', '마켓컬리', '배달의 민족', '요기요']","['역세권', '대학 근처', '편리한 상권', '공원', '학원가 근처']","['2호선', '5호선']"
44219004,1,0,0,0,"['지하철역', '세탁소', '카페', '약국', '대형마트', '편의점', '버스정류장']","['쿠팡', 'SSG', '마켓컬리', '배달의 민족', '요기요']","['편리한 상권', '쇼핑몰', '공원', '학원가 근처']","['2호선', '7호선']"
44219030,0,0,0,0,"['지하철역', '세탁소', '카페', '약국', '대형마트', '편의점', '버스정류장']","['쿠팡', 'SSG', '마켓컬리', '배달의 민족', '요기요']","['편리한 상권', '쇼핑몰', '공원', '학원가 근처']","['2호선', '7호선']"
44219050,1,0,0,0,"['지하철역', '세탁소', '카페', '약국', '대형마트', '편의점', '버스정류장']","['쿠팡', 'SSG', '마켓컬리', '배달의 민족', '요기요']","['편리한 상권', '쇼핑몰', '공원', '학원가 근처']","['2호선', '7호선']"
44219110,1,0,0,0,"['지하철역', '세탁소', '카페', '약국', '대형마트', '편의점', '버스정류장']","['쿠팡', 'SSG', '마켓컬리', '배달의 민족', '요기요']","['편리한 상권', '쇼핑몰', '공원', '학원가 근처']","['2호선', '7호선']"
44219196,0,0,0,0,"['지하철역', '세탁소', '카페', '약국', '대형마트', '편의점', '버스정류장']","['쿠팡', 'SSG', '마켓컬리', '배달의 민족', '요기요']","['편리한 상권', '공원', '학원가 근처']",['6호선']
44219203,1,0,0,0,"['지하철역', '세탁소', '카페', '약국', '대형마트', '편의점', '버스정류장']","['쿠팡', 'SSG', '마켓컬리', '배달의 민족', '요기요']","['편리한 상권', '공원', '학원가 근처']","['중앙선', '경춘선', '7호선']"
44219240,0,0,0,0,"['지하철역', '세탁소', '카페', '약국', '대형마트', '편의점', '버스정류장']","['쿠팡', 'SSG', '마켓컬리', '배달의 민족', '요기요']","['역세권', '편리한 상권', '공원', '학원가 근처']","['2호선', '7호선']"
44219366,0,0,0,0,"['지하철역', '세탁소', '카페', '약국', '대형마트', '편의점', '버스정류장']","['쿠팡', 'SSG', '마켓컬리', '배달의 민족', '요기요']","['편리한 상권', '쇼핑몰', '공원', '학원가 근처']","['2호선', '7호선']"
44219395,1,0,0,0,"['지하철역', '세탁소', '카페', '약국', '대형마트', '편의점', '버스정류장']","['쿠팡', 'SSG', '마켓컬리', '배달의 민족', '요기요']","['편리한 상권', '쇼핑몰', '공원', '학원가 근처']","['2호선', '7호선']"
44219397,0,0,0,0,"['지하철역', '세탁소', '카페', '약국', '대형마트', '편의점', '버스정류장']","['쿠팡', 'SSG', '마켓컬리', '배달의 민족', '요기요']","['역세권', '대학 근처', '편리한 상권', '공원', '학원가 근처']","['2호선', '5호선', '7호선']"
44219399,0,0,0,0,"['지하철역', '세탁소', '카페', '약국', '대형마트', '편의점', '버스정류장']","['쿠팡', 'SSG', '마켓컬리', '배달의 민족', '요기요']","['역세권', '편리한 상권', '쇼핑몰', '공원', '학원가 근처']","['5호선', '7호선']"
44219480,1,0,0,0,"['지하철역', '세탁소', '카페', '약국', '대형마트', '편의점', '버스정류장']","['쿠팡', 'SSG', '마켓컬리', '배달의 민족', '요기요']","['역세권', '대학 근처', '편리한 상권', '공원', '학원가 근처']","['5호선', '7호선']"
44219718,1,0,0,0,"['지하철역', '세탁소', '카페', '약국', '대형마트', '편의점', '버스정류장']","['쿠팡', 'SSG', '마켓컬리', '배달의 민족', '요기요']","['편리한 상권', '공원', '학원가 근처']","['중앙선', '경춘선', '7호선']"
44219738,1,0,0,0,"['지하철역', '세탁소', '카페', '약국', '대형마트', '편의점', '버스정류장']","['쿠팡', 'SSG', '마켓컬리', '배달의 민족', '요기요']","['편리한 상권', '공원', '학원가 근처']","['5호선', '7호선']"
44219750,1,0,0,0,"['지하철역', '세탁소', '카페', '약국', '대형마트', '편의점', '버스정류장']","['쿠팡', 'SSG', '마켓컬리', '배달의 민족', '요기요']","['역세권', '편리한 상권', '쇼핑몰', '공원', '학원가 근처']","['2호선', '5호선']"
44219765,1,0,0,0,"['지하철역', '세탁소', '카페', '약국', '대형마트', '편의점', '버스정류장']","['쿠팡', 'SSG', '마켓컬리', '배달의 민족', '요기요']","['역세권', '편리한 상권', '공원', '학원가 근처']","['중앙선', '경춘선', '7호선']"
44219971,0,0,0,0,"['지하철역', '세탁소', '카페', '약국', '대형마트', '편의점', '버스정류장']","['쿠팡', 'SSG', '마켓컬리', '배달의 민족', '요기요']","['편리한 상권', '쇼핑몰', '공원', '학원가 근처']","['2호선', '7호선']"
44220082,1,0,0,0,"['지하철역', '세탁소', '카페', '약국', '대형마트', '편의점', '버스정류장']","['쿠팡', 'SSG', '마켓컬리', '배달의 민족', '요기요']","['역세권', '대학 근처', '편리한 상권', '공원', '산 근처', '학원가 근처']","['5호선', '7호선']"
44220453,1,0,0,0,"['지하철역', '세탁소', '카페', '약국', '대형마트', '편의점', '버스정류장']","['쿠팡', 'SSG', '마켓컬리', '배달의 민족', '요기요']","['역세권', '대학 근처', '편리한 상권', '공원', '학원가 근처']","['5호선', '7호선']"
44220764,1,0,0,0,"['지하철역', '세탁소', '카페', '약국', '대형마트', '편의점', '버스정류장']","['쿠팡', 'SSG', '마켓컬리', '배달의 민족', '요기요']","['역세권', '편리한 상권', '공원', '학원가 근처']","['중앙선', '경춘선', '7호선']"
44220821,0,0,0,0,"['지하철역', '세탁소', '카페', '약국', '대형마트', '편의점', '버스정류장']","['쿠팡', 'SSG', '마켓컬리', '배달의 민족', '요기요']","['역세권', '편리한 상권', '공원', '학원가 근처']","['중앙선', '경춘선', '7호선']"
44221033,1,0,0,0,"['지하철역', '세탁소', '카페', '약국', '대형마트', '편의점', '버스정류장']","['쿠팡', 'SSG', '마켓컬리', '배달의 민족', '요기요']","['편리한 상권', '쇼핑몰', '공원', '학원가 근처']",['2호선']
44221543,1,0,0,0,"['지하철역', '세탁소', '카페', '약국', '대형마트', '편의점', '버스정류장']","['쿠팡', 'SSG', '마켓컬리', '배달의 민족', '요기요']","['편리한 상권', '쇼핑몰', '공원', '학원가 근처']",['7호선']
44221737,1,0,0,0,"['지하철역', '세탁소', '카페', '약국', '대형마트', '편의점', '버스정류장']","['쿠팡', 'SSG', '마켓컬리', '배달의 민족', '요기요']","['역세권', '편리한 상권', '쇼핑몰', '공원', '학원가 근처']","['1호선', '6호선', '7호선']"
44221866,0,0,0,0,"['지하철역', '세탁소', '카페', '약국', '대형마트', '편의점', '버스정류장']","['쿠팡', 'SSG', '마켓컬리', '배달의 민족', '요기요']","['역세권', '편리한 상권', '공원', '산 근처', '학원가 근처']",['7호선']
44221928,1,0,0,0,"['지하철역', '세탁소', '카페', '약국', '대형마트', '편의점', '버스정류장']","['쿠팡', 'SSG', '마켓컬리', '배달의 민족', '요기요']","['대학 근처', '편리한 상권', '공원', '학원가 근처']",['6호선']
44222055,1,0,0,0,"['지하철역', '세탁소', '카페', '약국', '대형마트', '편의점', '버스정류장']","['쿠팡', 'SSG', '마켓컬리', '배달의 민족', '요기요']","['역세권', '편리한 상권', '공원', '산 근처', '학원가 근처']","['4호선', '우이신설경전철']"
44222247,1,0,0,0,"['지하철역', '세탁소', '카페', '약국', '대형마트', '편의점', '버스정류장']","['쿠팡', 'SSG', '마켓컬리', '배달의 민족', '요기요']","['대학 근처', '편리한 상권', '쇼핑몰', '공원', '학원가 근처']","['2호선', '7호선']"
44222267,0,0,0,0,"['지하철역', '세탁소', '카페', '약국', '대형마트', '편의점', '버스정류장']","['쿠팡', 'SSG', '마켓컬리', '배달의 민족', '요기요']","['대학 근처', '편리한 상권', '공원', '학원가 근처']","['1호선', '중앙선', '6호선', '경춘선']"
44222288,0,0,0,0,"['지하철역', '세탁소', '카페', '약국', '대형마트', '편의점', '버스정류장']","['쿠팡', 'SSG', '마켓컬리', '배달의 민족', '요기요']","['대학 근처', '편리한 상권', '공원', '학원가 근처']","['1호선', '중앙선', '경춘선', '수인분당선']"
44222299,0,0,0,0,"['지하철역', '세탁소', '카페', '약국', '대형마트', '편의점', '버스정류장']","['쿠팡', 'SSG', '마켓컬리', '배달의 민족', '요기요']","['역세권', '대학 근처', '편리한 상권', '공원', '학원가 근처']","['1호선', '중앙선', '경춘선']"
44222576,1,0,0,0,"['지하철역', '세탁소', '카페', '약국', '대형마트', '편의점', '버스정류장']","['쿠팡', 'SSG', '마켓컬리', '배달의 민족', '요기요']","['편리한 상권', '공원', '산 근처', '학원가 근처']",['우이신설경전철']
44222839,0,0,0,0,"['지하철역', '세탁소', '카페', '약국', '대형마트', '편의점', '버스정류장']","['쿠팡', 'SSG', '마켓컬리', '배달의 민족', '요기요']","['역세권', '대학 근처', '편리한 상권', '공원', '학원가 근처']","['2호선', '5호선']"
44223312,1,0,0,0,"['지하철역', '세탁소', '카페', '약국', '대형마트', '편의점', '버스정류장']","['쿠팡', 'SSG', '마켓컬리', '배달의 민족', '요기요']","['편리한 상권', '쇼핑몰', '공원', '학원가 근처']","['2호선', '7호선']"
44223583,0,0,0,0,"['지하철역', '세탁소', '카페', '약국', '대형마트', '편의점', '버스정류장']","['쿠팡', 'SSG', '마켓컬리', '배달의 민족', '요기요']","['역세권', '편리한 상권', '쇼핑몰', '학원가 근처']","['1호선', '7호선']"
44223673,1,0,0,0,"['지하철역', '세탁소', '카페', '약국', '대형마트', '편의점', '버스정류장']","['쿠팡', 'SSG', '마켓컬리', '배달의 민족', '요기요']","['역세권', '편리한 상권', '쇼핑몰', '공원', '학원가 근처']","['중앙선', '2호선', '5호선', '수인분당선']"
44223872,0,0,0,0,"['지하철역', '세탁소', '카페', '약국', '대형마트', '편의점', '버스정류장']","['쿠팡', 'SSG', '마켓컬리', '배달의 민족', '요기요']","['편리한 상권', '공원', '학원가 근처']","['4호선', '6호선']"
44223885,0,0,0,0,"['지하철역', '세탁소', '카페', '약국', '대형마트', '편의점', '버스정류장']","['쿠팡', 'SSG', '마켓컬리', '배달의 민족', '요기요']","['더블 역세권', '대학 근처', '편리한 상권', '공원', '학원가 근처']","['4호선', '우이신설경전철', '6호선']"
44223888,1,0,0,0,"['지하철역', '세탁소', '카페', '약국', '대형마트', '편의점', '버스정류장']","['쿠팡', 'SSG', '마켓컬리', '배달의 민족', '요기요']","['역세권', '대학 근처', '편리한 상권', '공원', '학원가 근처']","['5호선', '4호선', '3호선', '2호선']"
44224361,0,0,0,0,"['지하철역', '세탁소', '카페', '약국', '대형마트', '편의점', '버스정류장']","['쿠팡', 'SSG', '마켓컬리', '배달의 민족', '요기요']","['대학 근처', '편리한 상권', '공원', '학원가 근처']","['1호선', '중앙선', '6호선', '경춘선']"
44224441,0,0,0,0,"['지하철역', '세탁소', '카페', '약국', '대형마트', '편의점', '버스정류장']","['쿠팡', 'SSG', '마켓컬리', '배달의 민족', '요기요']","['더블 역세권', '대학 근처', '편리한 상권', '공원', '학원가 근처']","['4호선', '6호선']"
44224447,1,0,0,0,"['지하철역', '세탁소', '카페', '약국', '대형마트', '편의점', '버스정류장']","['쿠팡', 'SSG', '마켓컬리', '배달의 민족', '요기요']","['역세권', '편리한 상권', '공원', '산 근처', '학원가 근처']","['중앙선', '경춘선', '7호선']"
44224588,0,0,0,0,"['지하철역', '세탁소', '카페', '약국', '대형마트', '편의점', '버스정류장']","['쿠팡', 'SSG', '마켓컬리', '배달의 민족', '요기요']","['역세권', '대학 근처', '편리한 상권', '학원가 근처']","['2호선', '5호선']"
44224677,1,0,0,0,"['지하철역', '세탁소', '카페', '약국', '대형마트', '편의점', '버스정류장']","['쿠팡', 'SSG', '마켓컬리', '배달의 민족', '요기요']","['역세권', '편리한 상권', '쇼핑몰', '공원', '학원가 근처']","['중앙선', '경춘선', '7호선']"
44224690,0,0,0,0,"['지하철역', '세탁소', '카페', '약국', '대형마트', '편의점', '버스정류장']","['쿠팡', 'SSG', '마켓컬리', '배달의 민족', '요기요']","['역세권', '편리한 상권', '공원', '학원가 근처']","['2호선', '수인분당선']"
44224696,1,0,0,0,"['지하철역', '세탁소', '카페', '약국', '대형마트', '편의점', '버스정류장']","['쿠팡', 'SSG', '마켓컬리', '배달의 민족', '요기요']","['역세권', '편리한 상권', '쇼핑몰', '공원', '학원가 근처']","['중앙선', '경춘선', '7호선']"
44224713,1,0,0,0,"['지하철역', '세탁소', '카페', '약국', '대형마트', '편의점', '버스정류장']","['쿠팡', 'SSG', '마켓컬리', '배달의 민족', '요기요']","['편리한 상권', '공원', '학원가 근처']","['2호선', '5호선']"
44225140,0,0,0,0,"['지하철역', '세탁소', '카페', '약국', '대형마트', '편의점', '버스정류장']","['쿠팡', 'SSG', '마켓컬리', '배달의 민족', '요기요']","['더블 역세권', '대학 근처', '편리한 상권', '공원', '학원가 근처']","['1호선', '우이신설경전철', '6호선', '2호선']"
44225204,0,0,0,0,"['지하철역', '세탁소', '카페', '약국', '대형마트', '편의점', '버스정류장']","['쿠팡', 'SSG', '마켓컬리', '배달의 민족', '요기요']","['역세권', '편리한 상권', '산 근처', '학원가 근처']","['우이신설경전철', '4호선']"
44225737,1,0,0,0,"['지하철역', '세탁소', '카페', '약국', '대형마트', '편의점', '버스정류장']","['쿠팡', 'SSG', '마켓컬리', '배달의 민족', '요기요']","['역세권', '편리한 상권', '쇼핑몰', '공원', '학원가 근처']","['중앙선', '경춘선', '7호선']"
44225831,1,0,0,0,"['지하철역', '세탁소', '카페', '약국', '대형마트', '편의점', '버스정류장']","['쿠팡', 'SSG', '마켓컬리', '배달의 민족', '요기요']","['역세권', '편리한 상권', '쇼핑몰', '공원', '학원가 근처']","['1호선', '6호선', '7호선']"
44225846,0,0,0,0,"['지하철역', '세탁소', '카페', '약국', '대형마트', '편의점', '버스정류장']","['쿠팡', 'SSG', '마켓컬리', '배달의 민족', '요기요']","['역세권', '대학 근처', '편리한 상권', '공원', '학원가 근처']","['2호선', '5호선', '7호선']"
44226136,1,0,0,0,"['지하철역', '세탁소', '카페', '약국', '대형마트', '편의점', '버스정류장']","['쿠팡', 'SSG', '마켓컬리', '배달의 민족', '요기요']","['더블 역세권', '편리한 상권', '쇼핑몰', '공원', '학원가 근처']","['6호선', '7호선']"
44226218,0,0,0,0,"['지하철역', '세탁소', '카페', '약국', '대형마트', '편의점', '버스정류장']","['쿠팡', 'SSG', '마켓컬리', '배달의 민족', '요기요']","['역세권', '대학 근처', '편리한 상권', '공원', '학원가 근처']","['2호선', '5호선']"
44226465,1,1,0,1,"['지하철역', '세탁소', '카페', '약국', '대형마트', '편의점', '버스정류장']","['쿠팡', 'SSG', '마켓컬리', '배달의 민족', '요기요']","['역세권', '편리한 상권', '공원', '산 근처', '학원가 근처']","['중앙선', '경춘선', '7호선']"
44226554,0,0,0,0,"['지하철역', '세탁소', '카페', '약국', '대형마트', '편의점', '버스정류장']","['쿠팡', 'SSG', '마켓컬리', '배달의 민족', '요기요']","['역세권', '편리한 상권', '공원', '학원가 근처']","['1호선', '6호선', '경춘선', '7호선']"
44226781,0,0,0,0,"['지하철역', '세탁소', '카페', '약국', '대형마트', '편의점', '버스정류장']","['쿠팡', 'SSG', '마켓컬리', '배달의 민족', '요기요']","['역세권', '대학 근처', '편리한 상권', '공원', '산 근처', '학원가 근처']","['5호선', '4호선', '3호선', '2호선']"
44227142,1,0,0,0,"['지하철역', '세탁소', '카페', '약국', '대형마트', '편의점', '버스정류장']","['쿠팡', 'SSG', '마켓컬리', '배달의 민족', '요기요']","['편리한 상권', '공원', '학원가 근처']","['중앙선', '경춘선', '7호선']"
44227550,0,0,0,0,"['지하철역', '세탁소', '카페', '약국', '대형마트', '편의점', '버스정류장']","['쿠팡', 'SSG', '마켓컬리', '배달의 민족', '요기요']","['편리한 상권', '공원', '산 근처', '학원가 근처']",['7호선']
44227613,0,0,0,0,"['지하철역', '세탁소', '카페', '약국', '대형마트', '편의점', '버스정류장']","['쿠팡', 'SSG', '마켓컬리', '배달의 민족', '요기요']","['더블 역세권', '대학 근처', '편리한 상권', '공원', '학원가 근처']","['2호선', '5호선']"
44227650,1,0,0,0,"['지하철역', '세탁소', '카페', '약국', '대형마트', '편의점', '버스정류장']","['쿠팡', 'SSG', '마켓컬리', '배달의 민족', '요기요']","['역세권', '편리한 상권', '쇼핑몰', '공원', '산 근처', '학원가 근처']","['5호선', '7호선']"
44227816,1,0,0,0,"['지하철역', '세탁소', '카페', '약국', '대형마트', '편의점', '버스정류장']","['쿠팡', 'SSG', '마켓컬리', '배달의 민족', '요기요']","['편리한 상권', '쇼핑몰', '공원', '학원가 근처']","['2호선', '7호선']"
44227865,1,0,0,0,"['지하철역', '세탁소', '카페', '약국', '대형마트', '편의점', '버스정류장']","['쿠팡', 'SSG', '마켓컬리', '배달의 민족', '요기요']","['역세권', '편리한 상권', '공원', '학원가 근처']",['2호선']
44228016,1,0,0,1,"['지하철역', '세탁소', '카페', '약국', '대형마트', '편의점', '버스정류장']","['쿠팡', 'SSG', '마켓컬리', '배달의 민족', '요기요']","['편리한 상권', '공원', '학원가 근처']","['2호선', '5호선']"
44228091,0,0,0,0,"['지하철역', '세탁소', '카페', '약국', '대형마트', '편의점', '버스정류장']","['쿠팡', 'SSG', '마켓컬리', '배달의 민족', '요기요']","['역세권', '편리한 상권', '공원', '학원가 근처']",['2호선']
44228201,1,0,0,0,"['지하철역', '세탁소', '카페', '약국', '대형마트', '편의점', '버스정류장']","['쿠팡', 'SSG', '마켓컬리', '배달의 민족', '요기요']","['역세권', '편리한 상권', '공원', '학원가 근처']","['중앙선', '경춘선', '7호선']"
44228364,1,0,0,0,"['지하철역', '세탁소', '카페', '약국', '대형마트', '편의점', '버스정류장']","['쿠팡', 'SSG', '마켓컬리', '배달의 민족', '요기요']","['역세권', '대학 근처', '편리한 상권', '공원', '학원가 근처']","['5호선', '7호선']"
44228365,1,0,0,0,"['지하철역', '세탁소', '카페', '약국', '대형마트', '편의점', '버스정류장']","['쿠팡', 'SSG', '마켓컬리', '배달의 민족', '요기요']","['편리한 상권', '공원', '학원가 근처']","['2호선', '5호선']"
44228758,1,0,0,0,"['지하철역', '세탁소', '카페', '약국', '대형마트', '편의점', '버스정류장']","['쿠팡', 'SSG', '마켓컬리', '배달의 민족', '요기요']","['역세권', '대학 근처', '편리한 상권', '공원', '산 근처', '학원가 근처']","['5호선', '7호선']"
44229102,0,0,0,0,"['지하철역', '세탁소', '카페', '약국', '대형마트', '편의점', '버스정류장']","['쿠팡', 'SSG', '마켓컬리', '배달의 민족', '요기요']","['역세권', '편리한 상권', '쇼핑몰', '공원', '산 근처', '학원가 근처']","['5호선', '7호선']"
44229645,1,0,0,0,"['지하철역', '세탁소', '카페', '약국', '대형마트', '편의점', '버스정류장']","['쿠팡', 'SSG', '마켓컬리', '배달의 민족', '요기요']","['대학 근처', '편리한 상권', '공원', '학원가 근처']","['5호선', '7호선']"
44229651,0,0,0,0,"['지하철역', '세탁소', '카페', '약국', '대형마트', '편의점', '버스정류장']","['쿠팡', 'SSG', '마켓컬리', '배달의 민족', '요기요']","['편리한 상권', '공원', '학원가 근처']",['6호선']
44229881,0,0,0,0,"['지하철역', '세탁소', '카페', '약국', '대형마트', '편의점', '버스정류장']","['쿠팡', 'SSG', '마켓컬리', '배달의 민족', '요기요']","['역세권', '대학 근처', '편리한 상권', '공원', '학원가 근처']","['1호선', '중앙선', '경춘선', '수인분당선']"
44229996,0,0,0,0,"['지하철역', '세탁소', '카페', '약국', '대형마트', '편의점', '버스정류장']","['쿠팡', 'SSG', '마켓컬리', '배달의 민족', '요기요']","['역세권', '대학 근처', '편리한 상권', '공원', '학원가 근처']","['1호선', '중앙선', '경춘선']"
44230058,1,0,0,0,"['지하철역', '세탁소', '카페', '약국', '대형마트', '편의점', '버스정류장']","['쿠팡', 'SSG', '마켓컬리', '배달의 민족', '요기요']","['역세권', '대학 근처', '편리한 상권', '공원', '학원가 근처']","['2호선', '3호선', '5호선', '4호선', '6호선']"
44230068,0,0,0,0,"['지하철역', '세탁소', '카페', '약국', '대형마트', '편의점', '버스정류장']","['쿠팡', 'SSG', '마켓컬리', '배달의 민족', '요기요']","['편리한 상권', '쇼핑몰', '공원', '학원가 근처']","['2호선', '7호선']"
44230147,1,0,0,0,"['지하철역', '세탁소', '카페', '약국', '대형마트', '편의점', '버스정류장']","['쿠팡', 'SSG', '마켓컬리', '배달의 민족', '요기요']","['역세권', '대학 근처', '편리한 상권', '공원', '학원가 근처']","['2호선', '5호선', '7호선']"
44230351,1,0,0,0,"['지하철역', '세탁소', '카페', '약국', '대형마트', '편의점', '버스정류장']","['쿠팡', 'SSG', '마켓컬리', '배달의 민족', '요기요']","['역세권', '대학 근처', '편리한 상권', '공원', '학원가 근처']","['1호선', '6호선']"
44230618,0,0,0,0,"['지하철역', '세탁소', '카페', '약국', '대형마트', '편의점', '버스정류장']","['쿠팡', 'SSG', '마켓컬리', '배달의 민족', '요기요']","['역세권', '편리한 상권', '공원', '학원가 근처']","['1호선', '중앙선', '경춘선']"
44230629,0,0,0,0,"['지하철역', '세탁소', '카페', '약국', '대형마트', '편의점', '버스정류장']","['쿠팡', 'SSG', '마켓컬리', '배달의 민족', '요기요']","['역세권', '편리한 상권', '공원', '산 근처', '학원가 근처']",['7호선']
44231053,1,0,0,0,"['지하철역', '세탁소', '카페', '약국', '대형마트', '편의점', '버스정류장']","['쿠팡', 'SSG', '마켓컬리', '배달의 민족', '요기요']","['역세권', '편리한 상권', '쇼핑몰', '공원', '학원가 근처']","['중앙선', '경춘선', '7호선']"
44231805,0,0,0,0,"['지하철역', '세탁소', '카페', '약국', '대형마트', '편의점', '버스정류장']","['쿠팡', 'SSG', '마켓컬리', '배달의 민족', '요기요']","['역세권', '대학 근처', '편리한 상권', '공원', '학원가 근처']","['2호선', '7호선']"
44231959,1,0,0,0,"['지하철역', '세탁소', '카페', '약국', '대형마트', '편의점', '버스정류장']","['쿠팡', 'SSG', '마켓컬리', '배달의 민족', '요기요']","['편리한 상권', '쇼핑몰', '공원', '학원가 근처']","['2호선', '7호선']"
44233038,1,0,0,0,"['지하철역', '세탁소', '카페', '약국', '대형마트', '편의점', '버스정류장']","['쿠팡', 'SSG', '마켓컬리', '배달의 민족', '요기요']","['역세권', '편리한 상권', '쇼핑몰', '공원', '산 근처', '학원가 근처']","['중앙선', '경춘선', '7호선']"
44234081,0,0,0,0,"['지하철역', '세탁소', '카페', '약국', '대형마트', '편의점', '버스정류장']","['쿠팡', 'SSG', '마켓컬리', '배달의 민족', '요기요']","['역세권', '대학 근처', '편리한 상권', '공원', '학원가 근처']","['1호선', '중앙선', '경춘선']"
44234218,0,0,0,0,"['지하철역', '세탁소', '카페', '약국', '대형마트', '편의점', '버스정류장']","['쿠팡', 'SSG', '마켓컬리', '배달의 민족', '요기요']","['더블 역세권', '편리한 상권', '쇼핑몰', '공원', '학원가 근처']","['1호선', '우이신설경전철', '2호선']"
44234256,1,0,0,0,"['지하철역', '세탁소', '카페', '약국', '대형마트', '편의점', '버스정류장']","['쿠팡', 'SSG', '마켓컬리', '배달의 민족', '요기요']","['역세권', '편리한 상권', '공원', '산 근처', '학원가 근처']","['5호선', '7호선']"
44234597,0,1,0,0,"['지하철역', '세탁소', '카페', '약국', '대형마트', '편의점', '버스정류장']","['쿠팡', 'SSG', '마켓컬리', '배달의 민족', '요기요']","['편리한 상권', '쇼핑몰', '공원', '학원가 근처']","['5호선', '7호선']"
44235007,1,0,0,0,"['지하철역', '세탁소', '카페', '약국', '대형마트', '편의점', '버스정류장']","['쿠팡', 'SSG', '마켓컬리', '배달의 민족', '요기요']","['역세권', '대학 근처', '편리한 상권', '공원', '학원가 근처']","['2호선', '5호선']"
44235300,0,0,0,0,"['지하철역', '세탁소', '카페', '약국', '대형마트', '편의점', '버스정류장']","['쿠팡', 'SSG', '마켓컬리', '배달의 민족', '요기요']","['편리한 상권', '공원', '학원가 근처']",['5호선']
44235501,0,0,0,0,"['지하철역', '세탁소', '카페', '약국', '대형마트', '편의점', '버스정류장']","['쿠팡', 'SSG', '마켓컬리', '배달의 민족', '요기요']","['역세권', '편리한 상권', '공원', '산 근처', '학원가 근처']","['5호선', '7호선']"
44235764,0,0,0,0,"['지하철역', '세탁소', '카페', '약국', '대형마트', '편의점', '버스정류장']","['쿠팡', 'SSG', '마켓컬리', '배달의 민족', '요기요']","['역세권', '대학 근처', '편리한 상권', '공원', '학원가 근처']","['1호선', '중앙선', '경춘선']"
44235822,0,0,0,0,"['지하철역', '세탁소', '카페', '약국', '대형마트', '편의점', '버스정류장']","['쿠팡', 'SSG', '마켓컬리', '배달의 민족', '요기요']","['역세권', '편리한 상권', '공원', '학원가 근처']","['2호선', '수인분당선']"
44236032,1,0,0,0,"['지하철역', '세탁소', '카페', '약국', '대형마트', '편의점', '버스정류장']","['쿠팡', 'SSG', '마켓컬리', '배달의 민족', '요기요']","['편리한 상권', '공원', '학원가 근처']","['2호선', '7호선']"
44236100,0,0,0,0,"['지하철역', '세탁소', '카페', '약국', '대형마트', '편의점', '버스정류장']","['쿠팡', 'SSG', '마켓컬리', '배달의 민족', '요기요']","['역세권', '편리한 상권', '공원', '학원가 근처']","['1호선', '우이신설경전철', '2호선']"
44237040,0,0,0,0,"['지하철역', '세탁소', '카페', '약국', '대형마트', '편의점', '버스정류장']","['쿠팡', 'SSG', '마켓컬리', '배달의 민족', '요기요']","['역세권', '편리한 상권', '쇼핑몰', '공원', '학원가 근처']","['1호선', '6호선', '7호선']"
44237233,1,0,0,0,"['지하철역', '세탁소', '카페', '약국', '대형마트', '편의점', '버스정류장']","['쿠팡', 'SSG', '마켓컬리', '배달의 민족', '요기요']","['편리한 상권', '공원', '학원가 근처']",['6호선']
44237419,0,0,0,0,"['지하철역', '세탁소', '카페', '약국', '대형마트', '편의점', '버스정류장']","['쿠팡', 'SSG', '마켓컬리', '배달의 민족', '요기요']","['편리한 상권', '쇼핑몰', '공원', '학원가 근처']","['2호선', '7호선']"
44237424,0,0,0,0,"['지하철역', '세탁소', '카페', '약국', '대형마트', '편의점', '버스정류장']","['쿠팡', 'SSG', '마켓컬리', '배달의 민족', '요기요']","['역세권', '대학 근처', '편리한 상권', '공원', '학원가 근처']","['1호선', '중앙선', '경춘선']"
44237454,1,0,0,0,"['지하철역', '세탁소', '카페', '약국', '대형마트', '편의점', '버스정류장']","['쿠팡', 'SSG', '마켓컬리', '배달의 민족', '요기요']","['역세권', '편리한 상권', '쇼핑몰', '공원', '학원가 근처']","['중앙선', '경춘선', '7호선']"
44237586,0,0,0,0,"['지하철역', '세탁소', '카페', '약국', '대형마트', '편의점', '버스정류장']","['쿠팡', 'SSG', '마켓컬리', '배달의 민족', '요기요']","['역세권', '편리한 상권', '공원', '학원가 근처']","['2호선', '3호선', '5호선', '4호선', '6호선']"
44237655,0,0,0,0,"['지하철역', '세탁소', '카페', '약국', '대형마트', '편의점', '버스정류장']","['쿠팡', 'SSG', '마켓컬리', '배달의 민족', '요기요']","['역세권', '편리한 상권', '쇼핑몰', '공원', '산 근처', '학원가 근처']","['중앙선', '경춘선', '7호선']"
44237831,0,0,0,0,"['지하철역', '세탁소', '카페', '약국', '대형마트', '편의점', '버스정류장']","['쿠팡', 'SSG', '마켓컬리', '배달의 민족', '요기요']","['역세권', '대학 근처', '편리한 상권', '공원', '학원가 근처']","['1호선', '중앙선', '경춘선', '수인분당선']"
44237837,1,0,0,0,"['지하철역', '세탁소', '카페', '약국', '대형마트', '편의점', '버스정류장']","['쿠팡', 'SSG', '마켓컬리', '배달의 민족', '요기요']","['역세권', '대학 근처', '편리한 상권', '쇼핑몰', '공원', '학원가 근처']","['2호선', '7호선']"
44237853,0,0,0,0,"['지하철역', '세탁소', '카페', '약국', '대형마트', '편의점', '버스정류장']","['쿠팡', 'SSG', '마켓컬리', '배달의 민족', '요기요']","['역세권', '대학 근처', '편리한 상권', '공원', '학원가 근처']","['1호선', '중앙선', '경춘선', '수인분당선']"
44237874,0,0,0,0,"['지하철역', '세탁소', '카페', '약국', '대형마트', '편의점', '버스정류장']","['쿠팡', 'SSG', '마켓컬리', '배달의 민족', '요기요']","['역세권', '대학 근처', '편리한 상권', '공원', '학원가 근처']","['1호선', '중앙선', '경춘선']"
44237929,0,0,0,0,"['지하철역', '세탁소', '카페', '약국', '대형마트', '편의점', '버스정류장']","['쿠팡', 'SSG', '마켓컬리', '배달의 민족', '요기요']","['편리한 상권', '쇼핑몰', '공원', '학원가 근처']","['1호선', '7호선']"
44237989,1,0,0,0,"['지하철역', '세탁소', '카페', '약국', '대형마트', '편의점', '버스정류장']","['쿠팡', 'SSG', '마켓컬리', '배달의 민족', '요기요']","['편리한 상권', '쇼핑몰', '공원', '학원가 근처']",['2호선']
44238254,0,0,0,0,"['지하철역', '세탁소', '카페', '약국', '대형마트', '편의점', '버스정류장']","['쿠팡', 'SSG', '마켓컬리', '배달의 민족', '요기요']","['편리한 상권', '쇼핑몰', '공원', '학원가 근처']","['2호선', '7호선']"
44238291,0,0,0,0,"['지하철역', '세탁소', '카페', '약국', '대형마트', '편의점', '버스정류장']","['쿠팡', 'SSG', '마켓컬리', '배달의 민족', '요기요']","['역세권', '편리한 상권', '공원', '산 근처', '학원가 근처']","['5호선', '7호선']"
44238652,0,0,0,0,"['지하철역', '세탁소', '카페', '약국', '대형마트', '편의점', '버스정류장']","['쿠팡', 'SSG', '마켓컬리', '배달의 민족', '요기요']","['역세권', '대학 근처', '편리한 상권', '공원', '학원가 근처']","['2호선', '7호선']"
44238907,1,0,0,0,"['지하철역', '세탁소', '카페', '약국', '대형마트', '편의점', '버스정류장']","['쿠팡', 'SSG', '마켓컬리', '배달의 민족', '요기요']","['역세권', '편리한 상권', '쇼핑몰', '공원', '학원가 근처']","['1호선', '6호선', '7호선']"
44238974,0,0,0,0,"['지하철역', '세탁소', '카페', '약국', '대형마트', '편의점', '버스정류장']","['쿠팡', 'SSG', '마켓컬리', '배달의 민족', '요기요']","['편리한 상권', '쇼핑몰', '공원', '학원가 근처']","['2호선', '7호선']"
44238989,1,0,0,0,"['지하철역', '세탁소', '카페', '약국', '대형마트', '편의점', '버스정류장']","['쿠팡', 'SSG', '마켓컬리', '배달의 민족', '요기요']","['역세권', '편리한 상권', '쇼핑몰', '공원', '학원가 근처']","['2호선', '중앙선', '경춘선', '1호선', '수인분당선']"
44239376,1,0,0,0,"['지하철역', '세탁소', '카페', '약국', '대형마트', '편의점', '버스정류장']","['쿠팡', 'SSG', '마켓컬리', '배달의 민족', '요기요']","['역세권', '편리한 상권', '공원', '학원가 근처']","['중앙선', '경춘선', '7호선']"
44239724,0,0,0,0,"['지하철역', '세탁소', '카페', '약국', '대형마트', '편의점', '버스정류장']","['쿠팡', 'SSG', '마켓컬리', '배달의 민족', '요기요']","['역세권', '대학 근처', '편리한 상권', '공원', '학원가 근처']","['2호선', '7호선']"
44239736,0,0,0,0,"['지하철역', '세탁소', '카페', '약국', '대형마트', '편의점', '버스정류장']","['쿠팡', 'SSG', '마켓컬리', '배달의 민족', '요기요']","['역세권', '편리한 상권', '공원', '학원가 근처']","['2호선', '수인분당선']"
44240057,1,0,0,0,"['지하철역', '세탁소', '카페', '약국', '대형마트', '편의점', '버스정류장']","['쿠팡', 'SSG', '마켓컬리', '배달의 민족', '요기요']","['역세권', '편리한 상권', '공원', '학원가 근처']","['2호선', '수인분당선']"
44240128,0,0,0,0,"['지하철역', '세탁소', '카페', '약국', '대형마트', '편의점', '버스정류장']","['쿠팡', 'SSG', '마켓컬리', '배달의 민족', '요기요']","['역세권', '대학 근처', '편리한 상권', '공원', '학원가 근처']","['중앙선', '경춘선', '1호선', '6호선', '수인분당선']"
44240140,0,0,0,0,"['지하철역', '세탁소', '카페', '약국', '대형마트', '편의점', '버스정류장']","['쿠팡', 'SSG', '마켓컬리', '배달의 민족', '요기요']","['역세권', '편리한 상권', '공원', '학원가 근처']","['중앙선', '경춘선', '7호선']"
44240264,1,0,0,0,"['지하철역', '세탁소', '카페', '약국', '대형마트', '편의점', '버스정류장']","['쿠팡', 'SSG', '마켓컬리', '배달의 민족', '요기요']","['역세권', '편리한 상권', '공원', '학원가 근처']","['중앙선', '2호선', '5호선', '수인분당선']"
44240290,0,0,0,0,"['지하철역', '세탁소', '카페', '약국', '대형마트', '편의점', '버스정류장']","['쿠팡', 'SSG', '마켓컬리', '배달의 민족', '요기요']","['편리한 상권', '쇼핑몰', '공원', '학원가 근처']","['2호선', '7호선']"
44240344,0,0,0,0,"['지하철역', '세탁소', '카페', '약국', '대형마트', '편의점', '버스정류장']","['쿠팡', 'SSG', '마켓컬리', '배달의 민족', '요기요']","['역세권', '편리한 상권', '쇼핑몰', '공원', '학원가 근처']","['중앙선', '경춘선', '7호선']"
44240451,0,0,0,0,"['지하철역', '세탁소', '카페', '약국', '대형마트', '편의점', '버스정류장']","['쿠팡', 'SSG', '마켓컬리', '배달의 민족', '요기요']","['역세권', '편리한 상권', '쇼핑몰', '공원', '학원가 근처']","['6호선', '7호선']"
44240801,0,0,0,0,"['지하철역', '세탁소', '카페', '약국', '대형마트', '편의점', '버스정류장']","['쿠팡', 'SSG', '마켓컬리', '배달의 민족', '요기요']","['역세권', '편리한 상권', '쇼핑몰', '공원', '학원가 근처']","['1호선', '7호선']"
44241100,1,0,0,0,"['지하철역', '세탁소', '카페', '약국', '대형마트', '편의점', '버스정류장']","['쿠팡', 'SSG', '마켓컬리', '배달의 민족', '요기요']","['역세권', '편리한 상권', '공원', '산 근처', '학원가 근처']","['5호선', '7호선']"
44241198,1,0,0,0,"['지하철역', '세탁소', '카페', '약국', '대형마트', '편의점', '버스정류장']","['쿠팡', 'SSG', '마켓컬리', '배달의 민족', '요기요']","['역세권', '편리한 상권', '공원', '학원가 근처']","['중앙선', '경춘선', '7호선']"
44241209,1,0,0,0,"['지하철역', '세탁소', '카페', '약국', '대형마트', '편의점', '버스정류장']","['쿠팡', 'SSG', '마켓컬리', '배달의 민족', '요기요']","['역세권', '편리한 상권', '공원', '학원가 근처']","['중앙선', '경춘선', '7호선']"
44241334,1,0,0,0,"['지하철역', '세탁소', '카페', '약국', '대형마트', '편의점', '버스정류장']","['쿠팡', 'SSG', '마켓컬리', '배달의 민족', '요기요']","['역세권', '편리한 상권', '공원', '산 근처', '학원가 근처']","['3호선', '6호선']"
44241432,1,0,0,0,"['지하철역', '세탁소', '카페', '약국', '대형마트', '편의점', '버스정류장']","['쿠팡', 'SSG', '마켓컬리', '배달의 민족', '요기요']","['역세권', '편리한 상권', '공원', '산 근처', '학원가 근처']",['7호선']
44241631,0,0,0,0,"['지하철역', '세탁소', '카페', '약국', '대형마트', '편의점', '버스정류장']","['쿠팡', 'SSG', '마켓컬리', '배달의 민족', '요기요']","['역세권', '편리한 상권', '쇼핑몰', '공원', '학원가 근처']","['우이신설경전철', '4호선']"
44241654,0,0,0,0,"['지하철역', '세탁소', '카페', '약국', '대형마트', '편의점', '버스정류장']","['쿠팡', 'SSG', '마켓컬리', '배달의 민족', '요기요']","['역세권', '대학 근처', '편리한 상권', '공원', '학원가 근처']",['6호선']
44241819,0,0,0,0,"['지하철역', '세탁소', '카페', '약국', '대형마트', '편의점', '버스정류장']","['쿠팡', 'SSG', '마켓컬리', '배달의 민족', '요기요']","['역세권', '편리한 상권', '쇼핑몰', '공원', '산 근처', '학원가 근처']","['중앙선', '경춘선', '7호선']"
44241890,0,0,0,0,"['지하철역', '세탁소', '카페', '약국', '대형마트', '편의점', '버스정류장']","['쿠팡', 'SSG', '마켓컬리', '배달의 민족', '요기요']","['역세권', '편리한 상권', '공원', '산 근처', '학원가 근처']","['중앙선', '경춘선', '7호선']"
44241902,1,0,0,0,"['지하철역', '세탁소', '카페', '약국', '대형마트', '편의점', '버스정류장']","['쿠팡', 'SSG', '마켓컬리', '배달의 민족', '요기요']","['역세권', '대학 근처', '편리한 상권', '공원', '학원가 근처']","['5호선', '7호선']"
44241982,1,0,0,0,"['지하철역', '세탁소', '카페', '약국', '대형마트', '편의점', '버스정류장']","['쿠팡', 'SSG', '마켓컬리', '배달의 민족', '요기요']","['역세권', '편리한 상권', '공원', '학원가 근처']","['1호선', '중앙선', '경춘선', '7호선']"
44242421,1,0,0,0,"['지하철역', '세탁소', '카페', '약국', '대형마트', '편의점', '버스정류장']","['쿠팡', 'SSG', '마켓컬리', '배달의 민족', '요기요']","['편리한 상권', '공원', '학원가 근처']","['중앙선', '경춘선', '7호선']"
44242436,1,0,0,0,"['지하철역', '세탁소', '카페', '약국', '대형마트', '편의점', '버스정류장']","['쿠팡', 'SSG', '마켓컬리', '배달의 민족', '요기요']","['더블 역세권', '편리한 상권', '쇼핑몰', '공원', '학원가 근처']","['중앙선', '경춘선', '7호선']"
44242446,1,0,0,0,"['지하철역', '세탁소', '카페', '약국', '대형마트', '편의점', '버스정류장']","['쿠팡', 'SSG', '마켓컬리', '배달의 민족', '요기요']","['역세권', '대학 근처', '편리한 상권', '공원', '학원가 근처']","['4호선', '우이신설경전철', '6호선']"
44242724,0,0,0,0,"['지하철역', '세탁소', '카페', '약국', '대형마트', '편의점', '버스정류장']","['쿠팡', 'SSG', '마켓컬리', '배달의 민족', '요기요']","['대학 근처', '편리한 상권', '학원가 근처']","['1호선', '중앙선', '경춘선', '수인분당선']"
44242728,1,0,0,0,"['지하철역', '세탁소', '카페', '약국', '대형마트', '편의점', '버스정류장']","['쿠팡', 'SSG', '마켓컬리', '배달의 민족', '요기요']","['역세권', '편리한 상권', '쇼핑몰', '공원', '학원가 근처']","['6호선', '7호선']"
44242858,0,0,0,0,"['지하철역', '세탁소', '카페', '약국', '대형마트', '편의점', '버스정류장']","['쿠팡', 'SSG', '마켓컬리', '배달의 민족', '요기요']","['편리한 상권', '쇼핑몰', '공원', '학원가 근처']","['2호선', '7호선']"
44242977,1,0,0,0,"['지하철역', '세탁소', '카페', '약국', '대형마트', '편의점', '버스정류장']","['쿠팡', 'SSG', '마켓컬리', '배달의 민족', '요기요']","['편리한 상권', '쇼핑몰', '학원가 근처']","['1호선', '7호선']"
44243210,0,0,0,0,"['지하철역', '세탁소', '카페', '약국', '대형마트', '편의점', '버스정류장']","['쿠팡', 'SSG', '마켓컬리', '배달의 민족', '요기요']","['역세권', '편리한 상권', '쇼핑몰', '공원', '산 근처', '학원가 근처']","['중앙선', '경춘선', '7호선']"
44243419,1,0,0,0,"['지하철역', '세탁소', '카페', '약국', '대형마트', '편의점', '버스정류장']","['쿠팡', 'SSG', '마켓컬리', '배달의 민족', '요기요']","['역세권', '편리한 상권', '공원', '산 근처', '학원가 근처']","['5호선', '7호선']"
44243560,1,0,0,0,"['지하철역', '세탁소', '카페', '약국', '대형마트', '편의점', '버스정류장']","['쿠팡', 'SSG', '마켓컬리', '배달의 민족', '요기요']","['역세권', '편리한 상권', '쇼핑몰', '공원', '학원가 근처']","['1호선', '7호선']"
44243568,1,0,0,0,"['지하철역', '세탁소', '카페', '약국', '대형마트', '편의점', '버스정류장']","['쿠팡', 'SSG', '마켓컬리', '배달의 민족', '요기요']","['편리한 상권', '공원', '학원가 근처']","['중앙선', '경춘선', '7호선']"
44243773,1,0,0,0,"['지하철역', '세탁소', '카페', '약국', '대형마트', '편의점', '버스정류장']",[],[],"['5호선', '7호선']"
44244222,0,0,0,0,"['지하철역', '세탁소', '카페', '약국', '대형마트', '편의점', '버스정류장']","['쿠팡', 'SSG', '마켓컬리', '배달의 민족', '요기요']","['편리한 상권', '쇼핑몰', '공원', '학원가 근처']","['2호선', '7호선']"
44244235,0,0,0,0,"['지하철역', '세탁소', '카페', '약국', '대형마트', '편의점', '버스정류장']","['쿠팡', 'SSG', '마켓컬리', '배달의 민족', '요기요']","['편리한 상권', '쇼핑몰', '공원', '학원가 근처']","['1호선', '7호선']"
44244255,1,0,0,0,"['지하철역', '세탁소', '카페', '약국', '대형마트', '편의점', '버스정류장']","['쿠팡', 'SSG', '마켓컬리', '배달의 민족', '요기요']","['역세권', '편리한 상권', '공원', '산 근처', '학원가 근처']","['중앙선', '3호선', '6호선']"
44244594,0,0,0,0,"['지하철역', '세탁소', '카페', '약국', '대형마트', '편의점', '버스정류장']","['쿠팡', 'SSG', '마켓컬리', '배달의 민족', '요기요']","['대학 근처', '편리한 상권', '공원', '학원가 근처']","['2호선', '7호선']"
44244615,0,0,0,0,"['지하철역', '세탁소', '카페', '약국', '대형마트', '편의점', '버스정류장']","['쿠팡', 'SSG', '마켓컬리', '배달의 민족', '요기요']","['더블 역세권', '편리한 상권', '공원', '학원가 근처']","['중앙선', '경춘선', '7호선']"
44244752,0,0,0,0,"['지하철역', '세탁소', '카페', '약국', '대형마트', '편의점', '버스정류장']","['쿠팡', 'SSG', '마켓컬리', '배달의 민족', '요기요']","['역세권', '편리한 상권', '공원', '산 근처', '학원가 근처']","['3호선', '6호선']"
44244828,0,0,0,0,"['지하철역', '세탁소', '카페', '약국', '대형마트', '편의점', '버스정류장']","['쿠팡', 'SSG', '마켓컬리', '배달의 민족', '요기요']","['편리한 상권', '공원', '산 근처', '학원가 근처']","['5호선', '7호선']"
44245033,0,0,0,0,"['지하철역', '세탁소', '카페', '약국', '대형마트', '편의점', '버스정류장']","['쿠팡', 'SSG', '마켓컬리', '배달의 민족', '요기요']","['편리한 상권', '쇼핑몰', '공원', '산 근처', '학원가 근처']","['5호선', '7호선']"
44245298,0,0,0,0,"['지하철역', '세탁소', '카페', '약국', '대형마트', '편의점', '버스정류장']","['쿠팡', 'SSG', '마켓컬리', '배달의 민족', '요기요']","['더블 역세권', '편리한 상권', '공원', '학원가 근처']","['2호선', '수인분당선']"
44245435,0,0,0,0,"['지하철역', '세탁소', '카페', '약국', '대형마트', '편의점', '버스정류장']","['쿠팡', 'SSG', '마켓컬리', '배달의 민족', '요기요']","['대학 근처', '편리한 상권', '쇼핑몰', '공원', '학원가 근처']","['2호선', '중앙선', '경춘선', '1호선', '수인분당선']"
44245636,0,0,0,0,"['지하철역', '세탁소', '카페', '약국', '대형마트', '편의점', '버스정류장']","['쿠팡', 'SSG', '마켓컬리', '배달의 민족', '요기요']","['역세권', '편리한 상권', '공원', '산 근처', '학원가 근처']","['5호선', '7호선']"
44245767,0,0,0,0,"['지하철역', '세탁소', '카페', '약국', '대형마트', '편의점', '버스정류장']","['쿠팡', 'SSG', '마켓컬리', '배달의 민족', '요기요']","['역세권', '대학 근처', '편리한 상권', '쇼핑몰', '공원', '학원가 근처']","['2호선', '7호선']"
44245786,1,0,0,0,"['지하철역', '세탁소', '카페', '약국', '대형마트', '편의점', '버스정류장']","['쿠팡', 'SSG', '마켓컬리', '배달의 민족', '요기요']","['역세권', '편리한 상권', '쇼핑몰', '공원', '학원가 근처']","['1호선', '우이신설경전철', '2호선', '6호선']"
44245870,0,0,0,0,"['지하철역', '세탁소', '카페', '약국', '대형마트', '편의점', '버스정류장']","['쿠팡', 'SSG', '마켓컬리', '배달의 민족', '요기요']","['역세권', '대학 근처', '편리한 상권', '공원', '학원가 근처']","['1호선', '중앙선', '경춘선']"
44246025,1,0,0,0,"['지하철역', '세탁소', '카페', '약국', '대형마트', '편의점', '버스정류장']","['쿠팡', 'SSG', '마켓컬리', '배달의 민족', '요기요']","['대학 근처', '편리한 상권', '공원', '학원가 근처']","['1호선', '6호선']"
44246053,0,0,0,0,"['지하철역', '세탁소', '카페', '약국', '대형마트', '편의점', '버스정류장']","['쿠팡', 'SSG', '마켓컬리', '배달의 민족', '요기요']","['역세권', '대학 근처', '편리한 상권', '공원', '학원가 근처']","['2호선', '7호선']"
44246147,0,0,0,0,"['지하철역', '세탁소', '카페', '약국', '대형마트', '편의점', '버스정류장']","['쿠팡', 'SSG', '마켓컬리', '배달의 민족', '요기요']","['역세권', '대학 근처', '편리한 상권', '공원', '학원가 근처']","['1호선', '중앙선', '경춘선']"
44246175,1,0,0,0,"['지하철역', '세탁소', '카페', '약국', '대형마트', '편의점', '버스정류장']","['쿠팡', 'SSG', '마켓컬리', '배달의 민족', '요기요']","['편리한 상권', '공원', '학원가 근처']","['2호선', '5호선']"
44246473,1,0,0,0,"['지하철역', '세탁소', '카페', '약국', '대형마트', '편의점', '버스정류장']","['쿠팡', 'SSG', '마켓컬리', '배달의 민족', '요기요']","['역세권', '편리한 상권', '공원', '학원가 근처']","['1호선', '중앙선', '경춘선']"
44246775,0,0,0,0,"['지하철역', '세탁소', '카페', '약국', '대형마트', '편의점', '버스정류장']","['쿠팡', 'SSG', '마켓컬리', '배달의 민족', '요기요']","['편리한 상권', '쇼핑몰', '공원', '학원가 근처']","['2호선', '7호선']"
44247454,1,0,0,0,"['지하철역', '세탁소', '카페', '약국', '대형마트', '편의점', '버스정류장']","['쿠팡', 'SSG', '마켓컬리', '배달의 민족', '요기요']","['역세권', '편리한 상권', '쇼핑몰', '공원', '산 근처', '학원가 근처']","['5호선', '7호선']"
44247493,1,0,0,0,"['지하철역', '세탁소', '카페', '약국', '대형마트', '편의점', '버스정류장']","['쿠팡', 'SSG', '마켓컬리', '배달의 민족', '요기요']","['편리한 상권', '공원', '학원가 근처']","['중앙선', '경춘선', '7호선']"
44247501,1,0,0,0,"['지하철역', '세탁소', '카페', '약국', '대형마트', '편의점', '버스정류장']","['쿠팡', 'SSG', '마켓컬리', '배달의 민족', '요기요']","['편리한 상권', '공원', '학원가 근처']","['2호선', '5호선']"
44247517,1,0,0,0,"['지하철역', '세탁소', '카페', '약국', '대형마트', '편의점', '버스정류장']","['쿠팡', 'SSG', '마켓컬리', '배달의 민족', '요기요']","['편리한 상권', '공원', '학원가 근처']","['중앙선', '경춘선', '7호선']"
44247686,1,0,0,0,"['지하철역', '세탁소', '카페', '약국', '대형마트', '편의점', '버스정류장']","['쿠팡', 'SSG', '마켓컬리', '배달의 민족', '요기요']","['편리한 상권', '공원', '학원가 근처']",['5호선']
44247982,1,0,0,0,"['지하철역', '세탁소', '카페', '약국', '대형마트', '편의점', '버스정류장']","['쿠팡', 'SSG', '마켓컬리', '배달의 민족', '요기요']","['역세권', '편리한 상권', '쇼핑몰', '공원', '학원가 근처']","['중앙선', '경춘선', '7호선']"
44248134,1,0,0,0,"['지하철역', '세탁소', '카페', '약국', '대형마트', '편의점', '버스정류장']","['쿠팡', 'SSG', '마켓컬리', '배달의 민족', '요기요']","['역세권', '편리한 상권', '공원', '산 근처', '학원가 근처']",['7호선']
44248150,1,0,0,0,"['지하철역', '세탁소', '카페', '약국', '대형마트', '편의점', '버스정류장']","['쿠팡', 'SSG', '마켓컬리', '배달의 민족', '요기요']","['역세권', '편리한 상권', '쇼핑몰', '공원', '학원가 근처']","['중앙선', '경춘선', '7호선']"
44248195,1,0,0,0,"['지하철역', '세탁소', '카페', '약국', '대형마트', '편의점', '버스정류장']","['쿠팡', 'SSG', '마켓컬리', '배달의 민족', '요기요']","['역세권', '편리한 상권', '공원', '학원가 근처']","['중앙선', '경춘선', '7호선']"
44248264,1,0,0,0,"['지하철역', '세탁소', '카페', '약국', '대형마트', '편의점', '버스정류장']","['쿠팡', 'SSG', '마켓컬리', '배달의 민족', '요기요']","['역세권', '편리한 상권', '쇼핑몰', '공원', '학원가 근처']","['중앙선', '경춘선', '7호선']"
44248290,1,0,0,0,"['지하철역', '세탁소', '카페', '약국', '대형마트', '편의점', '버스정류장']","['쿠팡', 'SSG', '마켓컬리', '배달의 민족', '요기요']","['역세권', '편리한 상권', '공원', '산 근처', '학원가 근처']",['7호선']
44248309,0,0,0,0,"['지하철역', '세탁소', '카페', '약국', '대형마트', '편의점', '버스정류장']","['쿠팡', 'SSG', '마켓컬리', '배달의 민족', '요기요']","['역세권', '편리한 상권', '공원', '산 근처', '학원가 근처']",['7호선']
44248318,1,0,0,0,"['지하철역', '세탁소', '카페', '약국', '대형마트', '편의점', '버스정류장']","['쿠팡', 'SSG', '마켓컬리', '배달의 민족', '요기요']","['역세권', '대학 근처', '편리한 상권', '공원', '산 근처', '학원가 근처']",['우이신설경전철']
44248365,0,0,0,0,"['지하철역', '세탁소', '카페', '약국', '대형마트', '편의점', '버스정류장']","['쿠팡', 'SSG', '마켓컬리', '배달의 민족', '요기요']","['역세권', '대학 근처', '편리한 상권', '공원', '학원가 근처']",['6호선']
44248469,0,0,0,0,"['지하철역', '세탁소', '카페', '약국', '대형마트', '편의점', '버스정류장']","['쿠팡', 'SSG', '마켓컬리', '배달의 민족', '요기요']","['역세권', '대학 근처', '편리한 상권', '공원', '학원가 근처']","['우이신설경전철', '6호선']"
44248474,0,0,0,0,"['지하철역', '세탁소', '카페', '약국', '대형마트', '편의점', '버스정류장']","['쿠팡', 'SSG', '마켓컬리', '배달의 민족', '요기요']","['대학 근처', '편리한 상권', '쇼핑몰', '공원', '학원가 근처']","['2호선', '7호선']"
44248485,0,0,0,0,"['지하철역', '세탁소', '카페', '약국', '대형마트', '편의점', '버스정류장']","['쿠팡', 'SSG', '마켓컬리', '배달의 민족', '요기요']","['역세권', '대학 근처', '편리한 상권', '공원', '학원가 근처']","['1호선', '우이신설경전철', '6호선', '2호선']"
44248648,0,0,0,0,"['지하철역', '세탁소', '카페', '약국', '대형마트', '편의점', '버스정류장']","['쿠팡', 'SSG', '마켓컬리', '배달의 민족', '요기요']","['역세권', '편리한 상권', '쇼핑몰', '공원', '산 근처', '학원가 근처']",['7호선']
44248685,0,0,0,0,"['지하철역', '세탁소', '카페', '약국', '대형마트', '편의점', '버스정류장']","['쿠팡', 'SSG', '마켓컬리', '배달의 민족', '요기요']","['더블 역세권', '대학 근처', '편리한 상권', '공원', '학원가 근처']","['4호선', '우이신설경전철', '6호선']"
44249011,0,0,0,0,"['지하철역', '세탁소', '카페', '약국', '대형마트', '편의점', '버스정류장']","['쿠팡', 'SSG', '마켓컬리', '배달의 민족', '요기요']","['대학 근처', '편리한 상권', '쇼핑몰', '공원', '학원가 근처']","['4호선', '6호선']"
44249056,1,0,0,0,"['지하철역', '세탁소', '카페', '약국', '대형마트', '편의점', '버스정류장']","['쿠팡', 'SSG', '마켓컬리', '배달의 민족', '요기요']","['역세권', '편리한 상권', '공원', '산 근처', '학원가 근처']","['중앙선', '경춘선', '7호선']"
44249152,1,0,0,0,"['지하철역', '세탁소', '카페', '약국', '대형마트', '편의점', '버스정류장']","['쿠팡', 'SSG', '마켓컬리', '배달의 민족', '요기요']","['대학 근처', '편리한 상권', '쇼핑몰', '공원', '학원가 근처']","['2호선', '7호선']"
44249250,1,0,0,0,"['지하철역', '세탁소', '카페', '약국', '대형마트', '편의점', '버스정류장']","['쿠팡', 'SSG', '마켓컬리', '배달의 민족', '요기요']","['편리한 상권', '쇼핑몰', '공원', '학원가 근처']","['2호선', '7호선']"
44249298,1,0,0,0,"['지하철역', '세탁소', '카페', '약국', '대형마트', '편의점', '버스정류장']","['쿠팡', 'SSG', '마켓컬리', '배달의 민족', '요기요']","['편리한 상권', '쇼핑몰', '공원', '학원가 근처']","['2호선', '7호선']"
44249359,0,0,0,0,"['지하철역', '세탁소', '카페', '약국', '대형마트', '편의점', '버스정류장']","['쿠팡', 'SSG', '마켓컬리', '배달의 민족', '요기요']","['편리한 상권', '공원', '학원가 근처']","['2호선', '7호선']"
44249601,1,0,0,0,"['지하철역', '세탁소', '카페', '약국', '대형마트', '편의점', '버스정류장']","['쿠팡', 'SSG', '마켓컬리', '배달의 민족', '요기요']","['편리한 상권', '공원', '산 근처', '학원가 근처']","['4호선', '우이신설경전철']"
44249697,1,0,0,0,"['지하철역', '세탁소', '카페', '약국', '대형마트', '편의점', '버스정류장']","['쿠팡', 'SSG', '마켓컬리', '배달의 민족', '요기요']","['편리한 상권', '공원', '학원가 근처']","['5호선', '7호선']"
44249788,0,0,0,0,"['지하철역', '세탁소', '카페', '약국', '대형마트', '편의점', '버스정류장']","['쿠팡', 'SSG', '마켓컬리', '배달의 민족', '요기요']","['역세권', '대학 근처', '편리한 상권', '공원', '학원가 근처']","['2호선', '5호선']"
44249960,1,0,0,0,"['지하철역', '세탁소', '카페', '약국', '대형마트', '편의점', '버스정류장']","['쿠팡', 'SSG', '마켓컬리', '배달의 민족', '요기요']","['대학 근처', '편리한 상권', '공원', '학원가 근처']","['1호선', '중앙선', '6호선', '경춘선']"
44250282,1,0,0,0,"['지하철역', '세탁소', '카페', '약국', '대형마트', '편의점', '버스정류장']","['쿠팡', 'SSG', '마켓컬리', '배달의 민족', '요기요']","['역세권', '편리한 상권', '공원', '학원가 근처']","['2호선', '5호선']"
44250322,1,0,0,0,"['지하철역', '세탁소', '카페', '약국', '대형마트', '편의점', '버스정류장']","['쿠팡', 'SSG', '마켓컬리', '배달의 민족', '요기요']","['편리한 상권', '쇼핑몰', '공원', '학원가 근처']",['5호선']
44250386,1,0,0,0,"['지하철역', '세탁소', '카페', '약국', '대형마트', '편의점', '버스정류장']","['쿠팡', 'SSG', '마켓컬리', '배달의 민족', '요기요']","['대학 근처', '편리한 상권', '공원', '학원가 근처']","['1호선', '중앙선', '경춘선']"
44250394,0,0,0,0,"['지하철역', '세탁소', '카페', '약국', '대형마트', '편의점', '버스정류장']","['쿠팡', 'SSG', '마켓컬리', '배달의 민족', '요기요']","['역세권', '편리한 상권', '공원', '산 근처', '학원가 근처']",['7호선']
44250416,1,0,0,0,"['지하철역', '세탁소', '카페', '약국', '대형마트', '편의점', '버스정류장']","['쿠팡', 'SSG', '마켓컬리', '배달의 민족', '요기요']","['대학 근처', '편리한 상권', '공원', '학원가 근처']","['2호선', '7호선']"
44250429,1,0,0,0,"['지하철역', '세탁소', '카페', '약국', '대형마트', '편의점', '버스정류장']","['쿠팡', 'SSG', '마켓컬리', '배달의 민족', '요기요']","['역세권', '편리한 상권', '공원', '학원가 근처']","['중앙선', '2호선', '5호선', '수인분당선']"
44250703,1,0,0,0,"['지하철역', '세탁소', '카페', '약국', '대형마트', '편의점', '버스정류장']","['쿠팡', 'SSG', '마켓컬리', '배달의 민족', '요기요']","['편리한 상권', '쇼핑몰', '공원', '학원가 근처']","['2호선', '7호선']"
44250735,0,0,0,0,"['지하철역', '세탁소', '카페', '약국', '대형마트', '편의점', '버스정류장']","['쿠팡', 'SSG', '마켓컬리', '배달의 민족', '요기요']","['역세권', '편리한 상권', '공원', '학원가 근처']","['중앙선', '경춘선', '7호선']"
44250764,1,0,0,0,"['지하철역', '세탁소', '카페', '약국', '대형마트', '편의점', '버스정류장']","['쿠팡', 'SSG', '마켓컬리', '배달의 민족', '요기요']","['편리한 상권', '쇼핑몰', '공원', '학원가 근처']","['5호선', '7호선']"
44250829,0,0,0,0,"['지하철역', '세탁소', '카페', '약국', '대형마트', '편의점', '버스정류장']","['쿠팡', 'SSG', '마켓컬리', '배달의 민족', '요기요']","['편리한 상권', '학원가 근처']","['1호선', '6호선', '경춘선']"
44250991,0,0,0,0,"['지하철역', '세탁소', '카페', '약국', '대형마트', '편의점', '버스정류장']","['쿠팡', 'SSG', '마켓컬리', '배달의 민족', '요기요']","['편리한 상권', '학원가 근처']","['1호선', '6호선', '경춘선']"
44251028,0,0,0,0,"['지하철역', '세탁소', '카페', '약국', '대형마트', '편의점', '버스정류장']","['쿠팡', 'SSG', '마켓컬리', '배달의 민족', '요기요']","['역세권', '대학 근처', '편리한 상권', '공원', '학원가 근처']","['1호선', '중앙선', '경춘선']"
44251602,1,0,0,0,"['지하철역', '세탁소', '카페', '약국', '대형마트', '편의점', '버스정류장']","['쿠팡', 'SSG', '마켓컬리', '배달의 민족', '요기요']","['역세권', '편리한 상권', '공원', '산 근처', '학원가 근처']","['5호선', '7호선']"
44251654,0,0,0,0,"['지하철역', '세탁소', '카페', '약국', '대형마트', '편의점', '버스정류장']","['쿠팡', 'SSG', '마켓컬리', '배달의 민족', '요기요']","['역세권', '편리한 상권', '공원', '학원가 근처']","['4호선', '2호선', '6호선', '5호선']"
44251712,1,0,0,0,"['지하철역', '세탁소', '카페', '약국', '대형마트', '편의점', '버스정류장']","['쿠팡', 'SSG', '마켓컬리', '배달의 민족', '요기요']","['역세권', '편리한 상권', '공원', '학원가 근처']","['2호선', '5호선']"
44251732,0,0,0,0,"['지하철역', '세탁소', '카페', '약국', '대형마트', '편의점', '버스정류장']",[],[],"['4호선', '2호선', '6호선', '5호선']"
44251738,0,0,0,0,"['지하철역', '세탁소', '카페', '약국', '대형마트', '편의점', '버스정류장']",[],[],"['1호선', '2호선', '6호선']"
44251739,0,0,0,0,"['지하철역', '세탁소', '카페', '약국', '대형마트', '편의점', '버스정류장']",[],[],"['2호선', '6호선', '5호선']"
44251926,1,0,0,0,"['지하철역', '세탁소', '카페', '약국', '대형마트', '편의점', '버스정류장']","['쿠팡', 'SSG', '마켓컬리', '배달의 민족', '요기요']","['역세권', '편리한 상권', '쇼핑몰', '공원', '산 근처', '학원가 근처']","['5호선', '7호선']"
44252000,1,0,0,0,"['지하철역', '세탁소', '카페', '약국', '대형마트', '편의점', '버스정류장']","['쿠팡', 'SSG', '마켓컬리', '배달의 민족', '요기요']","['역세권', '편리한 상권', '쇼핑몰', '공원', '학원가 근처']","['중앙선', '경춘선', '7호선']"
44252011,1,0,0,0,"['지하철역', '세탁소', '카페', '약국', '대형마트', '편의점', '버스정류장']","['쿠팡', 'SSG', '마켓컬리', '배달의 민족', '요기요']","['역세권', '편리한 상권', '쇼핑몰', '공원', '학원가 근처']","['중앙선', '경춘선', '7호선']"
44252081,1,0,0,0,"['지하철역', '세탁소', '카페', '약국', '대형마트', '편의점', '버스정류장']","['쿠팡', 'SSG', '마켓컬리', '배달의 민족', '요기요']","['역세권', '편리한 상권', '쇼핑몰', '공원', '산 근처', '학원가 근처']",['7호선']
44252900,0,0,0,0,"['지하철역', '세탁소', '카페', '약국', '대형마트', '편의점', '버스정류장']","['쿠팡', 'SSG', '마켓컬리', '배달의 민족', '요기요']","['역세권', '대학 근처', '편리한 상권', '공원', '학원가 근처']","['우이신설경전철', '6호선']"
44252901,1,0,0,0,"['지하철역', '세탁소', '카페', '약국', '대형마트', '편의점', '버스정류장']","['쿠팡', 'SSG', '마켓컬리', '배달의 민족', '요기요']","['역세권', '편리한 상권', '산 근처', '학원가 근처']","['우이신설경전철', '4호선']"
44252903,0,0,0,0,"['지하철역', '세탁소', '카페', '약국', '대형마트', '편의점', '버스정류장']","['쿠팡', 'SSG', '마켓컬리', '배달의 민족', '요기요']","['역세권', '대학 근처', '편리한 상권', '공원', '학원가 근처']","['우이신설경전철', '6호선']"
44253140,1,0,0,0,"['지하철역', '세탁소', '카페', '약국', '대형마트', '편의점', '버스정류장']","['쿠팡', 'SSG', '마켓컬리', '배달의 민족', '요기요']","['역세권', '편리한 상권', '쇼핑몰', '공원', '산 근처', '학원가 근처']","['5호선', '7호선']"
44253957,0,0,0,0,"['지하철역', '세탁소', '카페', '약국', '대형마트', '편의점', '버스정류장']","['쿠팡', 'SSG', '마켓컬리', '배달의 민족', '요기요']","['역세권', '편리한 상권', '쇼핑몰', '공원', '학원가 근처']","['1호선', '2호선', '6호선']"
44253986,0,0,0,0,"['지하철역', '세탁소', '카페', '약국', '대형마트', '편의점', '버스정류장']","['쿠팡', 'SSG', '마켓컬리', '배달의 민족', '요기요']","['편리한 상권', '쇼핑몰', '공원', '학원가 근처']","['1호선', '2호선', '6호선']"
44254039,0,0,0,0,"['지하철역', '세탁소', '카페', '약국', '대형마트', '편의점', '버스정류장']","['쿠팡', 'SSG', '마켓컬리', '배달의 민족', '요기요']","['역세권', '편리한 상권', '쇼핑몰', '공원', '학원가 근처']","['1호선', '2호선', '6호선']"
44254278,0,0,0,0,"['지하철역', '세탁소', '카페', '약국', '대형마트', '편의점', '버스정류장']","['쿠팡', 'SSG', '마켓컬리', '배달의 민족', '요기요']","['편리한 상권', '쇼핑몰', '공원', '학원가 근처']","['2호선', '7호선']"
44254411,1,0,0,0,"['지하철역', '세탁소', '카페', '약국', '대형마트', '편의점', '버스정류장']","['쿠팡', 'SSG', '마켓컬리', '배달의 민족', '요기요']","['역세권', '편리한 상권', '공원', '학원가 근처']","['중앙선', '경춘선', '7호선']"
44254414,1,0,0,0,"['지하철역', '세탁소', '카페', '약국', '대형마트', '편의점', '버스정류장']","['쿠팡', 'SSG', '마켓컬리', '배달의 민족', '요기요']","['편리한 상권', '공원', '학원가 근처']","['2호선', '중앙선', '5호선', '경춘선', '1호선', '수인분당선']"
44254972,0,0,0,0,"['지하철역', '세탁소', '카페', '약국', '대형마트', '편의점', '버스정류장']","['쿠팡', 'SSG', '마켓컬리', '배달의 민족', '요기요']","['역세권', '편리한 상권', '공원', '산 근처', '학원가 근처']","['중앙선', '경춘선', '7호선']"
44255590,1,0,0,0,"['지하철역', '세탁소', '카페', '약국', '대형마트', '편의점', '버스정류장']","['쿠팡', 'SSG', '마켓컬리', '배달의 민족', '요기요']","['역세권', '편리한 상권', '공원', '학원가 근처']","['중앙선', '2호선', '5호선', '수인분당선']"
44255782,1,0,0,0,"['지하철역', '세탁소', '카페', '약국', '대형마트', '편의점', '버스정류장']","['쿠팡', 'SSG', '마켓컬리', '배달의 민족', '요기요']","['역세권', '편리한 상권', '공원', '학원가 근처']","['중앙선', '경춘선', '7호선']"
44255819,0,0,0,0,"['지하철역', '세탁소', '카페', '약국', '대형마트', '편의점', '버스정류장']","['쿠팡', 'SSG', '마켓컬리', '배달의 민족', '요기요']","['역세권', '편리한 상권', '쇼핑몰', '공원', '학원가 근처']","['6호선', '7호선']"
44255834,0,0,0,0,"['지하철역', '세탁소', '카페', '약국', '대형마트', '편의점', '버스정류장']","['쿠팡', 'SSG', '마켓컬리', '배달의 민족', '요기요']","['역세권', '편리한 상권', '쇼핑몰', '공원', '학원가 근처']","['우이신설경전철', '4호선']"
44256203,1,0,0,0,"['지하철역', '세탁소', '카페', '약국', '대형마트', '편의점', '버스정류장']","['쿠팡', 'SSG', '마켓컬리', '배달의 민족', '요기요']","['대학 근처', '편리한 상권', '공원', '학원가 근처']","['2호선', '5호선', '7호선']"
44256529,0,0,0,0,"['지하철역', '세탁소', '카페', '약국', '대형마트', '편의점', '버스정류장']","['쿠팡', 'SSG', '마켓컬리', '배달의 민족', '요기요']","['역세권', '대학 근처', '편리한 상권', '공원', '학원가 근처']","['1호선', '우이신설경전철', '6호선', '2호선']"
44256689,1,0,0,0,"['지하철역', '세탁소', '카페', '약국', '대형마트', '편의점', '버스정류장']","['쿠팡', 'SSG', '마켓컬리', '배달의 민족', '요기요']","['역세권', '편리한 상권', '공원', '산 근처', '학원가 근처']","['5호선', '7호선']"
44257233,0,0,0,0,"['지하철역', '세탁소', '카페', '약국', '대형마트', '편의점', '버스정류장']","['쿠팡', 'SSG', '마켓컬리', '배달의 민족', '요기요']","['역세권', '대학 근처', '편리한 상권', '공원', '학원가 근처']","['우이신설경전철', '6호선']"
44257976,0,0,0,0,"['지하철역', '세탁소', '카페', '약국', '대형마트', '편의점', '버스정류장']","['쿠팡', 'SSG', '마켓컬리', '배달의 민족', '요기요']","['대학 근처', '편리한 상권', '공원', '학원가 근처']","['중앙선', '경춘선', '1호선', '6호선', '수인분당선']"
44258012,0,0,0,0,"['지하철역', '세탁소', '카페', '약국', '대형마트', '편의점', '버스정류장']","['쿠팡', 'SSG', '마켓컬리', '배달의 민족', '요기요']","['대학 근처', '편리한 상권', '공원', '학원가 근처']","['1호선', '중앙선', '6호선', '경춘선']"
44258261,1,0,0,0,"['지하철역', '세탁소', '카페', '약국', '대형마트', '편의점', '버스정류장']","['쿠팡', 'SSG', '마켓컬리', '배달의 민족', '요기요']","['편리한 상권', '쇼핑몰', '공원', '학원가 근처']","['2호선', '7호선']"
44258665,1,0,0,0,"['지하철역', '세탁소', '카페', '약국', '대형마트', '편의점', '버스정류장']","['쿠팡', 'SSG', '마켓컬리', '배달의 민족', '요기요']","['편리한 상권', '쇼핑몰', '공원', '학원가 근처']","['6호선', '7호선']"
44258764,0,0,0,0,"['지하철역', '세탁소', '카페', '약국', '대형마트', '편의점', '버스정류장']","['쿠팡', 'SSG', '마켓컬리', '배달의 민족', '요기요']","['역세권', '편리한 상권', '쇼핑몰', '공원', '학원가 근처']","['6호선', '7호선']"
44259122,1,0,0,0,"['지하철역', '세탁소', '카페', '약국', '대형마트', '편의점', '버스정류장']","['쿠팡', 'SSG', '마켓컬리', '배달의 민족', '요기요']","['역세권', '편리한 상권', '쇼핑몰', '공원', '학원가 근처']","['중앙선', '경춘선', '7호선']"
44259133,1,0,0,0,"['지하철역', '세탁소', '카페', '약국', '대형마트', '편의점', '버스정류장']","['쿠팡', 'SSG', '마켓컬리', '배달의 민족', '요기요']","['역세권', '편리한 상권', '쇼핑몰', '공원', '학원가 근처']","['중앙선', '경춘선', '7호선']"
44259143,1,0,0,0,"['지하철역', '세탁소', '카페', '약국', '대형마트', '편의점', '버스정류장']",[],[],"['6호선', '7호선']"
44259167,1,0,0,0,"['지하철역', '세탁소', '카페', '약국', '대형마트', '편의점', '버스정류장']","['쿠팡', 'SSG', '마켓컬리', '배달의 민족', '요기요']","['역세권', '편리한 상권', '쇼핑몰', '공원', '학원가 근처']","['중앙선', '경춘선', '7호선']"
44259171,1,0,0,0,"['지하철역', '세탁소', '카페', '약국', '대형마트', '편의점', '버스정류장']","['쿠팡', 'SSG', '마켓컬리', '배달의 민족', '요기요']","['대학 근처', '편리한 상권', '공원', '학원가 근처']","['2호선', '7호선']"
44259205,1,0,0,0,"['지하철역', '세탁소', '카페', '약국', '대형마트', '편의점', '버스정류장']","['쿠팡', 'SSG', '마켓컬리', '배달의 민족', '요기요']","['편리한 상권', '공원', '산 근처', '학원가 근처']","['5호선', '7호선']"
44259265,1,0,0,0,"['지하철역', '세탁소', '카페', '약국', '대형마트', '편의점', '버스정류장']","['쿠팡', 'SSG', '마켓컬리', '배달의 민족', '요기요']","['편리한 상권', '공원', '산 근처', '학원가 근처']","['5호선', '7호선']"
44259345,1,0,0,0,"['지하철역', '세탁소', '카페', '약국', '대형마트', '편의점', '버스정류장']","['쿠팡', 'SSG', '마켓컬리', '배달의 민족', '요기요']","['역세권', '편리한 상권', '쇼핑몰', '공원', '학원가 근처']","['6호선', '7호선']"
44259487,1,0,0,0,"['지하철역', '세탁소', '카페', '약국', '대형마트', '편의점', '버스정류장']","['쿠팡', 'SSG', '마켓컬리', '배달의 민족', '요기요']","['역세권', '편리한 상권', '쇼핑몰', '공원', '학원가 근처']","['1호선', '7호선']"
44259557,1,0,0,0,"['지하철역', '세탁소', '카페', '약국', '대형마트', '편의점', '버스정류장']","['쿠팡', 'SSG', '마켓컬리', '배달의 민족', '요기요']","['역세권', '편리한 상권', '공원', '산 근처', '학원가 근처']","['5호선', '7호선']"
44259637,0,0,0,0,"['지하철역', '세탁소', '카페', '약국', '대형마트', '편의점', '버스정류장']","['쿠팡', 'SSG', '마켓컬리', '배달의 민족', '요기요']","['편리한 상권', '공원', '학원가 근처']","['중앙선', '경춘선', '7호선']"
44259750,1,0,0,0,"['지하철역', '세탁소', '카페', '약국', '대형마트', '편의점', '버스정류장']","['쿠팡', 'SSG', '마켓컬리', '배달의 민족', '요기요']","['편리한 상권', '공원', '학원가 근처']",['6호선']
44259774,0,0,0,0,"['지하철역', '세탁소', '카페', '약국', '대형마트', '편의점', '버스정류장']","['쿠팡', 'SSG', '마켓컬리', '배달의 민족', '요기요']","['더블 역세권', '대학 근처', '편리한 상권', '공원', '학원가 근처']","['4호선', '우이신설경전철', '6호선']"
44259831,0,0,0,0,"['지하철역', '세탁소', '카페', '약국', '대형마트', '편의점', '버스정류장']","['쿠팡', 'SSG', '마켓컬리', '배달의 민족', '요기요']","['역세권', '편리한 상권', '공원', '학원가 근처']","['중앙선', '경춘선', '7호선']"
44259871,1,0,0,0,"['지하철역', '세탁소', '카페', '약국', '대형마트', '편의점', '버스정류장']","['쿠팡', 'SSG', '마켓컬리', '배달의 민족', '요기요']","['역세권', '편리한 상권', '쇼핑몰', '공원', '학원가 근처']","['6호선', '7호선']"
44259893,0,0,0,0,"['지하철역', '세탁소', '카페', '약국', '대형마트', '편의점', '버스정류장']","['쿠팡', 'SSG', '마켓컬리', '배달의 민족', '요기요']","['더블 역세권', '편리한 상권', '공원', '학원가 근처']","['중앙선', '경춘선', '7호선']"
44259900,1,0,0,0,"['지하철역', '세탁소', '카페', '약국', '대형마트', '편의점', '버스정류장']","['쿠팡', 'SSG', '마켓컬리', '배달의 민족', '요기요']","['편리한 상권', '쇼핑몰', '공원', '학원가 근처']","['중앙선', '경춘선', '7호선']"
44259908,1,0,0,0,"['지하철역', '세탁소', '카페', '약국', '대형마트', '편의점', '버스정류장']","['쿠팡', 'SSG', '마켓컬리', '배달의 민족', '요기요']","['역세권', '편리한 상권', '공원', '학원가 근처']","['중앙선', '경춘선', '7호선']"
44259928,0,0,0,0,"['지하철역', '세탁소', '카페', '약국', '대형마트', '편의점', '버스정류장']","['쿠팡', 'SSG', '마켓컬리', '배달의 민족', '요기요']","['더블 역세권', '편리한 상권', '공원', '학원가 근처']","['중앙선', '경춘선', '7호선']"
44260021,1,0,0,0,"['지하철역', '세탁소', '카페', '약국', '대형마트', '편의점', '버스정류장']","['쿠팡', 'SSG', '마켓컬리', '배달의 민족', '요기요']","['대학 근처', '편리한 상권', '공원', '학원가 근처']","['2호선', '7호선']"
44260179,0,0,0,0,"['지하철역', '세탁소', '카페', '약국', '대형마트', '편의점', '버스정류장']","['쿠팡', 'SSG', '마켓컬리', '배달의 민족', '요기요']","['역세권', '편리한 상권', '공원', '산 근처', '학원가 근처']",['7호선']
44260307,1,0,0,0,"['지하철역', '세탁소', '카페', '약국', '대형마트', '편의점', '버스정류장']","['쿠팡', 'SSG', '마켓컬리', '배달의 민족', '요기요']","['대학 근처', '편리한 상권', '공원', '학원가 근처']","['2호선', '7호선']"
44260501,1,0,0,0,"['지하철역', '세탁소', '카페', '약국', '대형마트', '편의점', '버스정류장']","['쿠팡', 'SSG', '마켓컬리', '배달의 민족', '요기요']","['편리한 상권', '학원가 근처']","['5호선', '7호선']"
44260533,0,0,0,0,"['지하철역', '세탁소', '카페', '약국', '대형마트', '편의점', '버스정류장']","['쿠팡', 'SSG', '마켓컬리', '배달의 민족', '요기요']","['편리한 상권', '쇼핑몰', '공원', '학원가 근처']","['2호선', '7호선']"
44260616,0,0,0,0,"['지하철역', '세탁소', '카페', '약국', '대형마트', '편의점', '버스정류장']","['쿠팡', 'SSG', '마켓컬리', '배달의 민족', '요기요']","['역세권', '편리한 상권', '공원', '산 근처', '학원가 근처']",['7호선']
44260667,1,0,0,1,"['지하철역', '세탁소', '카페', '약국', '대형마트', '편의점', '버스정류장']","['쿠팡', 'SSG', '마켓컬리', '배달의 민족', '요기요']","['대학 근처', '편리한 상권', '쇼핑몰', '공원', '학원가 근처']","['2호선', '중앙선', '경춘선', '1호선', '수인분당선']"
44260682,1,0,0,1,"['지하철역', '세탁소', '카페', '약국', '대형마트', '편의점', '버스정류장']","['쿠팡', 'SSG', '마켓컬리', '배달의 민족', '요기요']","['편리한 상권', '공원', '학원가 근처']","['2호선', '5호선']"
44260700,1,0,0,0,"['지하철역', '세탁소', '카페', '약국', '대형마트', '편의점', '버스정류장']","['쿠팡', 'SSG', '마켓컬리', '배달의 민족', '요기요']","['편리한 상권', '공원', '학원가 근처']","['2호선', '5호선']"
44260772,0,0,0,0,"['지하철역', '세탁소', '카페', '약국', '대형마트', '편의점', '버스정류장']","['쿠팡', 'SSG', '마켓컬리', '배달의 민족', '요기요']","['더블 역세권', '편리한 상권', '쇼핑몰', '공원', '학원가 근처']","['1호선', '우이신설경전철', '2호선']"
44260921,1,0,0,0,"['지하철역', '세탁소', '카페', '약국', '대형마트', '편의점', '버스정류장']","['쿠팡', 'SSG', '마켓컬리', '배달의 민족', '요기요']","['역세권', '편리한 상권', '공원', '산 근처', '학원가 근처']","['5호선', '7호선']"
44261133,0,0,0,0,"['지하철역', '세탁소', '카페', '약국', '대형마트', '편의점', '버스정류장']","['쿠팡', 'SSG', '마켓컬리', '배달의 민족', '요기요']","['역세권', '대학 근처', '편리한 상권', '공원', '학원가 근처']","['1호선', '6호선']"
44261146,0,0,0,0,"['지하철역', '세탁소', '카페', '약국', '대형마트', '편의점', '버스정류장']","['쿠팡', 'SSG', '마켓컬리', '배달의 민족', '요기요']","['역세권', '대학 근처', '편리한 상권', '공원', '학원가 근처']","['우이신설경전철', '6호선']"
44261445,0,0,0,0,"['지하철역', '세탁소', '카페', '약국', '대형마트', '편의점', '버스정류장']","['쿠팡', 'SSG', '마켓컬리', '배달의 민족', '요기요']","['더블 역세권', '대학 근처', '편리한 상권', '공원', '학원가 근처']","['2호선', '5호선']"
44261585,1,0,0,0,"['지하철역', '세탁소', '카페', '약국', '대형마트', '편의점', '버스정류장']","['쿠팡', 'SSG', '마켓컬리', '배달의 민족', '요기요']","['더블 역세권', '편리한 상권', '쇼핑몰', '공원', '학원가 근처']","['1호선', '우이신설경전철', '2호선', '6호선']"
44261617,0,0,0,0,"['지하철역', '세탁소', '카페', '약국', '대형마트', '편의점', '버스정류장']","['쿠팡', 'SSG', '마켓컬리', '배달의 민족', '요기요']","['역세권', '대학 근처', '편리한 상권', '공원', '학원가 근처']","['1호선', '중앙선', '경춘선', '수인분당선']"
44261619,1,0,0,0,"['지하철역', '세탁소', '카페', '약국', '대형마트', '편의점', '버스정류장']","['쿠팡', 'SSG', '마켓컬리', '배달의 민족', '요기요']","['역세권', '대학 근처', '편리한 상권', '공원', '학원가 근처']","['4호선', '우이신설경전철', '6호선']"
44262008,1,0,0,0,"['지하철역', '세탁소', '카페', '약국', '대형마트', '편의점', '버스정류장']","['쿠팡', 'SSG', '마켓컬리', '배달의 민족', '요기요']","['역세권', '대학 근처', '편리한 상권', '학원가 근처']","['1호선', '6호선']"
44262215,0,0,0,0,"['지하철역', '세탁소', '카페', '약국', '대형마트', '편의점', '버스정류장']","['쿠팡', 'SSG', '마켓컬리', '배달의 민족', '요기요']","['더블 역세권', '대학 근처', '편리한 상권', '공원', '학원가 근처']","['4호선', '우이신설경전철', '6호선']"
44262254,1,0,0,0,"['지하철역', '세탁소', '카페', '약국', '대형마트', '편의점', '버스정류장']","['쿠팡', 'SSG', '마켓컬리', '배달의 민족', '요기요']","['역세권', '대학 근처', '편리한 상권', '공원', '학원가 근처']","['1호선', '6호선']"
44262274,0,0,0,0,"['지하철역', '세탁소', '카페', '약국', '대형마트', '편의점', '버스정류장']","['쿠팡', 'SSG', '마켓컬리', '배달의 민족', '요기요']","['편리한 상권', '쇼핑몰', '공원', '학원가 근처']","['7호선', '2호선', '수인분당선']"
44262866,1,0,0,1,"['지하철역', '세탁소', '카페', '약국', '대형마트', '편의점', '버스정류장']","['쿠팡', 'SSG', '마켓컬리', '배달의 민족', '요기요']","['역세권', '편리한 상권', '쇼핑몰', '공원', '학원가 근처']","['1호선', '6호선', '7호선']"
44263398,1,0,0,0,"['지하철역', '세탁소', '카페', '약국', '대형마트', '편의점', '버스정류장']","['쿠팡', 'SSG', '마켓컬리', '배달의 민족', '요기요']","['대학 근처', '편리한 상권', '공원', '학원가 근처']","['1호선', '6호선', '경춘선']"
44264014,1,0,0,0,"['지하철역', '세탁소', '카페', '약국', '대형마트', '편의점', '버스정류장']","['쿠팡', 'SSG', '마켓컬리', '배달의 민족', '요기요']","['역세권', '대학 근처', '편리한 상권', '쇼핑몰', '공원', '학원가 근처']","['2호선', '7호선']"
44264044,0,0,0,0,"['지하철역', '세탁소', '카페', '약국', '대형마트', '편의점', '버스정류장']","['쿠팡', 'SSG', '마켓컬리', '배달의 민족', '요기요']","['역세권', '대학 근처', '편리한 상권', '공원', '학원가 근처']","['2호선', '5호선', '7호선']"
44264054,0,0,0,0,"['지하철역', '세탁소', '카페', '약국', '대형마트', '편의점', '버스정류장']","['쿠팡', 'SSG', '마켓컬리', '배달의 민족', '요기요']","['역세권', '대학 근처', '편리한 상권', '공원', '학원가 근처']","['2호선', '7호선']"
44264077,0,0,0,0,"['지하철역', '세탁소', '카페', '약국', '대형마트', '편의점', '버스정류장']","['쿠팡', 'SSG', '마켓컬리', '배달의 민족', '요기요']","['역세권', '대학 근처', '편리한 상권', '쇼핑몰', '공원', '학원가 근처']","['2호선', '7호선']"
44264105,1,0,0,0,"['지하철역', '세탁소', '카페', '약국', '대형마트', '편의점', '버스정류장']","['쿠팡', 'SSG', '마켓컬리', '배달의 민족', '요기요']","['역세권', '편리한 상권', '공원', '학원가 근처']","['중앙선', '6호선']"
44264111,0,0,0,0,"['지하철역', '세탁소', '카페', '약국', '대형마트', '편의점', '버스정류장']","['쿠팡', 'SSG', '마켓컬리', '배달의 민족', '요기요']","['역세권', '대학 근처', '편리한 상권', '쇼핑몰', '학원가 근처']","['1호선', '중앙선', '경춘선']"
44264582,1,0,0,0,"['지하철역', '세탁소', '카페', '약국', '대형마트', '편의점', '버스정류장']","['쿠팡', 'SSG', '마켓컬리', '배달의 민족', '요기요']","['편리한 상권', '쇼핑몰', '공원', '학원가 근처']","['6호선', '7호선']"
44264644,1,0,0,0,"['지하철역', '세탁소', '카페', '약국', '대형마트', '편의점', '버스정류장']","['쿠팡', 'SSG', '마켓컬리', '배달의 민족', '요기요']","['역세권', '편리한 상권', '공원', '학원가 근처']","['중앙선', '경춘선', '7호선']"
44264690,0,0,0,0,"['지하철역', '세탁소', '카페', '약국', '대형마트', '편의점', '버스정류장']","['쿠팡', 'SSG', '마켓컬리', '배달의 민족', '요기요']","['역세권', '편리한 상권', '공원', '학원가 근처']","['중앙선', '경춘선', '7호선']"
44265014,1,0,0,0,"['지하철역', '세탁소', '카페', '약국', '대형마트', '편의점', '버스정류장']","['쿠팡', 'SSG', '마켓컬리', '배달의 민족', '요기요']","['역세권', '편리한 상권', '쇼핑몰', '공원', '학원가 근처']","['중앙선', '경춘선', '7호선']"
44265155,1,0,0,0,"['지하철역', '세탁소', '카페', '약국', '대형마트', '편의점', '버스정류장']","['쿠팡', 'SSG', '마켓컬리', '배달의 민족', '요기요']","['역세권', '편리한 상권', '쇼핑몰', '공원', '학원가 근처']","['6호선', '7호선']"
44265283,0,0,0,0,"['지하철역', '세탁소', '카페', '약국', '대형마트', '편의점', '버스정류장']","['쿠팡', 'SSG', '마켓컬리', '배달의 민족', '요기요']","['역세권', '편리한 상권', '공원', '학원가 근처']","['중앙선', '경춘선', '7호선']"
44265330,1,0,0,0,"['지하철역', '세탁소', '카페', '약국', '대형마트', '편의점', '버스정류장']","['쿠팡', 'SSG', '마켓컬리', '배달의 민족', '요기요']","['역세권', '편리한 상권', '공원', '학원가 근처']","['중앙선', '경춘선', '7호선']"
44265827,0,0,0,0,"['지하철역', '세탁소', '카페', '약국', '대형마트', '편의점', '버스정류장']","['쿠팡', 'SSG', '마켓컬리', '배달의 민족', '요기요']","['더블 역세권', '대학 근처', '편리한 상권', '공원', '학원가 근처']","['2호선', '5호선']"
44266395,0,1,0,1,"['지하철역', '세탁소', '카페', '약국', '대형마트', '편의점', '버스정류장']","['쿠팡', 'SSG', '마켓컬리', '배달의 민족', '요기요']","['역세권', '편리한 상권', '쇼핑몰', '공원', '산 근처', '학원가 근처']","['중앙선', '경춘선', '7호선']"
44266415,0,0,0,0,"['지하철역', '세탁소', '카페', '약국', '대형마트', '편의점', '버스정류장']","['쿠팡', 'SSG', '마켓컬리', '배달의 민족', '요기요']","['편리한 상권', '공원', '학원가 근처']","['중앙선', '경춘선', '7호선']"
44266484,1,0,0,0,"['지하철역', '세탁소', '카페', '약국', '대형마트', '편의점', '버스정류장']","['쿠팡', 'SSG', '마켓컬리', '배달의 민족', '요기요']","['역세권', '편리한 상권', '공원', '산 근처', '학원가 근처']","['5호선', '7호선']"
44266582,0,0,0,0,"['지하철역', '세탁소', '카페', '약국', '대형마트', '편의점', '버스정류장']","['쿠팡', 'SSG', '마켓컬리', '배달의 민족', '요기요']","['편리한 상권', '쇼핑몰', '공원', '학원가 근처']","['2호선', '7호선']"
44266726,0,0,0,0,"['지하철역', '세탁소', '카페', '약국', '대형마트', '편의점', '버스정류장']","['쿠팡', 'SSG', '마켓컬리', '배달의 민족', '요기요']","['역세권', '대학 근처', '편리한 상권', '쇼핑몰', '공원', '학원가 근처']","['2호선', '7호선']"
44266778,0,0,0,0,"['지하철역', '세탁소', '카페', '약국', '대형마트', '편의점', '버스정류장']","['쿠팡', 'SSG', '마켓컬리', '배달의 민족', '요기요']","['역세권', '대학 근처', '편리한 상권', '쇼핑몰', '공원', '학원가 근처']","['2호선', '7호선']"
44266903,0,0,0,0,"['지하철역', '세탁소', '카페', '약국', '대형마트', '편의점', '버스정류장']","['쿠팡', 'SSG', '마켓컬리', '배달의 민족', '요기요']","['역세권', '편리한 상권', '공원', '산 근처', '학원가 근처']","['5호선', '7호선']"
44267046,0,0,0,0,"['지하철역', '세탁소', '카페', '약국', '대형마트', '편의점', '버스정류장']","['쿠팡', 'SSG', '마켓컬리', '배달의 민족', '요기요']","['역세권', '편리한 상권', '공원', '산 근처', '학원가 근처']","['우이신설경전철', '4호선', '6호선']"
44267050,0,0,0,0,"['지하철역', '세탁소', '카페', '약국', '대형마트', '편의점', '버스정류장']","['쿠팡', 'SSG', '마켓컬리', '배달의 민족', '요기요']","['역세권', '대학 근처', '편리한 상권', '공원', '학원가 근처']","['2호선', '7호선']"
44267266,1,0,0,0,"['지하철역', '세탁소', '카페', '약국', '대형마트', '편의점', '버스정류장']","['쿠팡', 'SSG', '마켓컬리', '배달의 민족', '요기요']","['역세권', '대학 근처', '편리한 상권', '공원', '학원가 근처']",['6호선']
44267284,1,0,0,0,"['지하철역', '세탁소', '카페', '약국', '대형마트', '편의점', '버스정류장']","['쿠팡', 'SSG', '마켓컬리', '배달의 민족', '요기요']","['편리한 상권', '쇼핑몰', '공원', '학원가 근처']","['5호선', '7호선']"
44267318,1,0,0,0,"['지하철역', '세탁소', '카페', '약국', '대형마트', '편의점', '버스정류장']","['쿠팡', 'SSG', '마켓컬리', '배달의 민족', '요기요']","['역세권', '편리한 상권', '공원', '학원가 근처']","['2호선', '수인분당선']"
44267323,1,0,0,0,"['지하철역', '세탁소', '카페', '약국', '대형마트', '편의점', '버스정류장']","['쿠팡', 'SSG', '마켓컬리', '배달의 민족', '요기요']","['역세권', '편리한 상권', '산 근처', '학원가 근처']","['우이신설경전철', '4호선', '6호선']"
44267375,0,0,0,0,"['지하철역', '세탁소', '카페', '약국', '대형마트', '편의점', '버스정류장']","['쿠팡', 'SSG', '마켓컬리', '배달의 민족', '요기요']","['역세권', '편리한 상권', '공원', '산 근처', '학원가 근처']","['5호선', '7호선']"
44267405,0,0,0,0,"['지하철역', '세탁소', '카페', '약국', '대형마트', '편의점', '버스정류장']","['쿠팡', 'SSG', '마켓컬리', '배달의 민족', '요기요']","['편리한 상권', '쇼핑몰', '공원', '학원가 근처']","['2호선', '7호선']"
44267460,0,0,0,0,"['지하철역', '세탁소', '카페', '약국', '대형마트', '편의점', '버스정류장']","['쿠팡', 'SSG', '마켓컬리', '배달의 민족', '요기요']","['편리한 상권', '쇼핑몰', '공원', '학원가 근처']","['2호선', '7호선']"
44267519,1,0,0,0,"['지하철역', '세탁소', '카페', '약국', '대형마트', '편의점', '버스정류장']","['쿠팡', 'SSG', '마켓컬리', '배달의 민족', '요기요']","['역세권', '편리한 상권', '쇼핑몰', '공원', '학원가 근처']","['6호선', '7호선']"
44267586,0,0,0,0,"['지하철역', '세탁소', '카페', '약국', '대형마트', '편의점', '버스정류장']","['쿠팡', 'SSG', '마켓컬리', '배달의 민족', '요기요']","['역세권', '편리한 상권', '공원', '산 근처', '학원가 근처']","['중앙선', '경춘선', '7호선']"
44267619,0,0,0,0,"['지하철역', '세탁소', '카페', '약국', '대형마트', '편의점', '버스정류장']","['쿠팡', 'SSG', '마켓컬리', '배달의 민족', '요기요']","['역세권', '대학 근처', '편리한 상권', '공원', '학원가 근처']","['2호선', '7호선']"
44267657,0,0,0,0,"['지하철역', '세탁소', '카페', '약국', '대형마트', '편의점', '버스정류장']","['쿠팡', 'SSG', '마켓컬리', '배달의 민족', '요기요']","['편리한 상권', '쇼핑몰', '공원', '학원가 근처']","['2호선', '7호선']"
44268040,0,0,0,0,"['지하철역', '세탁소', '카페', '약국', '대형마트', '편의점', '버스정류장']","['쿠팡', 'SSG', '마켓컬리', '배달의 민족', '요기요']","['역세권', '편리한 상권', '공원', '학원가 근처']","['중앙선', '경춘선', '7호선']"
44268230,0,0,0,0,"['지하철역', '세탁소', '카페', '약국', '대형마트', '편의점', '버스정류장']","['쿠팡', 'SSG', '마켓컬리', '배달의 민족', '요기요']","['편리한 상권', '공원', '학원가 근처']","['2호선', '7호선']"
44268280,0,0,0,0,"['지하철역', '세탁소', '카페', '약국', '대형마트', '편의점', '버스정류장']","['쿠팡', 'SSG', '마켓컬리', '배달의 민족', '요기요']","['역세권', '편리한 상권', '공원', '학원가 근처']","['3호선', '6호선', '5호선']"
44268294,1,0,0,0,"['지하철역', '세탁소', '카페', '약국', '대형마트', '편의점', '버스정류장']","['쿠팡', 'SSG', '마켓컬리', '배달의 민족', '요기요']","['편리한 상권', '쇼핑몰', '공원', '학원가 근처']","['중앙선', '경춘선', '7호선']"
44268295,0,0,0,0,"['지하철역', '세탁소', '카페', '약국', '대형마트', '편의점', '버스정류장']","['쿠팡', 'SSG', '마켓컬리', '배달의 민족', '요기요']","['편리한 상권', '쇼핑몰', '공원', '학원가 근처']","['2호선', '7호선']"
44268351,1,0,0,0,"['지하철역', '세탁소', '카페', '약국', '대형마트', '편의점', '버스정류장']","['쿠팡', 'SSG', '마켓컬리', '배달의 민족', '요기요']","['역세권', '편리한 상권', '공원', '학원가 근처']","['중앙선', '경춘선', '7호선']"
44268580,0,0,0,0,"['지하철역', '세탁소', '카페', '약국', '대형마트', '편의점', '버스정류장']","['쿠팡', 'SSG', '마켓컬리', '배달의 민족', '요기요']","['역세권', '편리한 상권', '쇼핑몰', '공원', '산 근처', '학원가 근처']","['5호선', '7호선']"
44268626,0,0,0,0,"['지하철역', '세탁소', '카페', '약국', '대형마트', '편의점', '버스정류장']","['쿠팡', 'SSG', '마켓컬리', '배달의 민족', '요기요']","['역세권', '대학 근처', '편리한 상권', '공원', '학원가 근처']","['1호선', '6호선']"
44268689,0,0,0,0,"['지하철역', '세탁소', '카페', '약국', '대형마트', '편의점', '버스정류장']","['쿠팡', 'SSG', '마켓컬리', '배달의 민족', '요기요']","['편리한 상권', '쇼핑몰', '공원', '학원가 근처']","['2호선', '7호선']"
44268743,1,0,0,0,"['지하철역', '세탁소', '카페', '약국', '대형마트', '편의점', '버스정류장']","['쿠팡', 'SSG', '마켓컬리', '배달의 민족', '요기요']","['더블 역세권', '편리한 상권', '공원', '산 근처', '학원가 근처']",['7호선']
44268787,1,0,0,0,"['지하철역', '세탁소', '카페', '약국', '대형마트', '편의점', '버스정류장']","['쿠팡', 'SSG', '마켓컬리', '배달의 민족', '요기요']","['편리한 상권', '공원', '산 근처', '학원가 근처']","['5호선', '7호선']"
44268980,1,0,0,0,"['지하철역', '세탁소', '카페', '약국', '대형마트', '편의점', '버스정류장']","['쿠팡', 'SSG', '마켓컬리', '배달의 민족', '요기요']","['역세권', '대학 근처', '편리한 상권', '공원', '학원가 근처']","['1호선', '우이신설경전철', '2호선', '6호선']"
44269048,1,0,0,0,"['지하철역', '세탁소', '카페', '약국', '대형마트', '편의점', '버스정류장']","['쿠팡', 'SSG', '마켓컬리', '배달의 민족', '요기요']","['역세권', '편리한 상권', '공원', '학원가 근처']","['중앙선', '경춘선', '7호선']"
44269117,1,0,0,0,"['지하철역', '세탁소', '카페', '약국', '대형마트', '편의점', '버스정류장']",[],[],"['6호선', '7호선']"
44269144,0,0,0,0,"['지하철역', '세탁소', '카페', '약국', '대형마트', '편의점', '버스정류장']","['쿠팡', 'SSG', '마켓컬리', '배달의 민족', '요기요']","['역세권', '대학 근처', '편리한 상권', '공원', '학원가 근처']","['2호선', '5호선']"
44269161,1,0,0,0,"['지하철역', '세탁소', '카페', '약국', '대형마트', '편의점', '버스정류장']","['쿠팡', 'SSG', '마켓컬리', '배달의 민족', '요기요']","['역세권', '편리한 상권', '공원', '학원가 근처']","['중앙선', '경춘선', '7호선']"
44269181,1,0,0,0,"['지하철역', '세탁소', '카페', '약국', '대형마트', '편의점', '버스정류장']","['쿠팡', 'SSG', '마켓컬리', '배달의 민족', '요기요']","['역세권', '편리한 상권', '공원', '학원가 근처']","['중앙선', '경춘선', '7호선']"
44269323,1,0,0,0,"['지하철역', '세탁소', '카페', '약국', '대형마트', '편의점', '버스정류장']","['쿠팡', 'SSG', '마켓컬리', '배달의 민족', '요기요']","['편리한 상권', '쇼핑몰', '공원', '학원가 근처']","['2호선', '7호선']"
44269558,0,0,0,0,"['지하철역', '세탁소', '카페', '약국', '대형마트', '편의점', '버스정류장']","['쿠팡', 'SSG', '마켓컬리', '배달의 민족', '요기요']","['역세권', '대학 근처', '편리한 상권', '공원', '학원가 근처']","['2호선', '7호선']"
44269840,1,0,0,0,"['지하철역', '세탁소', '카페', '약국', '대형마트', '편의점', '버스정류장']","['쿠팡', 'SSG', '마켓컬리', '배달의 민족', '요기요']","['역세권', '편리한 상권', '쇼핑몰', '공원', '학원가 근처']","['6호선', '7호선']"
44270047,1,0,0,0,"['지하철역', '세탁소', '카페', '약국', '대형마트', '편의점', '버스정류장']","['쿠팡', 'SSG', '마켓컬리', '배달의 민족', '요기요']","['편리한 상권', '쇼핑몰', '공원', '학원가 근처']","['2호선', '7호선']"
44270197,1,0,0,0,"['지하철역', '세탁소', '카페', '약국', '대형마트', '편의점', '버스정류장']","['쿠팡', 'SSG', '마켓컬리', '배달의 민족', '요기요']","['역세권', '편리한 상권', '공원', '학원가 근처']","['1호선', '중앙선', '경춘선']"
44270337,1,0,0,0,"['지하철역', '세탁소', '카페', '약국', '대형마트', '편의점', '버스정류장']","['쿠팡', 'SSG', '마켓컬리', '배달의 민족', '요기요']","['역세권', '편리한 상권', '쇼핑몰', '공원', '학원가 근처']","['1호선', '우이신설경전철', '2호선', '6호선']"
44270485,1,0,0,0,"['지하철역', '세탁소', '카페', '약국', '대형마트', '편의점', '버스정류장']",[],[],"['1호선', '6호선', '7호선']"
44270637,0,0,0,0,"['지하철역', '세탁소', '카페', '약국', '대형마트', '편의점', '버스정류장']","['쿠팡', 'SSG', '마켓컬리', '배달의 민족', '요기요']","['편리한 상권', '쇼핑몰', '공원', '학원가 근처']","['2호선', '7호선']"
44271299,1,0,0,0,"['지하철역', '세탁소', '카페', '약국', '대형마트', '편의점', '버스정류장']","['쿠팡', 'SSG', '마켓컬리', '배달의 민족', '요기요']","['역세권', '편리한 상권', '산 근처', '학원가 근처']","['우이신설경전철', '4호선', '6호선']"
44271331,0,0,0,0,"['지하철역', '세탁소', '카페', '약국', '대형마트', '편의점', '버스정류장']","['쿠팡', 'SSG', '마켓컬리', '배달의 민족', '요기요']","['역세권', '편리한 상권', '쇼핑몰', '공원', '학원가 근처']","['1호선', '7호선']"
44271425,1,0,0,0,"['지하철역', '세탁소', '카페', '약국', '대형마트', '편의점', '버스정류장']","['쿠팡', 'SSG', '마켓컬리', '배달의 민족', '요기요']","['역세권', '편리한 상권', '공원', '학원가 근처']","['중앙선', '경춘선', '7호선']"
44271523,1,0,0,0,"['지하철역', '세탁소', '카페', '약국', '대형마트', '편의점', '버스정류장']","['쿠팡', 'SSG', '마켓컬리', '배달의 민족', '요기요']","['역세권', '편리한 상권', '공원', '학원가 근처']","['중앙선', '경춘선', '7호선']"
44271564,1,0,0,0,"['지하철역', '세탁소', '카페', '약국', '대형마트', '편의점', '버스정류장']","['쿠팡', 'SSG', '마켓컬리', '배달의 민족', '요기요']","['역세권', '편리한 상권', '쇼핑몰', '공원', '학원가 근처']","['4호선', '6호선']"
44271622,1,0,0,0,"['지하철역', '세탁소', '카페', '약국', '대형마트', '편의점', '버스정류장']","['쿠팡', 'SSG', '마켓컬리', '배달의 민족', '요기요']","['역세권', '대학 근처', '편리한 상권', '학원가 근처']","['1호선', '6호선']"
44272228,1,0,0,0,"['지하철역', '세탁소', '카페', '약국', '대형마트', '편의점', '버스정류장']","['쿠팡', 'SSG', '마켓컬리', '배달의 민족', '요기요']","['역세권', '대학 근처', '편리한 상권', '학원가 근처']","['1호선', '6호선']"
44272276,1,0,0,0,"['지하철역', '세탁소', '카페', '약국', '대형마트', '편의점', '버스정류장']",[],[],"['6호선', '7호선']"
44272403,0,0,0,0,"['지하철역', '세탁소', '카페', '약국', '대형마트', '편의점', '버스정류장']","['쿠팡', 'SSG', '마켓컬리', '배달의 민족', '요기요']","['편리한 상권', '쇼핑몰', '공원', '학원가 근처']","['2호선', '7호선']"
44272428,0,0,0,0,"['지하철역', '세탁소', '카페', '약국', '대형마트', '편의점', '버스정류장']","['쿠팡', 'SSG', '마켓컬리', '배달의 민족', '요기요']","['역세권', '대학 근처', '편리한 상권', '공원', '학원가 근처']","['2호선', '5호선', '7호선']"
44272442,1,0,0,0,"['지하철역', '세탁소', '카페', '약국', '대형마트', '편의점', '버스정류장']","['쿠팡', 'SSG', '마켓컬리', '배달의 민족', '요기요']","['편리한 상권', '쇼핑몰', '공원', '산 근처', '학원가 근처']","['5호선', '7호선']"
44272561,1,0,0,0,"['지하철역', '세탁소', '카페', '약국', '대형마트', '편의점', '버스정류장']","['쿠팡', 'SSG', '마켓컬리', '배달의 민족', '요기요']","['편리한 상권', '공원', '학원가 근처']",['2호선']
44272610,1,0,0,0,"['지하철역', '세탁소', '카페', '약국', '대형마트', '편의점', '버스정류장']","['쿠팡', 'SSG', '마켓컬리', '배달의 민족', '요기요']","['역세권', '편리한 상권', '공원', '학원가 근처']","['1호선', '7호선']"
44272640,1,0,0,0,"['지하철역', '세탁소', '카페', '약국', '대형마트', '편의점', '버스정류장']","['쿠팡', 'SSG', '마켓컬리', '배달의 민족', '요기요']","['역세권', '편리한 상권', '쇼핑몰', '공원', '학원가 근처']","['1호선', '6호선', '7호선']"
44272696,1,0,0,0,"['지하철역', '세탁소', '카페', '약국', '대형마트', '편의점', '버스정류장']","['쿠팡', 'SSG', '마켓컬리', '배달의 민족', '요기요']","['역세권', '편리한 상권', '공원', '학원가 근처']","['1호선', '7호선']"
44272705,0,0,0,0,"['지하철역', '세탁소', '카페', '약국', '대형마트', '편의점', '버스정류장']","['쿠팡', 'SSG', '마켓컬리', '배달의 민족', '요기요']","['역세권', '편리한 상권', '쇼핑몰', '공원', '학원가 근처']","['1호선', '7호선']"
44272782,1,0,0,0,"['지하철역', '세탁소', '카페', '약국', '대형마트', '편의점', '버스정류장']","['쿠팡', 'SSG', '마켓컬리', '배달의 민족', '요기요']","['역세권', '대학 근처', '편리한 상권', '공원', '산 근처', '학원가 근처']","['5호선', '7호선']"
44272859,0,0,0,0,"['지하철역', '세탁소', '카페', '약국', '대형마트', '편의점', '버스정류장']","['쿠팡', 'SSG', '마켓컬리', '배달의 민족', '요기요']","['역세권', '편리한 상권', '학원가 근처']","['1호선', '6호선', '7호선']"
44272912,0,0,0,0,"['지하철역', '세탁소', '카페', '약국', '대형마트', '편의점', '버스정류장']","['쿠팡', 'SSG', '마켓컬리', '배달의 민족', '요기요']","['역세권', '대학 근처', '편리한 상권', '공원', '학원가 근처']",['6호선']
44273032,0,0,0,0,"['지하철역', '세탁소', '카페', '약국', '대형마트', '편의점', '버스정류장']","['쿠팡', 'SSG', '마켓컬리', '배달의 민족', '요기요']","['역세권', '편리한 상권', '공원', '학원가 근처']","['1호선', '중앙선', '경춘선', '7호선']"
44273332,0,0,0,0,"['지하철역', '세탁소', '카페', '약국', '대형마트', '편의점', '버스정류장']","['쿠팡', 'SSG', '마켓컬리', '배달의 민족', '요기요']","['역세권', '대학 근처', '편리한 상권', '공원', '학원가 근처']","['2호선', '5호선']"
44273774,1,0,0,0,"['지하철역', '세탁소', '카페', '약국', '대형마트', '편의점', '버스정류장']","['쿠팡', 'SSG', '마켓컬리', '배달의 민족', '요기요']","['역세권', '편리한 상권', '공원', '산 근처', '학원가 근처']","['5호선', '7호선']"
44273874,1,0,0,0,"['지하철역', '세탁소', '카페', '약국', '대형마트', '편의점', '버스정류장']","['쿠팡', 'SSG', '마켓컬리', '배달의 민족', '요기요']","['편리한 상권', '공원', '학원가 근처']","['2호선', '5호선']"
44273925,1,0,0,0,"['지하철역', '세탁소', '카페', '약국', '대형마트', '편의점', '버스정류장']","['쿠팡', 'SSG', '마켓컬리', '배달의 민족', '요기요']","['역세권', '편리한 상권', '쇼핑몰', '공원', '산 근처', '학원가 근처']",['7호선']
44274337,0,0,0,0,"['지하철역', '세탁소', '카페', '약국', '대형마트', '편의점', '버스정류장']","['쿠팡', 'SSG', '마켓컬리', '배달의 민족', '요기요']","['대학 근처', '편리한 상권', '공원', '학원가 근처']","['4호선', '6호선']"
44274352,0,0,0,0,"['지하철역', '세탁소', '카페', '약국', '대형마트', '편의점', '버스정류장']","['쿠팡', 'SSG', '마켓컬리', '배달의 민족', '요기요']","['역세권', '대학 근처', '편리한 상권', '공원', '학원가 근처']","['1호선', '6호선']"
44274461,0,0,0,0,"['지하철역', '세탁소', '카페', '약국', '대형마트', '편의점', '버스정류장']","['쿠팡', 'SSG', '마켓컬리', '배달의 민족', '요기요']","['편리한 상권', '쇼핑몰', '공원', '학원가 근처']","['4호선', '6호선']"
44274561,0,0,0,0,"['지하철역', '세탁소', '카페', '약국', '대형마트', '편의점', '버스정류장']","['쿠팡', 'SSG', '마켓컬리', '배달의 민족', '요기요']","['역세권', '대학 근처', '편리한 상권', '공원', '학원가 근처']","['1호선', '6호선']"
44274568,1,0,0,0,"['지하철역', '세탁소', '카페', '약국', '대형마트', '편의점', '버스정류장']","['쿠팡', 'SSG', '마켓컬리', '배달의 민족', '요기요']","['역세권', '대학 근처', '편리한 상권', '공원', '학원가 근처']","['우이신설경전철', '4호선']"
44274648,1,0,0,0,"['지하철역', '세탁소', '카페', '약국', '대형마트', '편의점', '버스정류장']","['쿠팡', 'SSG', '마켓컬리', '배달의 민족', '요기요']","['편리한 상권', '쇼핑몰', '공원', '학원가 근처']","['2호선', '7호선']"
44274651,0,0,0,0,"['지하철역', '세탁소', '카페', '약국', '대형마트', '편의점', '버스정류장']","['쿠팡', 'SSG', '마켓컬리', '배달의 민족', '요기요']","['역세권', '대학 근처', '편리한 상권', '공원', '학원가 근처']","['1호선', '중앙선', '경춘선', '수인분당선']"
44274667,1,0,0,0,"['지하철역', '세탁소', '카페', '약국', '대형마트', '편의점', '버스정류장']","['쿠팡', 'SSG', '마켓컬리', '배달의 민족', '요기요']","['편리한 상권', '공원', '학원가 근처']",['2호선']
44274893,0,0,0,0,"['지하철역', '세탁소', '카페', '약국', '대형마트', '편의점', '버스정류장']","['쿠팡', 'SSG', '마켓컬리', '배달의 민족', '요기요']","['편리한 상권', '공원', '학원가 근처']",['2호선']
44274897,1,0,0,0,"['지하철역', '세탁소', '카페', '약국', '대형마트', '편의점', '버스정류장']","['쿠팡', 'SSG', '마켓컬리', '배달의 민족', '요기요']","['역세권', '편리한 상권', '공원', '학원가 근처']","['2호선', '6호선', '5호선']"
44274962,1,0,0,0,"['지하철역', '세탁소', '카페', '약국', '대형마트', '편의점', '버스정류장']","['쿠팡', 'SSG', '마켓컬리', '배달의 민족', '요기요']","['역세권', '편리한 상권', '공원', '학원가 근처']","['중앙선', '경춘선', '7호선']"
44275027,1,0,0,0,"['지하철역', '세탁소', '카페', '약국', '대형마트', '편의점', '버스정류장']","['쿠팡', 'SSG', '마켓컬리', '배달의 민족', '요기요']","['역세권', '편리한 상권', '공원', '학원가 근처']","['중앙선', '경춘선', '7호선']"
44275034,1,0,0,0,"['지하철역', '세탁소', '카페', '약국', '대형마트', '편의점', '버스정류장']","['쿠팡', 'SSG', '마켓컬리', '배달의 민족', '요기요']","['역세권', '대학 근처', '편리한 상권', '공원', '학원가 근처']","['우이신설경전철', '4호선']"
44275043,0,0,0,0,"['지하철역', '세탁소', '카페', '약국', '대형마트', '편의점', '버스정류장']","['쿠팡', 'SSG', '마켓컬리', '배달의 민족', '요기요']","['편리한 상권', '쇼핑몰', '공원', '학원가 근처']","['2호선', '7호선']"
44275118,0,0,0,0,"['지하철역', '세탁소', '카페', '약국', '대형마트', '편의점', '버스정류장']","['쿠팡', 'SSG', '마켓컬리', '배달의 민족', '요기요']","['더블 역세권', '편리한 상권', '공원', '학원가 근처']","['2호선', '수인분당선']"
44275174,1,0,0,0,"['지하철역', '세탁소', '카페', '약국', '대형마트', '편의점', '버스정류장']","['쿠팡', 'SSG', '마켓컬리', '배달의 민족', '요기요']","['편리한 상권', '공원', '학원가 근처']","['2호선', '5호선']"
44275270,1,0,0,0,"['지하철역', '세탁소', '카페', '약국', '대형마트', '편의점', '버스정류장']","['쿠팡', 'SSG', '마켓컬리', '배달의 민족', '요기요']","['편리한 상권', '공원', '학원가 근처']",['2호선']
44275373,1,0,0,0,"['지하철역', '세탁소', '카페', '약국', '대형마트', '편의점', '버스정류장']","['쿠팡', 'SSG', '마켓컬리', '배달의 민족', '요기요']","['역세권', '편리한 상권', '쇼핑몰', '공원', '학원가 근처']","['중앙선', '2호선', '5호선', '수인분당선']"
44275463,1,0,0,0,"['지하철역', '세탁소', '카페', '약국', '대형마트', '편의점', '버스정류장']","['쿠팡', 'SSG', '마켓컬리', '배달의 민족', '요기요']","['역세권', '편리한 상권', '쇼핑몰', '공원', '산 근처', '학원가 근처']","['5호선', '7호선']"
44275502,1,0,0,0,"['지하철역', '세탁소', '카페', '약국', '대형마트', '편의점', '버스정류장']","['쿠팡', 'SSG', '마켓컬리', '배달의 민족', '요기요']","['역세권', '편리한 상권', '쇼핑몰', '공원', '학원가 근처']","['1호선', '4호선', '2호선', '5호선']"
44275634,1,0,0,0,"['지하철역', '세탁소', '카페', '약국', '대형마트', '편의점', '버스정류장']","['쿠팡', 'SSG', '마켓컬리', '배달의 민족', '요기요']","['역세권', '대학 근처', '편리한 상권', '공원', '학원가 근처']","['1호선', '중앙선', '경춘선', '수인분당선']"
44275652,0,0,0,0,"['지하철역', '세탁소', '카페', '약국', '대형마트', '편의점', '버스정류장']","['쿠팡', 'SSG', '마켓컬리', '배달의 민족', '요기요']","['편리한 상권', '쇼핑몰', '공원', '학원가 근처']","['4호선', '6호선']"
44275907,0,0,0,0,"['지하철역', '세탁소', '카페', '약국', '대형마트', '편의점', '버스정류장']","['쿠팡', 'SSG', '마켓컬리', '배달의 민족', '요기요']","['역세권', '대학 근처', '편리한 상권', '공원', '학원가 근처']","['1호선', '중앙선', '경춘선', '수인분당선']"
44276166,0,0,0,0,"['지하철역', '세탁소', '카페', '약국', '대형마트', '편의점', '버스정류장']","['쿠팡', 'SSG', '마켓컬리', '배달의 민족', '요기요']","['편리한 상권', '쇼핑몰', '공원', '학원가 근처']","['2호선', '7호선']"
44276231,1,0,0,0,"['지하철역', '세탁소', '카페', '약국', '대형마트', '편의점', '버스정류장']","['쿠팡', 'SSG', '마켓컬리', '배달의 민족', '요기요']","['역세권', '편리한 상권', '쇼핑몰', '공원', '학원가 근처']","['6호선', '7호선']"
44276347,1,0,0,0,"['지하철역', '세탁소', '카페', '약국', '대형마트', '편의점', '버스정류장']","['쿠팡', 'SSG', '마켓컬리', '배달의 민족', '요기요']","['대학 근처', '편리한 상권', '공원', '학원가 근처']","['1호선', '6호선']"
44276358,0,0,0,0,"['지하철역', '세탁소', '카페', '약국', '대형마트', '편의점', '버스정류장']","['쿠팡', 'SSG', '마켓컬리', '배달의 민족', '요기요']","['편리한 상권', '공원', '학원가 근처']","['2호선', '7호선']"
44276586,1,0,0,0,"['지하철역', '세탁소', '카페', '약국', '대형마트', '편의점', '버스정류장']","['쿠팡', 'SSG', '마켓컬리', '배달의 민족', '요기요']","['역세권', '대학 근처', '편리한 상권', '쇼핑몰', '학원가 근처']","['1호선', '6호선']"
44276696,0,0,0,0,"['지하철역', '세탁소', '카페', '약국', '대형마트', '편의점', '버스정류장']","['쿠팡', 'SSG', '마켓컬리', '배달의 민족', '요기요']","['더블 역세권', '편리한 상권', '공원', '학원가 근처']","['3호선', '6호선', '5호선']"
44276717,0,0,0,0,"['지하철역', '세탁소', '카페', '약국', '대형마트', '편의점', '버스정류장']","['쿠팡', 'SSG', '마켓컬리', '배달의 민족', '요기요']","['트리플 역세권', '편리한 상권', '공원', '학원가 근처']","['3호선', '6호선', '5호선']"
44276872,0,0,0,0,"['지하철역', '세탁소', '카페', '약국', '대형마트', '편의점', '버스정류장']","['쿠팡', 'SSG', '마켓컬리', '배달의 민족', '요기요']","['역세권', '대학 근처', '편리한 상권', '공원', '학원가 근처']","['1호선', '4호선', '6호선']"
44276884,0,0,0,0,"['지하철역', '세탁소', '카페', '약국', '대형마트', '편의점', '버스정류장']","['쿠팡', 'SSG', '마켓컬리', '배달의 민족', '요기요']","['역세권', '대학 근처', '편리한 상권', '공원', '학원가 근처']","['1호선', '6호선']"
44277010,1,0,0,0,"['지하철역', '세탁소', '카페', '약국', '대형마트', '편의점', '버스정류장']","['쿠팡', 'SSG', '마켓컬리', '배달의 민족', '요기요']","['편리한 상권', '공원', '학원가 근처']","['5호선', '7호선']"
44277372,1,0,0,0,"['지하철역', '세탁소', '카페', '약국', '대형마트', '편의점', '버스정류장']","['쿠팡', 'SSG', '마켓컬리', '배달의 민족', '요기요']","['역세권', '대학 근처', '편리한 상권', '공원', '학원가 근처']","['우이신설경전철', '4호선']"
44277478,1,0,0,0,"['지하철역', '세탁소', '카페', '약국', '대형마트', '편의점', '버스정류장']","['쿠팡', 'SSG', '마켓컬리', '배달의 민족', '요기요']","['편리한 상권', '공원', '학원가 근처']","['2호선', '5호선']"
44277672,1,0,0,0,"['지하철역', '세탁소', '카페', '약국', '대형마트', '편의점', '버스정류장']","['쿠팡', 'SSG', '마켓컬리', '배달의 민족', '요기요']","['대학 근처', '편리한 상권', '공원', '학원가 근처']","['2호선', '7호선']"
44277684,0,0,0,0,"['지하철역', '세탁소', '카페', '약국', '대형마트', '편의점', '버스정류장']","['쿠팡', 'SSG', '마켓컬리', '배달의 민족', '요기요']","['역세권', '대학 근처', '편리한 상권', '공원', '학원가 근처']","['2호선', '7호선']"
44277724,0,0,0,0,"['지하철역', '세탁소', '카페', '약국', '대형마트', '편의점', '버스정류장']","['쿠팡', 'SSG', '마켓컬리', '배달의 민족', '요기요']","['대학 근처', '편리한 상권', '공원', '학원가 근처']","['2호선', '7호선']"
44277760,0,0,0,0,"['지하철역', '세탁소', '카페', '약국', '대형마트', '편의점', '버스정류장']","['쿠팡', 'SSG', '마켓컬리', '배달의 민족', '요기요']","['역세권', '편리한 상권', '쇼핑몰', '공원', '학원가 근처']","['2호선', '중앙선', '경춘선', '1호선', '수인분당선']"
44277840,1,0,0,0,"['지하철역', '세탁소', '카페', '약국', '대형마트', '편의점', '버스정류장']","['쿠팡', 'SSG', '마켓컬리', '배달의 민족', '요기요']","['역세권', '편리한 상권', '학원가 근처']","['5호선', '7호선']"
44277957,0,0,0,0,"['지하철역', '세탁소', '카페', '약국', '대형마트', '편의점', '버스정류장']","['쿠팡', 'SSG', '마켓컬리', '배달의 민족', '요기요']","['역세권', '대학 근처', '편리한 상권', '쇼핑몰', '공원', '학원가 근처']","['1호선', '중앙선', '경춘선']"
44278326,1,0,0,0,"['지하철역', '세탁소', '카페', '약국', '대형마트', '편의점', '버스정류장']","['쿠팡', 'SSG', '마켓컬리', '배달의 민족', '요기요']","['역세권', '편리한 상권', '쇼핑몰', '공원', '학원가 근처']","['우이신설경전철', '4호선']"
44278346,0,0,0,0,"['지하철역', '세탁소', '카페', '약국', '대형마트', '편의점', '버스정류장']","['쿠팡', 'SSG', '마켓컬리', '배달의 민족', '요기요']","['편리한 상권', '공원', '학원가 근처']","['2호선', '5호선']"
44278391,1,0,0,0,"['지하철역', '세탁소', '카페', '약국', '대형마트', '편의점', '버스정류장']","['쿠팡', 'SSG', '마켓컬리', '배달의 민족', '요기요']","['편리한 상권', '공원', '산 근처', '학원가 근처']",['7호선']
44278617,1,0,0,0,"['지하철역', '세탁소', '카페', '약국', '대형마트', '편의점', '버스정류장']","['쿠팡', 'SSG', '마켓컬리', '배달의 민족', '요기요']","['편리한 상권', '쇼핑몰', '공원', '학원가 근처']","['2호선', '7호선']"
44278703,1,0,0,0,"['지하철역', '세탁소', '카페', '약국', '대형마트', '편의점', '버스정류장']","['쿠팡', 'SSG', '마켓컬리', '배달의 민족', '요기요']","['역세권', '편리한 상권', '쇼핑몰', '공원', '학원가 근처']",['7호선']
44278753,1,0,0,0,"['지하철역', '세탁소', '카페', '약국', '대형마트', '편의점', '버스정류장']","['쿠팡', 'SSG', '마켓컬리', '배달의 민족', '요기요']","['역세권', '편리한 상권', '쇼핑몰', '공원', '산 근처', '학원가 근처']","['5호선', '7호선']"
44278782,1,0,0,0,"['지하철역', '세탁소', '카페', '약국', '대형마트', '편의점', '버스정류장']","['쿠팡', 'SSG', '마켓컬리', '배달의 민족', '요기요']","['역세권', '편리한 상권', '공원', '산 근처', '학원가 근처']","['5호선', '7호선']"
44279087,1,0,0,0,"['지하철역', '세탁소', '카페', '약국', '대형마트', '편의점', '버스정류장']","['쿠팡', 'SSG', '마켓컬리', '배달의 민족', '요기요']","['역세권', '대학 근처', '편리한 상권', '공원', '학원가 근처']","['5호선', '7호선']"
44279104,0,0,0,0,"['지하철역', '세탁소', '카페', '약국', '대형마트', '편의점', '버스정류장']","['쿠팡', 'SSG', '마켓컬리', '배달의 민족', '요기요']","['역세권', '대학 근처', '편리한 상권', '공원', '학원가 근처']","['1호선', '중앙선', '경춘선', '수인분당선']"
44279181,0,0,0,0,"['지하철역', '세탁소', '카페', '약국', '대형마트', '편의점', '버스정류장']","['쿠팡', 'SSG', '마켓컬리', '배달의 민족', '요기요']","['편리한 상권', '공원', '학원가 근처']","['5호선', '7호선']"
44279266,1,0,0,0,"['지하철역', '세탁소', '카페', '약국', '대형마트', '편의점', '버스정류장']","['쿠팡', 'SSG', '마켓컬리', '배달의 민족', '요기요']","['편리한 상권', '공원', '학원가 근처']","['2호선', '7호선']"
44279484,1,0,0,0,"['지하철역', '세탁소', '카페', '약국', '대형마트', '편의점', '버스정류장']","['쿠팡', 'SSG', '마켓컬리', '배달의 민족', '요기요']","['역세권', '대학 근처', '편리한 상권', '공원', '학원가 근처']","['5호선', '7호선']"
44279552,1,0,0,0,"['지하철역', '세탁소', '카페', '약국', '대형마트', '편의점', '버스정류장']","['쿠팡', 'SSG', '마켓컬리', '배달의 민족', '요기요']","['역세권', '편리한 상권', '공원', '산 근처', '학원가 근처']",['7호선']
44279581,0,0,0,0,"['지하철역', '세탁소', '카페', '약국', '대형마트', '편의점', '버스정류장']","['쿠팡', 'SSG', '마켓컬리', '배달의 민족', '요기요']","['편리한 상권', '공원', '학원가 근처']","['우이신설경전철', '4호선']"
44279677,1,0,0,0,"['지하철역', '세탁소', '카페', '약국', '대형마트', '편의점', '버스정류장']","['쿠팡', 'SSG', '마켓컬리', '배달의 민족', '요기요']","['더블 역세권', '편리한 상권', '쇼핑몰', '공원', '학원가 근처']","['2호선', '중앙선', '경춘선', '1호선', '수인분당선']"
44279695,1,0,0,0,"['지하철역', '세탁소', '카페', '약국', '대형마트', '편의점', '버스정류장']","['쿠팡', 'SSG', '마켓컬리', '배달의 민족', '요기요']","['역세권', '편리한 상권', '공원', '산 근처', '학원가 근처']","['5호선', '7호선']"
44279943,0,0,0,0,"['지하철역', '세탁소', '카페', '약국', '대형마트', '편의점', '버스정류장']","['쿠팡', 'SSG', '마켓컬리', '배달의 민족', '요기요']","['역세권', '대학 근처', '편리한 상권', '공원', '학원가 근처']","['2호선', '7호선']"
44279986,1,0,0,0,"['지하철역', '세탁소', '카페', '약국', '대형마트', '편의점', '버스정류장']","['쿠팡', 'SSG', '마켓컬리', '배달의 민족', '요기요']","['역세권', '대학 근처', '편리한 상권', '공원', '산 근처', '학원가 근처']","['우이신설경전철', '4호선']"
44280146,1,0,0,0,"['지하철역', '세탁소', '카페', '약국', '대형마트', '편의점', '버스정류장']","['쿠팡', 'SSG', '마켓컬리', '배달의 민족', '요기요']","['역세권', '편리한 상권', '공원', '산 근처', '학원가 근처']","['4호선', '우이신설경전철']"
44280408,1,0,0,0,"['지하철역', '세탁소', '카페', '약국', '대형마트', '편의점', '버스정류장']","['쿠팡', 'SSG', '마켓컬리', '배달의 민족', '요기요']","['역세권', '편리한 상권', '공원', '산 근처', '학원가 근처']","['우이신설경전철', '4호선', '6호선']"
44280486,0,0,0,0,"['지하철역', '세탁소', '카페', '약국', '대형마트', '편의점', '버스정류장']","['쿠팡', 'SSG', '마켓컬리', '배달의 민족', '요기요']","['역세권', '편리한 상권', '공원', '학원가 근처']","['중앙선', '2호선', '5호선', '수인분당선']"
44280693,1,0,0,0,"['지하철역', '세탁소', '카페', '약국', '대형마트', '편의점', '버스정류장']","['쿠팡', 'SSG', '마켓컬리', '배달의 민족', '요기요']","['역세권', '편리한 상권', '공원', '산 근처', '학원가 근처']",['7호선']
44280805,0,0,0,0,"['지하철역', '세탁소', '카페', '약국', '대형마트', '편의점', '버스정류장']","['쿠팡', 'SSG', '마켓컬리', '배달의 민족', '요기요']","['역세권', '대학 근처', '편리한 상권', '공원', '학원가 근처']","['5호선', '4호선', '3호선', '2호선']"
44280826,0,0,0,0,"['지하철역', '세탁소', '카페', '약국', '대형마트', '편의점', '버스정류장']","['쿠팡', 'SSG', '마켓컬리', '배달의 민족', '요기요']","['역세권', '편리한 상권', '공원', '학원가 근처']","['중앙선', '경춘선', '7호선']"
44280890,0,0,0,0,"['지하철역', '세탁소', '카페', '약국', '대형마트', '편의점', '버스정류장']","['쿠팡', 'SSG', '마켓컬리', '배달의 민족', '요기요']","['역세권', '편리한 상권', '공원', '학원가 근처']","['중앙선', '경춘선', '7호선']"
44280892,1,0,0,0,"['지하철역', '세탁소', '카페', '약국', '대형마트', '편의점', '버스정류장']","['쿠팡', 'SSG', '마켓컬리', '배달의 민족', '요기요']","['역세권', '편리한 상권', '쇼핑몰', '공원', '산 근처', '학원가 근처']",['7호선']
44280947,1,0,0,1,"['지하철역', '세탁소', '카페', '약국', '대형마트', '편의점', '버스정류장']","['쿠팡', 'SSG', '마켓컬리', '배달의 민족', '요기요']","['역세권', '편리한 상권', '공원', '산 근처', '학원가 근처']",['7호선']
44280970,0,0,0,0,"['지하철역', '세탁소', '카페', '약국', '대형마트', '편의점', '버스정류장']","['쿠팡', 'SSG', '마켓컬리', '배달의 민족', '요기요']","['역세권', '대학 근처', '편리한 상권', '공원', '학원가 근처']","['1호선', '중앙선', '경춘선']"
44281013,0,0,0,0,"['지하철역', '세탁소', '카페', '약국', '대형마트', '편의점', '버스정류장']","['쿠팡', 'SSG', '마켓컬리', '배달의 민족', '요기요']","['역세권', '편리한 상권', '공원', '산 근처', '학원가 근처']","['5호선', '7호선']"
44281020,1,0,0,0,"['지하철역', '세탁소', '카페', '약국', '대형마트', '편의점', '버스정류장']","['쿠팡', 'SSG', '마켓컬리', '배달의 민족', '요기요']","['역세권', '편리한 상권', '쇼핑몰', '공원', '학원가 근처']","['1호선', '7호선']"
44281022,0,0,0,0,"['지하철역', '세탁소', '카페', '약국', '대형마트', '편의점', '버스정류장']","['쿠팡', 'SSG', '마켓컬리', '배달의 민족', '요기요']","['편리한 상권', '쇼핑몰', '공원', '학원가 근처']","['4호선', '6호선']"
44281034,1,0,0,0,"['지하철역', '세탁소', '카페', '약국', '대형마트', '편의점', '버스정류장']","['쿠팡', 'SSG', '마켓컬리', '배달의 민족', '요기요']","['역세권', '대학 근처', '편리한 상권', '공원', '학원가 근처']","['5호선', '7호선']"
44281044,1,1,0,1,"['지하철역', '세탁소', '카페', '약국', '대형마트', '편의점', '버스정류장']","['쿠팡', 'SSG', '마켓컬리', '배달의 민족', '요기요']","['역세권', '편리한 상권', '공원', '학원가 근처']","['중앙선', '경춘선', '7호선']"
44281195,1,0,0,0,"['지하철역', '세탁소', '카페', '약국', '대형마트', '편의점', '버스정류장']","['쿠팡', 'SSG', '마켓컬리', '배달의 민족', '요기요']","['역세권', '편리한 상권', '공원', '산 근처', '학원가 근처']",['7호선']
44281205,1,0,0,0,"['지하철역', '세탁소', '카페', '약국', '대형마트', '편의점', '버스정류장']","['쿠팡', 'SSG', '마켓컬리', '배달의 민족', '요기요']","['역세권', '편리한 상권', '학원가 근처']","['5호선', '7호선']"
44281209,0,0,0,0,"['지하철역', '세탁소', '카페', '약국', '대형마트', '편의점', '버스정류장']","['쿠팡', 'SSG', '마켓컬리', '배달의 민족', '요기요']","['역세권', '대학 근처', '편리한 상권', '공원', '학원가 근처']","['2호선', '7호선']"
44281224,0,0,0,0,"['지하철역', '세탁소', '카페', '약국', '대형마트', '편의점', '버스정류장']","['쿠팡', 'SSG', '마켓컬리', '배달의 민족', '요기요']","['역세권', '편리한 상권', '공원', '산 근처', '학원가 근처']","['5호선', '7호선']"
44281408,0,0,0,0,"['지하철역', '세탁소', '카페', '약국', '대형마트', '편의점', '버스정류장']","['쿠팡', 'SSG', '마켓컬리', '배달의 민족', '요기요']","['대학 근처', '편리한 상권', '쇼핑몰', '공원', '학원가 근처']","['1호선', '중앙선', '경춘선']"
44281671,0,0,0,0,"['지하철역', '세탁소', '카페', '약국', '대형마트', '편의점', '버스정류장']","['쿠팡', 'SSG', '마켓컬리', '배달의 민족', '요기요']","['역세권', '편리한 상권', '공원', '산 근처', '학원가 근처']","['5호선', '7호선']"
44281800,0,0,0,0,"['지하철역', '세탁소', '카페', '약국', '대형마트', '편의점', '버스정류장']","['쿠팡', 'SSG', '마켓컬리', '배달의 민족', '요기요']","['역세권', '대학 근처', '편리한 상권', '공원', '학원가 근처']","['1호선', '6호선']"
44281824,1,0,0,0,"['지하철역', '세탁소', '카페', '약국', '대형마트', '편의점', '버스정류장']","['쿠팡', 'SSG', '마켓컬리', '배달의 민족', '요기요']","['편리한 상권', '공원', '학원가 근처']","['2호선', '5호선']"
44281845,1,0,0,0,"['지하철역', '세탁소', '카페', '약국', '대형마트', '편의점', '버스정류장']","['쿠팡', 'SSG', '마켓컬리', '배달의 민족', '요기요']","['역세권', '대학 근처', '편리한 상권', '공원', '학원가 근처']",['6호선']
44281875,1,0,0,0,"['지하철역', '세탁소', '카페', '약국', '대형마트', '편의점', '버스정류장']","['쿠팡', 'SSG', '마켓컬리', '배달의 민족', '요기요']","['역세권', '편리한 상권', '공원', '산 근처', '학원가 근처']",['7호선']
44281969,1,0,0,0,"['지하철역', '세탁소', '카페', '약국', '대형마트', '편의점', '버스정류장']","['쿠팡', 'SSG', '마켓컬리', '배달의 민족', '요기요']","['역세권', '편리한 상권', '공원', '학원가 근처']","['5호선', '7호선']"
44282354,0,0,0,0,"['지하철역', '세탁소', '카페', '약국', '대형마트', '편의점', '버스정류장']","['쿠팡', 'SSG', '마켓컬리', '배달의 민족', '요기요']","['편리한 상권', '쇼핑몰', '공원', '학원가 근처']","['5호선', '7호선']"
44282417,0,0,0,0,"['지하철역', '세탁소', '카페', '약국', '대형마트', '편의점', '버스정류장']","['쿠팡', 'SSG', '마켓컬리', '배달의 민족', '요기요']","['역세권', '편리한 상권', '공원', '학원가 근처']","['중앙선', '경춘선', '7호선']"
44282484,0,0,0,0,"['지하철역', '세탁소', '카페', '약국', '대형마트', '편의점', '버스정류장']","['쿠팡', 'SSG', '마켓컬리', '배달의 민족', '요기요']","['역세권', '편리한 상권', '공원', '산 근처', '학원가 근처']","['5호선', '7호선']"
44282624,0,0,0,0,"['지하철역', '세탁소', '카페', '약국', '대형마트', '편의점', '버스정류장']","['쿠팡', 'SSG', '마켓컬리', '배달의 민족', '요기요']","['역세권', '대학 근처', '편리한 상권', '공원', '학원가 근처']","['4호선', '6호선']"
44282796,0,0,0,0,"['지하철역', '세탁소', '카페', '약국', '대형마트', '편의점', '버스정류장']","['쿠팡', 'SSG', '마켓컬리', '배달의 민족', '요기요']","['대학 근처', '편리한 상권', '쇼핑몰', '공원', '학원가 근처']","['1호선', '중앙선', '경춘선', '수인분당선']"
44282799,1,0,0,0,"['지하철역', '세탁소', '카페', '약국', '대형마트', '편의점', '버스정류장']","['쿠팡', 'SSG', '마켓컬리', '배달의 민족', '요기요']","['대학 근처', '편리한 상권', '공원', '학원가 근처']","['1호선', '중앙선', '경춘선', '수인분당선']"
44282800,1,0,0,0,"['지하철역', '세탁소', '카페', '약국', '대형마트', '편의점', '버스정류장']","['쿠팡', 'SSG', '마켓컬리', '배달의 민족', '요기요']","['대학 근처', '편리한 상권', '공원', '학원가 근처']","['2호선', '7호선']"
44282951,0,0,0,0,"['지하철역', '세탁소', '카페', '약국', '대형마트', '편의점', '버스정류장']","['쿠팡', 'SSG', '마켓컬리', '배달의 민족', '요기요']","['역세권', '편리한 상권', '쇼핑몰', '공원', '학원가 근처']",['7호선']
44283023,1,0,0,0,"['지하철역', '세탁소', '카페', '약국', '대형마트', '편의점', '버스정류장']","['쿠팡', 'SSG', '마켓컬리', '배달의 민족', '요기요']","['역세권', '편리한 상권', '쇼핑몰', '공원', '학원가 근처']",['7호선']
44283048,0,0,0,0,"['지하철역', '세탁소', '카페', '약국', '대형마트', '편의점', '버스정류장']","['쿠팡', 'SSG', '마켓컬리', '배달의 민족', '요기요']","['역세권', '편리한 상권', '공원', '학원가 근처']","['중앙선', '경춘선', '7호선']"
44283308,1,0,0,0,"['지하철역', '세탁소', '카페', '약국', '대형마트', '편의점', '버스정류장']","['쿠팡', 'SSG', '마켓컬리', '배달의 민족', '요기요']","['역세권', '편리한 상권', '공원', '학원가 근처']","['중앙선', '경춘선', '7호선']"
44283451,1,0,0,0,"['지하철역', '세탁소', '카페', '약국', '대형마트', '편의점', '버스정류장']","['쿠팡', 'SSG', '마켓컬리', '배달의 민족', '요기요']","['역세권', '편리한 상권', '공원', '산 근처', '학원가 근처']",['7호선']
44283663,1,0,0,0,"['지하철역', '세탁소', '카페', '약국', '대형마트', '편의점', '버스정류장']","['쿠팡', 'SSG', '마켓컬리', '배달의 민족', '요기요']","['역세권', '편리한 상권', '공원', '학원가 근처']","['1호선', '중앙선', '경춘선']"
44283675,1,0,0,0,"['지하철역', '세탁소', '카페', '약국', '대형마트', '편의점', '버스정류장']","['쿠팡', 'SSG', '마켓컬리', '배달의 민족', '요기요']","['편리한 상권', '쇼핑몰', '공원', '학원가 근처']","['5호선', '7호선']"
44283687,1,0,0,0,"['지하철역', '세탁소', '카페', '약국', '대형마트', '편의점', '버스정류장']","['쿠팡', 'SSG', '마켓컬리', '배달의 민족', '요기요']","['편리한 상권', '쇼핑몰', '공원', '학원가 근처']","['2호선', '7호선']"
44283705,0,0,0,0,"['지하철역', '세탁소', '카페', '약국', '대형마트', '편의점', '버스정류장']","['쿠팡', 'SSG', '마켓컬리', '배달의 민족', '요기요']","['편리한 상권', '공원', '학원가 근처']","['중앙선', '경춘선', '7호선']"
44283806,0,0,0,0,"['지하철역', '세탁소', '카페', '약국', '대형마트', '편의점', '버스정류장']","['쿠팡', 'SSG', '마켓컬리', '배달의 민족', '요기요']","['역세권', '편리한 상권', '공원', '학원가 근처']","['3호선', '6호선', '5호선']"
44283827,1,0,0,0,"['지하철역', '세탁소', '카페', '약국', '대형마트', '편의점', '버스정류장']","['쿠팡', 'SSG', '마켓컬리', '배달의 민족', '요기요']","['편리한 상권', '공원', '산 근처', '학원가 근처']","['5호선', '7호선']"
44283857,1,0,0,0,"['지하철역', '세탁소', '카페', '약국', '대형마트', '편의점', '버스정류장']","['쿠팡', 'SSG', '마켓컬리', '배달의 민족', '요기요']","['역세권', '편리한 상권', '쇼핑몰', '공원', '산 근처', '학원가 근처']",['7호선']
44283941,1,0,0,0,"['지하철역', '세탁소', '카페', '약국', '대형마트', '편의점', '버스정류장']","['쿠팡', 'SSG', '마켓컬리', '배달의 민족', '요기요']","['역세권', '대학 근처', '편리한 상권', '쇼핑몰', '학원가 근처']","['1호선', '6호선']"
44284011,1,0,0,0,"['지하철역', '세탁소', '카페', '약국', '대형마트', '편의점', '버스정류장']","['쿠팡', 'SSG', '마켓컬리', '배달의 민족', '요기요']","['역세권', '편리한 상권', '쇼핑몰', '공원', '학원가 근처']","['중앙선', '경춘선', '7호선']"
44284049,1,0,0,0,"['지하철역', '세탁소', '카페', '약국', '대형마트', '편의점', '버스정류장']","['쿠팡', 'SSG', '마켓컬리', '배달의 민족', '요기요']","['역세권', '편리한 상권', '쇼핑몰', '공원', '학원가 근처']","['중앙선', '경춘선', '7호선']"
44284074,1,0,0,0,"['지하철역', '세탁소', '카페', '약국', '대형마트', '편의점', '버스정류장']","['쿠팡', 'SSG', '마켓컬리', '배달의 민족', '요기요']","['역세권', '편리한 상권', '쇼핑몰', '공원', '학원가 근처']","['6호선', '7호선']"
44284217,1,0,0,0,"['지하철역', '세탁소', '카페', '약국', '대형마트', '편의점', '버스정류장']","['쿠팡', 'SSG', '마켓컬리', '배달의 민족', '요기요']","['역세권', '편리한 상권', '공원', '학원가 근처']","['중앙선', '경춘선', '7호선']"
44285318,0,0,0,0,"['지하철역', '세탁소', '카페', '약국', '대형마트', '편의점', '버스정류장']","['쿠팡', 'SSG', '마켓컬리', '배달의 민족', '요기요']","['대학 근처', '편리한 상권', '쇼핑몰', '공원', '학원가 근처']","['4호선', '6호선']"
44285427,0,0,0,0,"['지하철역', '세탁소', '카페', '약국', '대형마트', '편의점', '버스정류장']","['쿠팡', 'SSG', '마켓컬리', '배달의 민족', '요기요']","['더블 역세권', '편리한 상권', '쇼핑몰', '공원', '학원가 근처']","['1호선', '우이신설경전철', '2호선']"
44285638,0,0,0,0,"['지하철역', '세탁소', '카페', '약국', '대형마트', '편의점', '버스정류장']","['쿠팡', 'SSG', '마켓컬리', '배달의 민족', '요기요']","['역세권', '대학 근처', '편리한 상권', '공원', '학원가 근처']","['1호선', '중앙선', '경춘선', '수인분당선']"
44285755,0,0,0,0,"['지하철역', '세탁소', '카페', '약국', '대형마트', '편의점', '버스정류장']","['쿠팡', 'SSG', '마켓컬리', '배달의 민족', '요기요']","['역세권', '대학 근처', '편리한 상권', '공원', '학원가 근처']","['2호선', '7호선']"
44285761,0,0,0,0,"['지하철역', '세탁소', '카페', '약국', '대형마트', '편의점', '버스정류장']","['쿠팡', 'SSG', '마켓컬리', '배달의 민족', '요기요']","['편리한 상권', '쇼핑몰', '공원', '학원가 근처']","['2호선', '7호선']"
44285766,0,0,0,0,"['지하철역', '세탁소', '카페', '약국', '대형마트', '편의점', '버스정류장']","['쿠팡', 'SSG', '마켓컬리', '배달의 민족', '요기요']","['대학 근처', '편리한 상권', '공원', '학원가 근처']","['5호선', '7호선']"
44285955,1,0,0,0,"['지하철역', '세탁소', '카페', '약국', '대형마트', '편의점', '버스정류장']","['쿠팡', 'SSG', '마켓컬리', '배달의 민족', '요기요']","['역세권', '대학 근처', '편리한 상권', '공원', '학원가 근처']","['2호선', '5호선', '7호선']"
44285974,1,0,0,0,"['지하철역', '세탁소', '카페', '약국', '대형마트', '편의점', '버스정류장']","['쿠팡', 'SSG', '마켓컬리', '배달의 민족', '요기요']","['역세권', '대학 근처', '편리한 상권', '공원', '학원가 근처']","['우이신설경전철', '4호선']"
44286115,1,0,0,0,"['지하철역', '세탁소', '카페', '약국', '대형마트', '편의점', '버스정류장']","['쿠팡', 'SSG', '마켓컬리', '배달의 민족', '요기요']","['편리한 상권', '공원', '학원가 근처']","['2호선', '중앙선', '5호선', '경춘선', '1호선', '수인분당선']"
44286129,1,0,0,0,"['지하철역', '세탁소', '카페', '약국', '대형마트', '편의점', '버스정류장']","['쿠팡', 'SSG', '마켓컬리', '배달의 민족', '요기요']","['역세권', '편리한 상권', '공원', '산 근처', '학원가 근처']","['5호선', '7호선']"
44286170,0,0,0,0,"['지하철역', '세탁소', '카페', '약국', '대형마트', '편의점', '버스정류장']","['쿠팡', 'SSG', '마켓컬리', '배달의 민족', '요기요']","['역세권', '대학 근처', '편리한 상권', '공원', '학원가 근처']","['우이신설경전철', '4호선']"
44286174,1,0,0,0,"['지하철역', '세탁소', '카페', '약국', '대형마트', '편의점', '버스정류장']","['쿠팡', 'SSG', '마켓컬리', '배달의 민족', '요기요']","['편리한 상권', '공원', '학원가 근처']","['2호선', '5호선', '7호선']"
44286191,1,0,0,0,"['지하철역', '세탁소', '카페', '약국', '대형마트', '편의점', '버스정류장']","['쿠팡', 'SSG', '마켓컬리', '배달의 민족', '요기요']","['역세권', '편리한 상권', '공원', '산 근처', '학원가 근처']","['5호선', '7호선']"
44286213,1,0,0,0,"['지하철역', '세탁소', '카페', '약국', '대형마트', '편의점', '버스정류장']","['쿠팡', 'SSG', '마켓컬리', '배달의 민족', '요기요']","['편리한 상권', '쇼핑몰', '공원', '학원가 근처']","['2호선', '7호선']"
44286249,1,0,0,0,"['지하철역', '세탁소', '카페', '약국', '대형마트', '편의점', '버스정류장']","['쿠팡', 'SSG', '마켓컬리', '배달의 민족', '요기요']","['더블 역세권', '편리한 상권', '쇼핑몰', '공원', '학원가 근처']","['1호선', '우이신설경전철', '2호선']"
44286252,1,0,0,0,"['지하철역', '세탁소', '카페', '약국', '대형마트', '편의점', '버스정류장']","['쿠팡', 'SSG', '마켓컬리', '배달의 민족', '요기요']","['역세권', '편리한 상권', '공원', '학원가 근처']","['중앙선', '경춘선', '7호선']"
44286263,1,0,0,0,"['지하철역', '세탁소', '카페', '약국', '대형마트', '편의점', '버스정류장']","['쿠팡', 'SSG', '마켓컬리', '배달의 민족', '요기요']","['역세권', '편리한 상권', '쇼핑몰', '공원', '학원가 근처']","['중앙선', '경춘선', '7호선']"
44286276,0,0,0,0,"['지하철역', '세탁소', '카페', '약국', '대형마트', '편의점', '버스정류장']","['쿠팡', 'SSG', '마켓컬리', '배달의 민족', '요기요']","['더블 역세권', '편리한 상권', '공원', '학원가 근처']","['2호선', '5호선']"
44286309,1,0,0,0,"['지하철역', '세탁소', '카페', '약국', '대형마트', '편의점', '버스정류장']","['쿠팡', 'SSG', '마켓컬리', '배달의 민족', '요기요']","['편리한 상권', '공원', '산 근처', '학원가 근처']","['5호선', '7호선']"
44286364,1,0,0,0,"['지하철역', '세탁소', '카페', '약국', '대형마트', '편의점', '버스정류장']","['쿠팡', 'SSG', '마켓컬리', '배달의 민족', '요기요']","['역세권', '편리한 상권', '쇼핑몰', '공원', '학원가 근처']","['1호선', '7호선']"
44286374,1,0,0,0,"['지하철역', '세탁소', '카페', '약국', '대형마트', '편의점', '버스정류장']","['쿠팡', 'SSG', '마켓컬리', '배달의 민족', '요기요']","['역세권', '편리한 상권', '쇼핑몰', '공원', '학원가 근처']","['2호선', '5호선']"
44286387,1,0,0,0,"['지하철역', '세탁소', '카페', '약국', '대형마트', '편의점', '버스정류장']","['쿠팡', 'SSG', '마켓컬리', '배달의 민족', '요기요']","['편리한 상권', '공원', '학원가 근처']","['5호선', '7호선']"
44286399,1,0,0,0,"['지하철역', '세탁소', '카페', '약국', '대형마트', '편의점', '버스정류장']","['쿠팡', 'SSG', '마켓컬리', '배달의 민족', '요기요']","['역세권', '편리한 상권', '쇼핑몰', '공원', '학원가 근처']","['2호선', '5호선']"
44286437,1,0,0,0,"['지하철역', '세탁소', '카페', '약국', '대형마트', '편의점', '버스정류장']","['쿠팡', 'SSG', '마켓컬리', '배달의 민족', '요기요']","['편리한 상권', '공원', '산 근처', '학원가 근처']","['5호선', '7호선']"
44286455,1,0,0,0,"['지하철역', '세탁소', '카페', '약국', '대형마트', '편의점', '버스정류장']","['쿠팡', 'SSG', '마켓컬리', '배달의 민족', '요기요']","['역세권', '편리한 상권', '쇼핑몰', '공원', '산 근처', '학원가 근처']","['5호선', '7호선']"
44286491,1,0,0,0,"['지하철역', '세탁소', '카페', '약국', '대형마트', '편의점', '버스정류장']","['쿠팡', 'SSG', '마켓컬리', '배달의 민족', '요기요']","['편리한 상권', '공원', '학원가 근처']","['2호선', '5호선', '7호선']"
44286505,1,0,0,0,"['지하철역', '세탁소', '카페', '약국', '대형마트', '편의점', '버스정류장']","['쿠팡', 'SSG', '마켓컬리', '배달의 민족', '요기요']","['역세권', '편리한 상권', '쇼핑몰', '공원', '학원가 근처']",['7호선']
44286513,1,0,0,0,"['지하철역', '세탁소', '카페', '약국', '대형마트', '편의점', '버스정류장']","['쿠팡', 'SSG', '마켓컬리', '배달의 민족', '요기요']","['역세권', '편리한 상권', '쇼핑몰', '공원', '학원가 근처']","['중앙선', '경춘선', '7호선']"
44286532,1,0,0,0,"['지하철역', '세탁소', '카페', '약국', '대형마트', '편의점', '버스정류장']","['쿠팡', 'SSG', '마켓컬리', '배달의 민족', '요기요']","['역세권', '편리한 상권', '쇼핑몰', '공원', '학원가 근처']","['6호선', '7호선']"
44286724,1,0,0,1,"['지하철역', '세탁소', '카페', '약국', '대형마트', '편의점', '버스정류장']","['쿠팡', 'SSG', '마켓컬리', '배달의 민족', '요기요']","['편리한 상권', '쇼핑몰', '공원', '학원가 근처']","['2호선', '7호선']"
44286740,1,0,0,1,"['지하철역', '세탁소', '카페', '약국', '대형마트', '편의점', '버스정류장']","['쿠팡', 'SSG', '마켓컬리', '배달의 민족', '요기요']","['편리한 상권', '쇼핑몰', '공원', '학원가 근처']","['2호선', '7호선']"
44286760,0,0,0,0,"['지하철역', '세탁소', '카페', '약국', '대형마트', '편의점', '버스정류장']","['쿠팡', 'SSG', '마켓컬리', '배달의 민족', '요기요']","['역세권', '편리한 상권', '쇼핑몰', '공원', '학원가 근처']","['6호선', '7호선']"
44286941,1,0,0,0,"['지하철역', '세탁소', '카페', '약국', '대형마트', '편의점', '버스정류장']","['쿠팡', 'SSG', '마켓컬리', '배달의 민족', '요기요']","['역세권', '편리한 상권', '공원', '학원가 근처']","['중앙선', '경춘선', '7호선']"
44287064,0,0,0,0,"['지하철역', '세탁소', '카페', '약국', '대형마트', '편의점', '버스정류장']","['쿠팡', 'SSG', '마켓컬리', '배달의 민족', '요기요']","['더블 역세권', '대학 근처', '편리한 상권', '공원', '학원가 근처']","['4호선', '6호선']"
44287161,0,0,0,0,"['지하철역', '세탁소', '카페', '약국', '대형마트', '편의점', '버스정류장']","['쿠팡', 'SSG', '마켓컬리', '배달의 민족', '요기요']","['역세권', '편리한 상권', '공원', '학원가 근처']","['2호선', '수인분당선']"
44287206,1,0,0,0,"['지하철역', '세탁소', '카페', '약국', '대형마트', '편의점', '버스정류장']","['쿠팡', 'SSG', '마켓컬리', '배달의 민족', '요기요']","['역세권', '대학 근처', '편리한 상권', '공원', '학원가 근처']","['2호선', '수인분당선']"
44287332,1,0,0,0,"['지하철역', '세탁소', '카페', '약국', '대형마트', '편의점', '버스정류장']","['쿠팡', 'SSG', '마켓컬리', '배달의 민족', '요기요']","['역세권', '편리한 상권', '쇼핑몰', '공원', '학원가 근처']","['1호선', '우이신설경전철', '2호선', '6호선']"
44287419,1,0,0,0,"['지하철역', '세탁소', '카페', '약국', '대형마트', '편의점', '버스정류장']","['쿠팡', 'SSG', '마켓컬리', '배달의 민족', '요기요']","['역세권', '편리한 상권', '쇼핑몰', '공원', '학원가 근처']","['중앙선', '경춘선', '7호선']"
44287446,1,0,0,0,"['지하철역', '세탁소', '카페', '약국', '대형마트', '편의점', '버스정류장']","['쿠팡', 'SSG', '마켓컬리', '배달의 민족', '요기요']","['역세권', '편리한 상권', '쇼핑몰', '공원', '학원가 근처']","['1호선', '우이신설경전철', '2호선', '6호선']"
44287615,1,0,0,0,"['지하철역', '세탁소', '카페', '약국', '대형마트', '편의점', '버스정류장']","['쿠팡', 'SSG', '마켓컬리', '배달의 민족', '요기요']","['역세권', '편리한 상권', '쇼핑몰', '공원', '학원가 근처']","['6호선', '7호선']"
44287724,0,0,0,0,"['지하철역', '세탁소', '카페', '약국', '대형마트', '편의점', '버스정류장']","['쿠팡', 'SSG', '마켓컬리', '배달의 민족', '요기요']","['편리한 상권', '쇼핑몰', '공원', '학원가 근처']","['2호선', '7호선']"
44288037,0,0,0,0,"['지하철역', '세탁소', '카페', '약국', '대형마트', '편의점', '버스정류장']","['쿠팡', 'SSG', '마켓컬리', '배달의 민족', '요기요']","['더블 역세권', '편리한 상권', '쇼핑몰', '공원', '학원가 근처']","['1호선', '우이신설경전철', '2호선', '6호선']"
44288098,0,0,0,0,"['지하철역', '세탁소', '카페', '약국', '대형마트', '편의점', '버스정류장']","['쿠팡', 'SSG', '마켓컬리', '배달의 민족', '요기요']","['역세권', '편리한 상권', '공원', '학원가 근처']","['1호선', '중앙선', '경춘선', '7호선']"
44288174,0,0,0,0,"['지하철역', '세탁소', '카페', '약국', '대형마트', '편의점', '버스정류장']","['쿠팡', 'SSG', '마켓컬리', '배달의 민족', '요기요']","['편리한 상권', '공원', '학원가 근처']","['2호선', '수인분당선']"
44288233,1,0,0,0,"['지하철역', '세탁소', '카페', '약국', '대형마트', '편의점', '버스정류장']","['쿠팡', 'SSG', '마켓컬리', '배달의 민족', '요기요']","['편리한 상권', '공원', '학원가 근처']","['2호선', '5호선']"
44288434,0,0,0,0,"['지하철역', '세탁소', '카페', '약국', '대형마트', '편의점', '버스정류장']","['쿠팡', 'SSG', '마켓컬리', '배달의 민족', '요기요']","['편리한 상권', '쇼핑몰', '공원', '학원가 근처']","['2호선', '7호선']"
44288567,0,0,0,0,"['지하철역', '세탁소', '카페', '약국', '대형마트', '편의점', '버스정류장']",[],[],"['2호선', '7호선']"
44288597,1,0,0,0,"['지하철역', '세탁소', '카페', '약국', '대형마트', '편의점', '버스정류장']","['쿠팡', 'SSG', '마켓컬리', '배달의 민족', '요기요']","['역세권', '대학 근처', '편리한 상권', '공원', '산 근처', '학원가 근처']","['5호선', '7호선']"
44288616,1,0,0,0,"['지하철역', '세탁소', '카페', '약국', '대형마트', '편의점', '버스정류장']","['쿠팡', 'SSG', '마켓컬리', '배달의 민족', '요기요']","['역세권', '편리한 상권', '쇼핑몰', '공원', '학원가 근처']","['중앙선', '경춘선', '7호선']"
44288665,0,0,0,0,"['지하철역', '세탁소', '카페', '약국', '대형마트', '편의점', '버스정류장']","['쿠팡', 'SSG', '마켓컬리', '배달의 민족', '요기요']","['역세권', '대학 근처', '편리한 상권', '공원', '학원가 근처']","['4호선', '우이신설경전철', '6호선']"
44288706,0,0,0,0,"['지하철역', '세탁소', '카페', '약국', '대형마트', '편의점', '버스정류장']","['쿠팡', 'SSG', '마켓컬리', '배달의 민족', '요기요']","['편리한 상권', '공원', '학원가 근처']","['중앙선', '경춘선', '7호선']"
44288712,0,0,0,0,"['지하철역', '세탁소', '카페', '약국', '대형마트', '편의점', '버스정류장']","['쿠팡', 'SSG', '마켓컬리', '배달의 민족', '요기요']","['역세권', '편리한 상권', '쇼핑몰', '공원', '학원가 근처']","['2호선', '7호선']"
44288715,0,0,0,0,"['지하철역', '세탁소', '카페', '약국', '대형마트', '편의점', '버스정류장']","['쿠팡', 'SSG', '마켓컬리', '배달의 민족', '요기요']","['역세권', '편리한 상권', '공원', '산 근처', '학원가 근처']","['우이신설경전철', '4호선', '6호선']"
44288726,0,0,0,0,"['지하철역', '세탁소', '카페', '약국', '대형마트', '편의점', '버스정류장']","['쿠팡', 'SSG', '마켓컬리', '배달의 민족', '요기요']","['역세권', '편리한 상권', '공원', '산 근처', '학원가 근처']",['7호선']
44288741,1,0,0,0,"['지하철역', '세탁소', '카페', '약국', '대형마트', '편의점', '버스정류장']","['쿠팡', 'SSG', '마켓컬리', '배달의 민족', '요기요']","['편리한 상권', '공원', '학원가 근처']","['2호선', '7호선']"
44288871,1,0,0,0,"['지하철역', '세탁소', '카페', '약국', '대형마트', '편의점', '버스정류장']","['쿠팡', 'SSG', '마켓컬리', '배달의 민족', '요기요']","['역세권', '편리한 상권', '쇼핑몰', '공원', '산 근처', '학원가 근처']","['5호선', '7호선']"
44288914,1,0,0,0,"['지하철역', '세탁소', '카페', '약국', '대형마트', '편의점', '버스정류장']","['쿠팡', 'SSG', '마켓컬리', '배달의 민족', '요기요']","['편리한 상권', '쇼핑몰', '공원', '학원가 근처']","['2호선', '7호선']"
44288915,0,0,0,0,"['지하철역', '세탁소', '카페', '약국', '대형마트', '편의점', '버스정류장']","['쿠팡', 'SSG', '마켓컬리', '배달의 민족', '요기요']","['역세권', '대학 근처', '편리한 상권', '공원', '학원가 근처']","['1호선', '우이신설경전철', '6호선']"
44288935,1,0,0,0,"['지하철역', '세탁소', '카페', '약국', '대형마트', '편의점', '버스정류장']","['쿠팡', 'SSG', '마켓컬리', '배달의 민족', '요기요']","['역세권', '편리한 상권', '쇼핑몰', '공원', '학원가 근처']","['중앙선', '경춘선', '7호선']"
44289055,0,0,0,1,"['지하철역', '세탁소', '카페', '약국', '대형마트', '편의점', '버스정류장']","['쿠팡', 'SSG', '마켓컬리', '배달의 민족', '요기요']","['대학 근처', '편리한 상권', '쇼핑몰', '공원', '학원가 근처']","['2호선', '중앙선', '경춘선', '1호선', '수인분당선']"
44289083,0,0,0,0,"['지하철역', '세탁소', '카페', '약국', '대형마트', '편의점', '버스정류장']","['쿠팡', 'SSG', '마켓컬리', '배달의 민족', '요기요']","['역세권', '편리한 상권', '공원', '산 근처', '학원가 근처']","['4호선', '우이신설경전철']"
44289103,0,0,0,0,"['지하철역', '세탁소', '카페', '약국', '대형마트', '편의점', '버스정류장']","['쿠팡', 'SSG', '마켓컬리', '배달의 민족', '요기요']","['더블 역세권', '대학 근처', '편리한 상권', '공원', '학원가 근처']","['4호선', '6호선']"
44289110,0,0,0,0,"['지하철역', '세탁소', '카페', '약국', '대형마트', '편의점', '버스정류장']","['쿠팡', 'SSG', '마켓컬리', '배달의 민족', '요기요']","['역세권', '편리한 상권', '쇼핑몰', '공원', '학원가 근처']",['7호선']
44289113,0,0,0,0,"['지하철역', '세탁소', '카페', '약국', '대형마트', '편의점', '버스정류장']","['쿠팡', 'SSG', '마켓컬리', '배달의 민족', '요기요']","['역세권', '대학 근처', '편리한 상권', '공원', '학원가 근처']","['2호선', '5호선', '7호선']"
44289258,1,0,0,0,"['지하철역', '세탁소', '카페', '약국', '대형마트', '편의점', '버스정류장']",[],[],"['6호선', '7호선']"
44289276,1,0,0,0,"['지하철역', '세탁소', '카페', '약국', '대형마트', '편의점', '버스정류장']","['쿠팡', 'SSG', '마켓컬리', '배달의 민족', '요기요']","['더블 역세권', '편리한 상권', '공원', '산 근처', '학원가 근처']","['3호선', '6호선']"
44289287,0,0,0,0,"['지하철역', '세탁소', '카페', '약국', '대형마트', '편의점', '버스정류장']","['쿠팡', 'SSG', '마켓컬리', '배달의 민족', '요기요']","['더블 역세권', '편리한 상권', '공원', '학원가 근처']","['3호선', '6호선', '5호선']"
44289309,1,0,0,0,"['지하철역', '세탁소', '카페', '약국', '대형마트', '편의점', '버스정류장']","['쿠팡', 'SSG', '마켓컬리', '배달의 민족', '요기요']","['역세권', '편리한 상권', '쇼핑몰', '공원', '학원가 근처']","['6호선', '7호선']"
44289328,0,0,0,0,"['지하철역', '세탁소', '카페', '약국', '대형마트', '편의점', '버스정류장']","['쿠팡', 'SSG', '마켓컬리', '배달의 민족', '요기요']","['역세권', '편리한 상권', '공원', '산 근처', '학원가 근처']",['7호선']
44289387,1,0,0,0,"['지하철역', '세탁소', '카페', '약국', '대형마트', '편의점', '버스정류장']","['쿠팡', 'SSG', '마켓컬리', '배달의 민족', '요기요']","['역세권', '편리한 상권', '공원', '산 근처', '학원가 근처']","['5호선', '7호선']"
44289555,0,0,0,0,"['지하철역', '세탁소', '카페', '약국', '대형마트', '편의점', '버스정류장']","['쿠팡', 'SSG', '마켓컬리', '배달의 민족', '요기요']","['역세권', '편리한 상권', '쇼핑몰', '공원', '학원가 근처']","['2호선', '수인분당선']"
44289566,1,0,0,0,"['지하철역', '세탁소', '카페', '약국', '대형마트', '편의점', '버스정류장']","['쿠팡', 'SSG', '마켓컬리', '배달의 민족', '요기요']","['역세권', '편리한 상권', '쇼핑몰', '공원', '산 근처', '학원가 근처']",['7호선']
44289599,0,0,0,0,"['지하철역', '세탁소', '카페', '약국', '대형마트', '편의점', '버스정류장']","['쿠팡', 'SSG', '마켓컬리', '배달의 민족', '요기요']","['역세권', '편리한 상권', '산 근처', '학원가 근처']","['우이신설경전철', '4호선']"
44289760,1,0,0,0,"['지하철역', '세탁소', '카페', '약국', '대형마트', '편의점', '버스정류장']","['쿠팡', 'SSG', '마켓컬리', '배달의 민족', '요기요']","['편리한 상권', '공원', '학원가 근처']","['4호선', '6호선']"
44289830,1,0,0,0,"['지하철역', '세탁소', '카페', '약국', '대형마트', '편의점', '버스정류장']",[],[],['7호선']
44289902,1,0,0,0,"['지하철역', '세탁소', '카페', '약국', '대형마트', '편의점', '버스정류장']","['쿠팡', 'SSG', '마켓컬리', '배달의 민족', '요기요']","['역세권', '편리한 상권', '쇼핑몰', '공원', '학원가 근처']","['2호선', '5호선']"
44290054,1,0,0,0,"['지하철역', '세탁소', '카페', '약국', '대형마트', '편의점', '버스정류장']","['쿠팡', 'SSG', '마켓컬리', '배달의 민족', '요기요']","['역세권', '편리한 상권', '쇼핑몰', '공원', '학원가 근처']","['2호선', '5호선']"
44290081,1,0,0,0,"['지하철역', '세탁소', '카페', '약국', '대형마트', '편의점', '버스정류장']","['쿠팡', 'SSG', '마켓컬리', '배달의 민족', '요기요']","['역세권', '편리한 상권', '쇼핑몰', '공원', '학원가 근처']","['2호선', '5호선']"
44290274,1,0,0,0,"['지하철역', '세탁소', '카페', '약국', '대형마트', '편의점', '버스정류장']",[],[],"['4호선', '2호선', '6호선', '5호선']"
44290413,1,0,0,0,"['지하철역', '세탁소', '카페', '약국', '대형마트', '편의점', '버스정류장']","['쿠팡', 'SSG', '마켓컬리', '배달의 민족', '요기요']","['역세권', '편리한 상권', '공원', '학원가 근처']","['중앙선', '경춘선', '7호선']"
44290462,0,0,0,0,"['지하철역', '세탁소', '카페', '약국', '대형마트', '편의점', '버스정류장']","['쿠팡', 'SSG', '마켓컬리', '배달의 민족', '요기요']","['더블 역세권', '편리한 상권', '쇼핑몰', '공원', '학원가 근처']","['1호선', '6호선', '7호선']"
44290463,0,0,0,0,"['지하철역', '세탁소', '카페', '약국', '대형마트', '편의점', '버스정류장']","['쿠팡', 'SSG', '마켓컬리', '배달의 민족', '요기요']","['편리한 상권', '쇼핑몰', '공원', '산 근처', '학원가 근처']",['7호선']
44290475,1,0,0,0,"['지하철역', '세탁소', '카페', '약국', '대형마트', '편의점', '버스정류장']","['쿠팡', 'SSG', '마켓컬리', '배달의 민족', '요기요']","['역세권', '편리한 상권', '공원', '학원가 근처']","['중앙선', '경춘선', '7호선']"
44290556,0,0,0,0,"['지하철역', '세탁소', '카페', '약국', '대형마트', '편의점', '버스정류장']","['쿠팡', 'SSG', '마켓컬리', '배달의 민족', '요기요']","['역세권', '편리한 상권', '쇼핑몰', '공원', '학원가 근처']","['중앙선', '경춘선', '7호선']"
44290592,1,0,0,0,"['지하철역', '세탁소', '카페', '약국', '대형마트', '편의점', '버스정류장']","['쿠팡', 'SSG', '마켓컬리', '배달의 민족', '요기요']","['대학 근처', '편리한 상권', '공원', '학원가 근처']","['2호선', '7호선']"
44290626,1,0,0,0,"['지하철역', '세탁소', '카페', '약국', '대형마트', '편의점', '버스정류장']","['쿠팡', 'SSG', '마켓컬리', '배달의 민족', '요기요']","['대학 근처', '편리한 상권', '쇼핑몰', '공원', '학원가 근처']","['2호선', '7호선']"
44290735,0,0,0,0,"['지하철역', '세탁소', '카페', '약국', '대형마트', '편의점', '버스정류장']","['쿠팡', 'SSG', '마켓컬리', '배달의 민족', '요기요']","['역세권', '편리한 상권', '쇼핑몰', '공원', '학원가 근처']","['1호선', '우이신설경전철', '2호선', '6호선']"
44290787,0,0,0,0,"['지하철역', '세탁소', '카페', '약국', '대형마트', '편의점', '버스정류장']","['쿠팡', 'SSG', '마켓컬리', '배달의 민족', '요기요']","['역세권', '편리한 상권', '공원', '산 근처', '학원가 근처']","['4호선', '우이신설경전철']"
44291034,1,0,0,0,"['지하철역', '세탁소', '카페', '약국', '대형마트', '편의점', '버스정류장']","['쿠팡', 'SSG', '마켓컬리', '배달의 민족', '요기요']","['더블 역세권', '편리한 상권', '쇼핑몰', '공원', '학원가 근처']","['6호선', '7호선']"
44291101,1,0,0,0,"['지하철역', '세탁소', '카페', '약국', '대형마트', '편의점', '버스정류장']","['쿠팡', 'SSG', '마켓컬리', '배달의 민족', '요기요']","['더블 역세권', '편리한 상권', '쇼핑몰', '공원', '학원가 근처']","['6호선', '7호선']"
44291113,1,0,0,0,"['지하철역', '세탁소', '카페', '약국', '대형마트', '편의점', '버스정류장']","['쿠팡', 'SSG', '마켓컬리', '배달의 민족', '요기요']","['더블 역세권', '편리한 상권', '쇼핑몰', '공원', '학원가 근처']","['6호선', '7호선']"
44291170,1,0,0,0,"['지하철역', '세탁소', '카페', '약국', '대형마트', '편의점', '버스정류장']","['쿠팡', 'SSG', '마켓컬리', '배달의 민족', '요기요']","['역세권', '편리한 상권', '쇼핑몰', '공원', '학원가 근처']","['중앙선', '경춘선', '7호선']"
44291221,0,0,0,0,"['지하철역', '세탁소', '카페', '약국', '대형마트', '편의점', '버스정류장']","['쿠팡', 'SSG', '마켓컬리', '배달의 민족', '요기요']","['더블 역세권', '편리한 상권', '쇼핑몰', '공원', '학원가 근처']","['6호선', '7호선']"
44291311,0,0,0,0,"['지하철역', '세탁소', '카페', '약국', '대형마트', '편의점', '버스정류장']","['쿠팡', 'SSG', '마켓컬리', '배달의 민족', '요기요']","['역세권', '편리한 상권', '쇼핑몰', '공원', '학원가 근처']","['1호선', '7호선']"
44291334,0,0,0,0,"['지하철역', '세탁소', '카페', '약국', '대형마트', '편의점', '버스정류장']","['쿠팡', 'SSG', '마켓컬리', '배달의 민족', '요기요']","['편리한 상권', '쇼핑몰', '공원', '산 근처', '학원가 근처']",['7호선']
44291337,1,0,0,0,"['지하철역', '세탁소', '카페', '약국', '대형마트', '편의점', '버스정류장']","['쿠팡', 'SSG', '마켓컬리', '배달의 민족', '요기요']","['더블 역세권', '편리한 상권', '쇼핑몰', '공원', '학원가 근처']","['6호선', '7호선']"
44291349,0,0,0,0,"['지하철역', '세탁소', '카페', '약국', '대형마트', '편의점', '버스정류장']","['쿠팡', 'SSG', '마켓컬리', '배달의 민족', '요기요']","['대학 근처', '편리한 상권', '공원', '학원가 근처']","['2호선', '7호선']"
44291409,1,0,0,0,"['지하철역', '세탁소', '카페', '약국', '대형마트', '편의점', '버스정류장']","['쿠팡', 'SSG', '마켓컬리', '배달의 민족', '요기요']","['편리한 상권', '공원', '학원가 근처']","['중앙선', '경춘선', '7호선']"
44291525,0,0,0,0,"['지하철역', '세탁소', '카페', '약국', '대형마트', '편의점', '버스정류장']","['쿠팡', 'SSG', '마켓컬리', '배달의 민족', '요기요']","['역세권', '대학 근처', '편리한 상권', '공원', '학원가 근처']","['1호선', '중앙선', '경춘선']"
44291624,1,0,0,0,"['지하철역', '세탁소', '카페', '약국', '대형마트', '편의점', '버스정류장']","['쿠팡', 'SSG', '마켓컬리', '배달의 민족', '요기요']","['편리한 상권', '쇼핑몰', '공원', '학원가 근처']","['2호선', '7호선']"
44291651,1,0,0,0,"['지하철역', '세탁소', '카페', '약국', '대형마트', '편의점', '버스정류장']","['쿠팡', 'SSG', '마켓컬리', '배달의 민족', '요기요']","['역세권', '편리한 상권', '쇼핑몰', '공원', '학원가 근처']","['중앙선', '경춘선', '7호선']"
44291740,1,0,0,0,"['지하철역', '세탁소', '카페', '약국', '대형마트', '편의점', '버스정류장']","['쿠팡', 'SSG', '마켓컬리', '배달의 민족', '요기요']","['편리한 상권', '공원', '산 근처', '학원가 근처']","['5호선', '7호선']"
44291754,1,0,0,0,"['지하철역', '세탁소', '카페', '약국', '대형마트', '편의점', '버스정류장']","['쿠팡', 'SSG', '마켓컬리', '배달의 민족', '요기요']","['편리한 상권', '공원', '학원가 근처']","['2호선', '7호선']"
44291755,1,0,0,0,"['지하철역', '세탁소', '카페', '약국', '대형마트', '편의점', '버스정류장']","['쿠팡', 'SSG', '마켓컬리', '배달의 민족', '요기요']","['역세권', '편리한 상권', '공원', '학원가 근처']","['중앙선', '경춘선', '7호선']"
44291763,1,0,0,0,"['지하철역', '세탁소', '카페', '약국', '대형마트', '편의점', '버스정류장']","['쿠팡', 'SSG', '마켓컬리', '배달의 민족', '요기요']","['편리한 상권', '쇼핑몰', '공원', '학원가 근처']","['2호선', '7호선']"
44291790,1,0,0,0,"['지하철역', '세탁소', '카페', '약국', '대형마트', '편의점', '버스정류장']","['쿠팡', 'SSG', '마켓컬리', '배달의 민족', '요기요']","['역세권', '편리한 상권', '쇼핑몰', '공원', '학원가 근처']","['중앙선', '경춘선', '7호선']"
44291855,0,0,0,0,"['지하철역', '세탁소', '카페', '약국', '대형마트', '편의점', '버스정류장']","['쿠팡', 'SSG', '마켓컬리', '배달의 민족', '요기요']","['역세권', '대학 근처', '편리한 상권', '공원', '학원가 근처']","['1호선', '6호선']"
44291931,0,0,0,0,"['지하철역', '세탁소', '카페', '약국', '대형마트', '편의점', '버스정류장']","['쿠팡', 'SSG', '마켓컬리', '배달의 민족', '요기요']","['역세권', '편리한 상권', '쇼핑몰', '공원', '학원가 근처']",['7호선']
44291966,1,0,0,0,"['지하철역', '세탁소', '카페', '약국', '대형마트', '편의점', '버스정류장']","['쿠팡', 'SSG', '마켓컬리', '배달의 민족', '요기요']","['편리한 상권', '공원', '학원가 근처']",['2호선']
44292035,1,0,0,0,"['지하철역', '세탁소', '카페', '약국', '대형마트', '편의점', '버스정류장']","['쿠팡', 'SSG', '마켓컬리', '배달의 민족', '요기요']","['역세권', '대학 근처', '편리한 상권', '공원', '학원가 근처']","['2호선', '5호선']"
44292051,1,0,0,1,"['지하철역', '세탁소', '카페', '약국', '대형마트', '편의점', '버스정류장']","['쿠팡', 'SSG', '마켓컬리', '배달의 민족', '요기요']","['역세권', '편리한 상권', '공원', '산 근처', '학원가 근처']","['5호선', '7호선']"
44292098,1,0,0,0,"['지하철역', '세탁소', '카페', '약국', '대형마트', '편의점', '버스정류장']","['쿠팡', 'SSG', '마켓컬리', '배달의 민족', '요기요']","['더블 역세권', '편리한 상권', '쇼핑몰', '공원', '학원가 근처']","['6호선', '7호선']"
44292115,1,0,0,0,"['지하철역', '세탁소', '카페', '약국', '대형마트', '편의점', '버스정류장']","['쿠팡', 'SSG', '마켓컬리', '배달의 민족', '요기요']","['역세권', '대학 근처', '편리한 상권', '공원', '학원가 근처']","['2호선', '5호선', '7호선']"
44292206,1,0,0,0,"['지하철역', '세탁소', '카페', '약국', '대형마트', '편의점', '버스정류장']",[],[],"['우이신설경전철', '4호선']"
44292390,1,0,0,0,"['지하철역', '세탁소', '카페', '약국', '대형마트', '편의점', '버스정류장']","['쿠팡', 'SSG', '마켓컬리', '배달의 민족', '요기요']","['역세권', '편리한 상권', '쇼핑몰', '공원', '산 근처', '학원가 근처']","['5호선', '7호선']"
44292496,1,0,0,0,"['지하철역', '세탁소', '카페', '약국', '대형마트', '편의점', '버스정류장']","['쿠팡', 'SSG', '마켓컬리', '배달의 민족', '요기요']","['역세권', '편리한 상권', '쇼핑몰', '공원', '학원가 근처']","['1호선', '7호선']"
44292511,1,0,0,0,"['지하철역', '세탁소', '카페', '약국', '대형마트', '편의점', '버스정류장']","['쿠팡', 'SSG', '마켓컬리', '배달의 민족', '요기요']","['편리한 상권', '공원', '학원가 근처']","['중앙선', '경춘선', '7호선']"
44292645,0,0,0,0,"['지하철역', '세탁소', '카페', '약국', '대형마트', '편의점', '버스정류장']","['쿠팡', 'SSG', '마켓컬리', '배달의 민족', '요기요']","['역세권', '편리한 상권', '쇼핑몰', '공원', '산 근처', '학원가 근처']","['5호선', '7호선']"
44292695,0,0,0,0,"['지하철역', '세탁소', '카페', '약국', '대형마트', '편의점', '버스정류장']","['쿠팡', 'SSG', '마켓컬리', '배달의 민족', '요기요']","['편리한 상권', '쇼핑몰', '공원', '학원가 근처']","['2호선', '7호선']"
44292888,1,0,0,0,"['지하철역', '세탁소', '카페', '약국', '대형마트', '편의점', '버스정류장']","['쿠팡', 'SSG', '마켓컬리', '배달의 민족', '요기요']","['역세권', '대학 근처', '편리한 상권', '학원가 근처']","['1호선', '6호선']"
44293112,0,0,0,0,"['지하철역', '세탁소', '카페', '약국', '대형마트', '편의점', '버스정류장']","['쿠팡', 'SSG', '마켓컬리', '배달의 민족', '요기요']","['역세권', '편리한 상권', '공원', '산 근처', '학원가 근처']",['7호선']
44293190,1,0,0,0,"['지하철역', '세탁소', '카페', '약국', '대형마트', '편의점', '버스정류장']","['쿠팡', 'SSG', '마켓컬리', '배달의 민족', '요기요']","['편리한 상권', '공원', '학원가 근처']","['중앙선', '경춘선', '7호선']"
44293220,1,0,0,0,"['지하철역', '세탁소', '카페', '약국', '대형마트', '편의점', '버스정류장']","['쿠팡', 'SSG', '마켓컬리', '배달의 민족', '요기요']","['역세권', '편리한 상권', '쇼핑몰', '공원', '학원가 근처']","['6호선', '7호선']"
44293228,0,0,0,0,"['지하철역', '세탁소', '카페', '약국', '대형마트', '편의점', '버스정류장']","['쿠팡', 'SSG', '마켓컬리', '배달의 민족', '요기요']","['역세권', '편리한 상권', '공원', '학원가 근처']","['중앙선', '경춘선', '7호선']"
44293247,0,0,0,0,"['지하철역', '세탁소', '카페', '약국', '대형마트', '편의점', '버스정류장']","['쿠팡', 'SSG', '마켓컬리', '배달의 민족', '요기요']","['더블 역세권', '편리한 상권', '공원', '학원가 근처']","['중앙선', '경춘선', '7호선']"
44293413,0,0,0,0,"['지하철역', '세탁소', '카페', '약국', '대형마트', '편의점', '버스정류장']","['쿠팡', 'SSG', '마켓컬리', '배달의 민족', '요기요']","['더블 역세권', '편리한 상권', '공원', '학원가 근처']","['중앙선', '경춘선', '7호선']"
44293497,0,0,0,0,"['지하철역', '세탁소', '카페', '약국', '대형마트', '편의점', '버스정류장']","['쿠팡', 'SSG', '마켓컬리', '배달의 민족', '요기요']","['역세권', '편리한 상권', '쇼핑몰', '공원', '산 근처', '학원가 근처']","['5호선', '7호선']"
44293514,1,0,0,0,"['지하철역', '세탁소', '카페', '약국', '대형마트', '편의점', '버스정류장']","['쿠팡', 'SSG', '마켓컬리', '배달의 민족', '요기요']","['역세권', '대학 근처', '편리한 상권', '공원', '학원가 근처']","['2호선', '7호선']"
44293523,1,0,0,0,"['지하철역', '세탁소', '카페', '약국', '대형마트', '편의점', '버스정류장']","['쿠팡', 'SSG', '마켓컬리', '배달의 민족', '요기요']","['역세권', '편리한 상권', '쇼핑몰', '공원', '산 근처', '학원가 근처']","['5호선', '7호선']"
44293655,1,0,0,0,"['지하철역', '세탁소', '카페', '약국', '대형마트', '편의점', '버스정류장']","['쿠팡', 'SSG', '마켓컬리', '배달의 민족', '요기요']","['대학 근처', '편리한 상권', '공원', '학원가 근처']","['1호선', '4호선']"
44293680,0,0,0,0,"['지하철역', '세탁소', '카페', '약국', '대형마트', '편의점', '버스정류장']","['쿠팡', 'SSG', '마켓컬리', '배달의 민족', '요기요']","['역세권', '편리한 상권', '쇼핑몰', '공원', '산 근처', '학원가 근처']","['5호선', '7호선']"
44293686,1,0,0,0,"['지하철역', '세탁소', '카페', '약국', '대형마트', '편의점', '버스정류장']","['쿠팡', 'SSG', '마켓컬리', '배달의 민족', '요기요']","['역세권', '편리한 상권', '공원', '산 근처', '학원가 근처']","['중앙선', '경춘선', '7호선']"
44293760,1,0,0,0,"['지하철역', '세탁소', '카페', '약국', '대형마트', '편의점', '버스정류장']","['쿠팡', 'SSG', '마켓컬리', '배달의 민족', '요기요']","['역세권', '편리한 상권', '공원', '학원가 근처']","['중앙선', '경춘선', '7호선']"
44293786,1,0,0,0,"['지하철역', '세탁소', '카페', '약국', '대형마트', '편의점', '버스정류장']","['쿠팡', 'SSG', '마켓컬리', '배달의 민족', '요기요']","['역세권', '편리한 상권', '공원', '산 근처', '학원가 근처']","['5호선', '7호선']"
44293792,1,0,0,0,"['지하철역', '세탁소', '카페', '약국', '대형마트', '편의점', '버스정류장']","['쿠팡', 'SSG', '마켓컬리', '배달의 민족', '요기요']","['역세권', '편리한 상권', '공원', '학원가 근처']","['2호선', '6호선', '5호선']"
44293797,1,0,0,0,"['지하철역', '세탁소', '카페', '약국', '대형마트', '편의점', '버스정류장']","['쿠팡', 'SSG', '마켓컬리', '배달의 민족', '요기요']","['역세권', '편리한 상권', '쇼핑몰', '공원', '학원가 근처']",['7호선']
44293810,1,0,0,0,"['지하철역', '세탁소', '카페', '약국', '대형마트', '편의점', '버스정류장']","['쿠팡', 'SSG', '마켓컬리', '배달의 민족', '요기요']","['편리한 상권', '쇼핑몰', '공원', '학원가 근처']","['2호선', '7호선']"
44293823,1,0,0,0,"['지하철역', '세탁소', '카페', '약국', '대형마트', '편의점', '버스정류장']","['쿠팡', 'SSG', '마켓컬리', '배달의 민족', '요기요']","['역세권', '대학 근처', '편리한 상권', '공원', '학원가 근처']",['6호선']
44293911,1,0,0,0,"['지하철역', '세탁소', '카페', '약국', '대형마트', '편의점', '버스정류장']","['쿠팡', 'SSG', '마켓컬리', '배달의 민족', '요기요']","['편리한 상권', '쇼핑몰', '공원', '학원가 근처']","['2호선', '7호선']"
44293916,1,0,0,0,"['지하철역', '세탁소', '카페', '약국', '대형마트', '편의점', '버스정류장']","['쿠팡', 'SSG', '마켓컬리', '배달의 민족', '요기요']","['더블 역세권', '편리한 상권', '공원', '산 근처', '학원가 근처']",['7호선']
44294033,1,0,0,0,"['지하철역', '세탁소', '카페', '약국', '대형마트', '편의점', '버스정류장']","['쿠팡', 'SSG', '마켓컬리', '배달의 민족', '요기요']","['역세권', '편리한 상권', '공원', '학원가 근처']","['중앙선', '경춘선', '7호선']"
44294048,1,0,0,0,"['지하철역', '세탁소', '카페', '약국', '대형마트', '편의점', '버스정류장']","['쿠팡', 'SSG', '마켓컬리', '배달의 민족', '요기요']","['편리한 상권', '공원', '학원가 근처']","['중앙선', '경춘선', '7호선']"
44294107,0,0,0,0,"['지하철역', '세탁소', '카페', '약국', '대형마트', '편의점', '버스정류장']","['쿠팡', 'SSG', '마켓컬리', '배달의 민족', '요기요']","['역세권', '대학 근처', '편리한 상권', '쇼핑몰', '공원', '학원가 근처']","['4호선', '6호선']"
44294117,1,0,0,0,"['지하철역', '세탁소', '카페', '약국', '대형마트', '편의점', '버스정류장']","['쿠팡', 'SSG', '마켓컬리', '배달의 민족', '요기요']","['편리한 상권', '쇼핑몰', '공원', '학원가 근처']","['2호선', '7호선']"
44294200,1,0,0,0,"['지하철역', '세탁소', '카페', '약국', '대형마트', '편의점', '버스정류장']","['쿠팡', 'SSG', '마켓컬리', '배달의 민족', '요기요']","['역세권', '대학 근처', '편리한 상권', '공원', '학원가 근처']","['2호선', '7호선']"
44294261,1,0,0,0,"['지하철역', '세탁소', '카페', '약국', '대형마트', '편의점', '버스정류장']","['쿠팡', 'SSG', '마켓컬리', '배달의 민족', '요기요']","['편리한 상권', '쇼핑몰', '공원', '산 근처', '학원가 근처']","['5호선', '7호선']"
44294270,1,0,0,0,"['지하철역', '세탁소', '카페', '약국', '대형마트', '편의점', '버스정류장']","['쿠팡', 'SSG', '마켓컬리', '배달의 민족', '요기요']","['역세권', '편리한 상권', '공원', '학원가 근처']","['중앙선', '경춘선', '7호선']"
44294451,1,0,0,0,"['지하철역', '세탁소', '카페', '약국', '대형마트', '편의점', '버스정류장']","['쿠팡', 'SSG', '마켓컬리', '배달의 민족', '요기요']","['편리한 상권', '공원', '학원가 근처']",['2호선']
44294540,1,0,0,0,"['지하철역', '세탁소', '카페', '약국', '대형마트', '편의점', '버스정류장']","['쿠팡', 'SSG', '마켓컬리', '배달의 민족', '요기요']","['역세권', '대학 근처', '편리한 상권', '공원', '학원가 근처']","['2호선', '7호선']"
44294613,1,0,0,0,"['지하철역', '세탁소', '카페', '약국', '대형마트', '편의점', '버스정류장']","['쿠팡', 'SSG', '마켓컬리', '배달의 민족', '요기요']","['역세권', '편리한 상권', '쇼핑몰', '공원', '학원가 근처']","['2호선', '5호선']"
44294716,1,0,0,0,"['지하철역', '세탁소', '카페', '약국', '대형마트', '편의점', '버스정류장']","['쿠팡', 'SSG', '마켓컬리', '배달의 민족', '요기요']","['역세권', '편리한 상권', '공원', '학원가 근처']","['2호선', '5호선']"
44295045,1,0,0,0,"['지하철역', '세탁소', '카페', '약국', '대형마트', '편의점', '버스정류장']","['쿠팡', 'SSG', '마켓컬리', '배달의 민족', '요기요']","['편리한 상권', '공원', '산 근처', '학원가 근처']",['7호선']
44295175,1,0,0,0,"['지하철역', '세탁소', '카페', '약국', '대형마트', '편의점', '버스정류장']","['쿠팡', 'SSG', '마켓컬리', '배달의 민족', '요기요']","['역세권', '편리한 상권', '쇼핑몰', '공원', '산 근처', '학원가 근처']",['7호선']
44295428,1,0,0,0,"['지하철역', '세탁소', '카페', '약국', '대형마트', '편의점', '버스정류장']","['쿠팡', 'SSG', '마켓컬리', '배달의 민족', '요기요']","['편리한 상권', '쇼핑몰', '공원', '학원가 근처']","['5호선', '7호선']"
44295540,1,0,0,0,"['지하철역', '세탁소', '카페', '약국', '대형마트', '편의점', '버스정류장']","['쿠팡', 'SSG', '마켓컬리', '배달의 민족', '요기요']","['역세권', '편리한 상권', '공원', '학원가 근처']","['중앙선', '경춘선', '7호선']"
44295541,1,0,0,0,"['지하철역', '세탁소', '카페', '약국', '대형마트', '편의점', '버스정류장']","['쿠팡', 'SSG', '마켓컬리', '배달의 민족', '요기요']","['역세권', '편리한 상권', '공원', '학원가 근처']","['중앙선', '경춘선', '7호선']"
44295545,1,0,0,0,"['지하철역', '세탁소', '카페', '약국', '대형마트', '편의점', '버스정류장']","['쿠팡', 'SSG', '마켓컬리', '배달의 민족', '요기요']","['역세권', '편리한 상권', '공원', '학원가 근처']","['중앙선', '경춘선', '7호선']"
44295546,1,0,0,0,"['지하철역', '세탁소', '카페', '약국', '대형마트', '편의점', '버스정류장']","['쿠팡', 'SSG', '마켓컬리', '배달의 민족', '요기요']","['역세권', '편리한 상권', '공원', '학원가 근처']","['중앙선', '경춘선', '7호선']"
44295548,1,0,0,0,"['지하철역', '세탁소', '카페', '약국', '대형마트', '편의점', '버스정류장']","['쿠팡', 'SSG', '마켓컬리', '배달의 민족', '요기요']","['역세권', '편리한 상권', '공원', '학원가 근처']","['중앙선', '경춘선', '7호선']"
44295583,1,0,0,0,"['지하철역', '세탁소', '카페', '약국', '대형마트', '편의점', '버스정류장']","['쿠팡', 'SSG', '마켓컬리', '배달의 민족', '요기요']","['역세권', '편리한 상권', '공원', '학원가 근처']","['1호선', '중앙선', '경춘선']"
44295678,1,0,0,0,"['지하철역', '세탁소', '카페', '약국', '대형마트', '편의점', '버스정류장']","['쿠팡', 'SSG', '마켓컬리', '배달의 민족', '요기요']","['더블 역세권', '편리한 상권', '쇼핑몰', '공원', '학원가 근처']","['6호선', '7호선']"
44295778,1,0,0,0,"['지하철역', '세탁소', '카페', '약국', '대형마트', '편의점', '버스정류장']","['쿠팡', 'SSG', '마켓컬리', '배달의 민족', '요기요']","['역세권', '편리한 상권', '공원', '학원가 근처']","['중앙선', '2호선', '수인분당선']"
44295895,1,0,0,0,"['지하철역', '세탁소', '카페', '약국', '대형마트', '편의점', '버스정류장']","['쿠팡', 'SSG', '마켓컬리', '배달의 민족', '요기요']","['편리한 상권', '공원', '학원가 근처']","['4호선', '6호선']"
44295896,0,0,0,0,"['지하철역', '세탁소', '카페', '약국', '대형마트', '편의점', '버스정류장']","['쿠팡', 'SSG', '마켓컬리', '배달의 민족', '요기요']","['역세권', '대학 근처', '편리한 상권', '공원', '학원가 근처']","['우이신설경전철', '6호선']"
44296459,1,0,0,0,"['지하철역', '세탁소', '카페', '약국', '대형마트', '편의점', '버스정류장']","['쿠팡', 'SSG', '마켓컬리', '배달의 민족', '요기요']","['편리한 상권', '공원', '학원가 근처']","['중앙선', '경춘선', '7호선']"
44296586,1,0,0,0,"['지하철역', '세탁소', '카페', '약국', '대형마트', '편의점', '버스정류장']","['쿠팡', 'SSG', '마켓컬리', '배달의 민족', '요기요']","['역세권', '편리한 상권', '공원', '학원가 근처']","['2호선', '6호선', '5호선']"
44296779,1,0,0,0,"['지하철역', '세탁소', '카페', '약국', '대형마트', '편의점', '버스정류장']","['쿠팡', 'SSG', '마켓컬리', '배달의 민족', '요기요']","['편리한 상권', '공원', '학원가 근처']",['6호선']
44297033,1,0,0,0,"['지하철역', '세탁소', '카페', '약국', '대형마트', '편의점', '버스정류장']","['쿠팡', 'SSG', '마켓컬리', '배달의 민족', '요기요']","['역세권', '대학 근처', '편리한 상권', '학원가 근처']","['1호선', '6호선']"
44297058,0,0,0,0,"['지하철역', '세탁소', '카페', '약국', '대형마트', '편의점', '버스정류장']","['쿠팡', 'SSG', '마켓컬리', '배달의 민족', '요기요']","['편리한 상권', '쇼핑몰', '공원', '학원가 근처']","['2호선', '7호선']"
44297219,1,0,0,0,"['지하철역', '세탁소', '카페', '약국', '대형마트', '편의점', '버스정류장']","['쿠팡', 'SSG', '마켓컬리', '배달의 민족', '요기요']","['역세권', '편리한 상권', '쇼핑몰', '공원', '산 근처', '학원가 근처']",['7호선']
44297434,1,0,0,0,"['지하철역', '세탁소', '카페', '약국', '대형마트', '편의점', '버스정류장']","['쿠팡', 'SSG', '마켓컬리', '배달의 민족', '요기요']","['역세권', '편리한 상권', '공원', '학원가 근처']","['중앙선', '경춘선', '7호선']"
44297453,1,0,0,0,"['지하철역', '세탁소', '카페', '약국', '대형마트', '편의점', '버스정류장']","['쿠팡', 'SSG', '마켓컬리', '배달의 민족', '요기요']","['역세권', '대학 근처', '편리한 상권', '공원', '학원가 근처']","['5호선', '7호선']"
44297601,0,0,0,0,"['지하철역', '세탁소', '카페', '약국', '대형마트', '편의점', '버스정류장']","['쿠팡', 'SSG', '마켓컬리', '배달의 민족', '요기요']","['역세권', '대학 근처', '편리한 상권', '공원', '학원가 근처']","['4호선', '우이신설경전철', '6호선']"
44297792,1,0,0,0,"['지하철역', '세탁소', '카페', '약국', '대형마트', '편의점', '버스정류장']","['쿠팡', 'SSG', '마켓컬리', '배달의 민족', '요기요']","['역세권', '편리한 상권', '쇼핑몰', '공원', '학원가 근처']","['2호선', '5호선']"
44297805,0,0,0,0,"['지하철역', '세탁소', '카페', '약국', '대형마트', '편의점', '버스정류장']","['쿠팡', 'SSG', '마켓컬리', '배달의 민족', '요기요']","['역세권', '대학 근처', '편리한 상권', '공원', '학원가 근처']","['2호선', '5호선', '7호선']"
44297935,0,0,0,0,"['지하철역', '세탁소', '카페', '약국', '대형마트', '편의점', '버스정류장']","['쿠팡', 'SSG', '마켓컬리', '배달의 민족', '요기요']","['역세권', '편리한 상권', '공원', '학원가 근처']","['중앙선', '경춘선', '7호선']"
44298065,0,0,0,0,"['지하철역', '세탁소', '카페', '약국', '대형마트', '편의점', '버스정류장']","['쿠팡', 'SSG', '마켓컬리', '배달의 민족', '요기요']","['역세권', '대학 근처', '편리한 상권', '공원', '학원가 근처']","['우이신설경전철', '4호선']"
44298455,1,0,0,0,"['지하철역', '세탁소', '카페', '약국', '대형마트', '편의점', '버스정류장']","['쿠팡', 'SSG', '마켓컬리', '배달의 민족', '요기요']","['역세권', '편리한 상권', '쇼핑몰', '공원', '학원가 근처']","['4호선', '6호선']"
44298605,0,0,0,0,"['지하철역', '세탁소', '카페', '약국', '대형마트', '편의점', '버스정류장']","['쿠팡', 'SSG', '마켓컬리', '배달의 민족', '요기요']","['역세권', '편리한 상권', '쇼핑몰', '공원', '학원가 근처']","['1호선', '우이신설경전철', '2호선', '6호선']"
44298654,1,0,0,0,"['지하철역', '세탁소', '카페', '약국', '대형마트', '편의점', '버스정류장']","['쿠팡', 'SSG', '마켓컬리', '배달의 민족', '요기요']","['역세권', '편리한 상권', '쇼핑몰', '공원', '학원가 근처']","['6호선', '7호선']"
44298711,0,0,0,0,"['지하철역', '세탁소', '카페', '약국', '대형마트', '편의점', '버스정류장']","['쿠팡', 'SSG', '마켓컬리', '배달의 민족', '요기요']","['역세권', '편리한 상권', '공원', '산 근처', '학원가 근처']","['4호선', '우이신설경전철', '6호선']"
44298722,1,0,0,0,"['지하철역', '세탁소', '카페', '약국', '대형마트', '편의점', '버스정류장']","['쿠팡', 'SSG', '마켓컬리', '배달의 민족', '요기요']","['역세권', '대학 근처', '편리한 상권', '공원', '학원가 근처']","['5호선', '7호선']"
44298733,0,0,0,0,"['지하철역', '세탁소', '카페', '약국', '대형마트', '편의점', '버스정류장']","['쿠팡', 'SSG', '마켓컬리', '배달의 민족', '요기요']","['역세권', '대학 근처', '편리한 상권', '공원', '학원가 근처']","['우이신설경전철', '6호선']"
44299003,1,1,0,1,"['지하철역', '세탁소', '카페', '약국', '대형마트', '편의점', '버스정류장']","['쿠팡', 'SSG', '마켓컬리', '배달의 민족', '요기요']","['역세권', '편리한 상권', '공원', '산 근처', '학원가 근처']","['중앙선', '경춘선', '7호선']"
44299067,1,1,0,1,"['지하철역', '세탁소', '카페', '약국', '대형마트', '편의점', '버스정류장']","['쿠팡', 'SSG', '마켓컬리', '배달의 민족', '요기요']","['역세권', '편리한 상권', '공원', '학원가 근처']","['중앙선', '경춘선', '7호선']"
44299071,0,0,0,0,"['지하철역', '세탁소', '카페', '약국', '대형마트', '편의점', '버스정류장']","['쿠팡', 'SSG', '마켓컬리', '배달의 민족', '요기요']","['역세권', '편리한 상권', '쇼핑몰', '공원', '학원가 근처']","['1호선', '2호선', '6호선']"
44299166,0,0,0,0,"['지하철역', '세탁소', '카페', '약국', '대형마트', '편의점', '버스정류장']","['쿠팡', 'SSG', '마켓컬리', '배달의 민족', '요기요']","['역세권', '편리한 상권', '공원', '산 근처', '학원가 근처']",['7호선']
44299246,1,0,0,0,"['지하철역', '세탁소', '카페', '약국', '대형마트', '편의점', '버스정류장']","['쿠팡', 'SSG', '마켓컬리', '배달의 민족', '요기요']","['역세권', '대학 근처', '편리한 상권', '공원', '학원가 근처']","['2호선', '7호선']"
44299292,0,0,0,0,"['지하철역', '세탁소', '카페', '약국', '대형마트', '편의점', '버스정류장']","['쿠팡', 'SSG', '마켓컬리', '배달의 민족', '요기요']","['역세권', '편리한 상권', '쇼핑몰', '공원', '산 근처', '학원가 근처']",['7호선']
44299295,0,0,0,0,"['지하철역', '세탁소', '카페', '약국', '대형마트', '편의점', '버스정류장']","['쿠팡', 'SSG', '마켓컬리', '배달의 민족', '요기요']","['역세권', '편리한 상권', '공원', '학원가 근처']","['1호선', '우이신설경전철', '2호선']"
44299315,0,0,0,0,"['지하철역', '세탁소', '카페', '약국', '대형마트', '편의점', '버스정류장']","['쿠팡', 'SSG', '마켓컬리', '배달의 민족', '요기요']","['편리한 상권', '쇼핑몰', '공원', '학원가 근처']","['2호선', '7호선']"
44299378,1,0,0,0,"['지하철역', '세탁소', '카페', '약국', '대형마트', '편의점', '버스정류장']","['쿠팡', 'SSG', '마켓컬리', '배달의 민족', '요기요']","['편리한 상권', '공원', '학원가 근처']","['2호선', '7호선']"
44299386,0,0,0,0,"['지하철역', '세탁소', '카페', '약국', '대형마트', '편의점', '버스정류장']","['쿠팡', 'SSG', '마켓컬리', '배달의 민족', '요기요']","['역세권', '편리한 상권', '학원가 근처']","['1호선', '6호선']"
44299405,0,0,0,0,"['지하철역', '세탁소', '카페', '약국', '대형마트', '편의점', '버스정류장']","['쿠팡', 'SSG', '마켓컬리', '배달의 민족', '요기요']","['대학 근처', '편리한 상권', '공원', '학원가 근처']","['4호선', '우이신설경전철', '6호선']"
44299406,0,0,0,0,"['지하철역', '세탁소', '카페', '약국', '대형마트', '편의점', '버스정류장']","['쿠팡', 'SSG', '마켓컬리', '배달의 민족', '요기요']","['대학 근처', '편리한 상권', '공원', '학원가 근처']","['1호선', '6호선']"
44299458,1,0,0,0,"['지하철역', '세탁소', '카페', '약국', '대형마트', '편의점', '버스정류장']","['쿠팡', 'SSG', '마켓컬리', '배달의 민족', '요기요']","['편리한 상권', '공원', '학원가 근처']","['4호선', '6호선']"
44299478,0,0,0,0,"['지하철역', '세탁소', '카페', '약국', '대형마트', '편의점', '버스정류장']","['쿠팡', 'SSG', '마켓컬리', '배달의 민족', '요기요']","['대학 근처', '편리한 상권', '공원', '학원가 근처']","['1호선', '우이신설경전철', '6호선', '2호선']"
44299553,1,0,0,0,"['지하철역', '세탁소', '카페', '약국', '대형마트', '편의점', '버스정류장']",[],[],"['6호선', '7호선']"
44299599,0,0,0,0,"['지하철역', '세탁소', '카페', '약국', '대형마트', '편의점', '버스정류장']","['쿠팡', 'SSG', '마켓컬리', '배달의 민족', '요기요']","['역세권', '편리한 상권', '공원', '학원가 근처']","['1호선', '2호선', '6호선']"
44299792,1,0,0,0,"['지하철역', '세탁소', '카페', '약국', '대형마트', '편의점', '버스정류장']","['쿠팡', 'SSG', '마켓컬리', '배달의 민족', '요기요']","['편리한 상권', '공원', '학원가 근처']","['2호선', '7호선']"
44299847,1,0,0,1,"['지하철역', '세탁소', '카페', '약국', '대형마트', '편의점', '버스정류장']","['쿠팡', 'SSG', '마켓컬리', '배달의 민족', '요기요']","['역세권', '편리한 상권', '공원', '학원가 근처']","['5호선', '7호선']"
44299863,0,0,0,0,"['지하철역', '세탁소', '카페', '약국', '대형마트', '편의점', '버스정류장']","['쿠팡', 'SSG', '마켓컬리', '배달의 민족', '요기요']","['편리한 상권', '공원', '학원가 근처']","['2호선', '7호선']"
44299900,0,0,0,0,"['지하철역', '세탁소', '카페', '약국', '대형마트', '편의점', '버스정류장']","['쿠팡', 'SSG', '마켓컬리', '배달의 민족', '요기요']","['역세권', '편리한 상권', '공원', '학원가 근처']","['중앙선', '2호선', '5호선', '수인분당선']"
44299916,1,0,0,0,"['지하철역', '세탁소', '카페', '약국', '대형마트', '편의점', '버스정류장']","['쿠팡', 'SSG', '마켓컬리', '배달의 민족', '요기요']","['역세권', '대학 근처', '편리한 상권', '학원가 근처']","['1호선', '6호선']"
44299927,0,0,0,0,"['지하철역', '세탁소', '카페', '약국', '대형마트', '편의점', '버스정류장']","['쿠팡', 'SSG', '마켓컬리', '배달의 민족', '요기요']","['역세권', '대학 근처', '편리한 상권', '공원', '학원가 근처']","['2호선', '7호선']"
44299936,0,0,0,0,"['지하철역', '세탁소', '카페', '약국', '대형마트', '편의점', '버스정류장']","['쿠팡', 'SSG', '마켓컬리', '배달의 민족', '요기요']","['역세권', '대학 근처', '편리한 상권', '공원', '학원가 근처']","['1호선', '우이신설경전철', '2호선', '6호선']"
44299969,0,0,0,0,"['지하철역', '세탁소', '카페', '약국', '대형마트', '편의점', '버스정류장']","['쿠팡', 'SSG', '마켓컬리', '배달의 민족', '요기요']","['역세권', '편리한 상권', '공원', '학원가 근처']","['중앙선', '2호선', '5호선', '수인분당선']"
44300162,1,0,0,0,"['지하철역', '세탁소', '카페', '약국', '대형마트', '편의점', '버스정류장']","['쿠팡', 'SSG', '마켓컬리', '배달의 민족', '요기요']","['편리한 상권', '쇼핑몰', '공원', '학원가 근처']","['2호선', '7호선']"
44300173,0,0,0,0,"['지하철역', '세탁소', '카페', '약국', '대형마트', '편의점', '버스정류장']","['쿠팡', 'SSG', '마켓컬리', '배달의 민족', '요기요']","['대학 근처', '편리한 상권', '공원', '학원가 근처']","['2호선', '5호선', '7호선']"
44300183,1,0,0,0,"['지하철역', '세탁소', '카페', '약국', '대형마트', '편의점', '버스정류장']","['쿠팡', 'SSG', '마켓컬리', '배달의 민족', '요기요']","['역세권', '대학 근처', '편리한 상권', '학원가 근처']","['1호선', '6호선']"
44300187,0,0,0,0,"['지하철역', '세탁소', '카페', '약국', '대형마트', '편의점', '버스정류장']","['쿠팡', 'SSG', '마켓컬리', '배달의 민족', '요기요']","['역세권', '대학 근처', '편리한 상권', '쇼핑몰', '학원가 근처']","['1호선', '6호선']"
44300314,1,0,0,0,"['지하철역', '세탁소', '카페', '약국', '대형마트', '편의점', '버스정류장']","['쿠팡', 'SSG', '마켓컬리', '배달의 민족', '요기요']","['역세권', '대학 근처', '편리한 상권', '공원', '학원가 근처']","['2호선', '5호선', '7호선']"
44300318,1,0,0,0,"['지하철역', '세탁소', '카페', '약국', '대형마트', '편의점', '버스정류장']","['쿠팡', 'SSG', '마켓컬리', '배달의 민족', '요기요']","['편리한 상권', '공원', '산 근처', '학원가 근처']","['5호선', '7호선']"
44300361,1,0,0,0,"['지하철역', '세탁소', '카페', '약국', '대형마트', '편의점', '버스정류장']","['쿠팡', 'SSG', '마켓컬리', '배달의 민족', '요기요']","['역세권', '편리한 상권', '공원', '학원가 근처']","['중앙선', '경춘선', '7호선']"
44300438,0,0,0,0,"['지하철역', '세탁소', '카페', '약국', '대형마트', '편의점', '버스정류장']","['쿠팡', 'SSG', '마켓컬리', '배달의 민족', '요기요']","['역세권', '대학 근처', '편리한 상권', '공원', '학원가 근처']","['1호선', '6호선']"
44300488,0,0,0,0,"['지하철역', '세탁소', '카페', '약국', '대형마트', '편의점', '버스정류장']","['쿠팡', 'SSG', '마켓컬리', '배달의 민족', '요기요']","['편리한 상권', '공원', '산 근처', '학원가 근처']",['7호선']
44300562,1,0,0,0,"['지하철역', '세탁소', '카페', '약국', '대형마트', '편의점', '버스정류장']","['쿠팡', 'SSG', '마켓컬리', '배달의 민족', '요기요']","['편리한 상권', '쇼핑몰', '공원', '학원가 근처']",['5호선']
44300731,0,0,0,0,"['지하철역', '세탁소', '카페', '약국', '대형마트', '편의점', '버스정류장']","['쿠팡', 'SSG', '마켓컬리', '배달의 민족', '요기요']","['역세권', '대학 근처', '편리한 상권', '공원', '학원가 근처']","['2호선', '7호선']"
44300765,0,0,0,0,"['지하철역', '세탁소', '카페', '약국', '대형마트', '편의점', '버스정류장']","['쿠팡', 'SSG', '마켓컬리', '배달의 민족', '요기요']","['역세권', '대학 근처', '편리한 상권', '쇼핑몰', '학원가 근처']","['1호선', '6호선']"
44300770,0,0,0,0,"['지하철역', '세탁소', '카페', '약국', '대형마트', '편의점', '버스정류장']","['쿠팡', 'SSG', '마켓컬리', '배달의 민족', '요기요']","['역세권', '대학 근처', '편리한 상권', '공원', '학원가 근처']","['2호선', '7호선']"
44300786,1,0,0,0,"['지하철역', '세탁소', '카페', '약국', '대형마트', '편의점', '버스정류장']","['쿠팡', 'SSG', '마켓컬리', '배달의 민족', '요기요']","['역세권', '대학 근처', '편리한 상권', '공원', '학원가 근처']","['5호선', '7호선']"
44300811,1,0,0,0,"['지하철역', '세탁소', '카페', '약국', '대형마트', '편의점', '버스정류장']","['쿠팡', 'SSG', '마켓컬리', '배달의 민족', '요기요']","['대학 근처', '편리한 상권', '학원가 근처']","['1호선', '6호선']"
44300947,1,0,0,0,"['지하철역', '세탁소', '카페', '약국', '대형마트', '편의점', '버스정류장']","['쿠팡', 'SSG', '마켓컬리', '배달의 민족', '요기요']","['역세권', '대학 근처', '편리한 상권', '공원', '학원가 근처']","['5호선', '7호선']"
44301285,0,0,0,0,"['지하철역', '세탁소', '카페', '약국', '대형마트', '편의점', '버스정류장']","['쿠팡', 'SSG', '마켓컬리', '배달의 민족', '요기요']","['역세권', '편리한 상권', '쇼핑몰', '공원', '산 근처', '학원가 근처']",['7호선']
44301715,1,0,0,0,"['지하철역', '세탁소', '카페', '약국', '대형마트', '편의점', '버스정류장']","['쿠팡', 'SSG', '마켓컬리', '배달의 민족', '요기요']","['역세권', '편리한 상권', '쇼핑몰', '공원', '산 근처', '학원가 근처']","['중앙선', '경춘선', '7호선']"
44301878,1,0,0,0,"['지하철역', '세탁소', '카페', '약국', '대형마트', '편의점', '버스정류장']","['쿠팡', 'SSG', '마켓컬리', '배달의 민족', '요기요']","['역세권', '편리한 상권', '공원', '학원가 근처']","['중앙선', '경춘선', '7호선']"
44301899,1,0,0,1,"['지하철역', '세탁소', '카페', '약국', '대형마트', '편의점', '버스정류장']","['쿠팡', 'SSG', '마켓컬리', '배달의 민족', '요기요']","['역세권', '편리한 상권', '공원', '학원가 근처']","['1호선', '중앙선', '경춘선']"
44301916,1,0,0,0,"['지하철역', '세탁소', '카페', '약국', '대형마트', '편의점', '버스정류장']","['쿠팡', 'SSG', '마켓컬리', '배달의 민족', '요기요']","['역세권', '대학 근처', '편리한 상권', '공원', '학원가 근처']",['6호선']
44301927,0,0,0,0,"['지하철역', '세탁소', '카페', '약국', '대형마트', '편의점', '버스정류장']","['쿠팡', 'SSG', '마켓컬리', '배달의 민족', '요기요']","['대학 근처', '편리한 상권', '공원', '학원가 근처']","['1호선', '중앙선', '경춘선']"
44301989,1,0,0,0,"['지하철역', '세탁소', '카페', '약국', '대형마트', '편의점', '버스정류장']","['쿠팡', 'SSG', '마켓컬리', '배달의 민족', '요기요']","['역세권', '편리한 상권', '공원', '산 근처', '학원가 근처']",['7호선']
44302066,0,0,0,0,"['지하철역', '세탁소', '카페', '약국', '대형마트', '편의점', '버스정류장']","['쿠팡', 'SSG', '마켓컬리', '배달의 민족', '요기요']","['역세권', '대학 근처', '편리한 상권', '쇼핑몰', '공원', '학원가 근처']","['4호선', '6호선']"
44302112,0,0,0,0,"['지하철역', '세탁소', '카페', '약국', '대형마트', '편의점', '버스정류장']","['쿠팡', 'SSG', '마켓컬리', '배달의 민족', '요기요']","['편리한 상권', '쇼핑몰', '공원', '학원가 근처']","['2호선', '7호선']"
44302164,0,0,0,0,"['지하철역', '세탁소', '카페', '약국', '대형마트', '편의점', '버스정류장']","['쿠팡', 'SSG', '마켓컬리', '배달의 민족', '요기요']","['더블 역세권', '편리한 상권', '쇼핑몰', '공원', '학원가 근처']","['중앙선', '2호선', '5호선', '수인분당선']"
44302167,0,0,0,0,"['지하철역', '세탁소', '카페', '약국', '대형마트', '편의점', '버스정류장']","['쿠팡', 'SSG', '마켓컬리', '배달의 민족', '요기요']","['역세권', '대학 근처', '편리한 상권', '공원', '학원가 근처']","['5호선', '7호선']"
44302275,0,0,0,0,"['지하철역', '세탁소', '카페', '약국', '대형마트', '편의점', '버스정류장']","['쿠팡', 'SSG', '마켓컬리', '배달의 민족', '요기요']","['역세권', '대학 근처', '편리한 상권', '공원', '학원가 근처']","['1호선', '중앙선', '경춘선']"
44302290,0,0,0,0,"['지하철역', '세탁소', '카페', '약국', '대형마트', '편의점', '버스정류장']","['쿠팡', 'SSG', '마켓컬리', '배달의 민족', '요기요']","['역세권', '편리한 상권', '공원', '학원가 근처']","['중앙선', '경춘선', '7호선']"
44302323,0,0,0,0,"['지하철역', '세탁소', '카페', '약국', '대형마트', '편의점', '버스정류장']","['쿠팡', 'SSG', '마켓컬리', '배달의 민족', '요기요']","['대학 근처', '편리한 상권', '공원', '학원가 근처']","['1호선', '중앙선', '경춘선']"
44302346,1,0,0,0,"['지하철역', '세탁소', '카페', '약국', '대형마트', '편의점', '버스정류장']","['쿠팡', 'SSG', '마켓컬리', '배달의 민족', '요기요']","['역세권', '편리한 상권', '공원', '산 근처', '학원가 근처']","['5호선', '7호선']"
44302696,0,0,0,0,"['지하철역', '세탁소', '카페', '약국', '대형마트', '편의점', '버스정류장']","['쿠팡', 'SSG', '마켓컬리', '배달의 민족', '요기요']","['역세권', '편리한 상권', '쇼핑몰', '공원', '산 근처', '학원가 근처']",['7호선']
44302827,0,0,0,0,"['지하철역', '세탁소', '카페', '약국', '대형마트', '편의점', '버스정류장']","['쿠팡', 'SSG', '마켓컬리', '배달의 민족', '요기요']","['역세권', '대학 근처', '편리한 상권', '공원', '학원가 근처']","['1호선', '중앙선', '경춘선']"
44302837,1,0,0,0,"['지하철역', '세탁소', '카페', '약국', '대형마트', '편의점', '버스정류장']","['쿠팡', 'SSG', '마켓컬리', '배달의 민족', '요기요']","['역세권', '편리한 상권', '쇼핑몰', '공원', '산 근처', '학원가 근처']","['5호선', '7호선']"
44302862,1,0,0,0,"['지하철역', '세탁소', '카페', '약국', '대형마트', '편의점', '버스정류장']","['쿠팡', 'SSG', '마켓컬리', '배달의 민족', '요기요']","['역세권', '대학 근처', '편리한 상권', '공원', '학원가 근처']","['2호선', '7호선']"
44302875,0,0,0,0,"['지하철역', '세탁소', '카페', '약국', '대형마트', '편의점', '버스정류장']","['쿠팡', 'SSG', '마켓컬리', '배달의 민족', '요기요']","['역세권', '편리한 상권', '쇼핑몰', '공원', '산 근처', '학원가 근처']","['5호선', '7호선']"
44302969,1,0,0,0,"['지하철역', '세탁소', '카페', '약국', '대형마트', '편의점', '버스정류장']","['쿠팡', 'SSG', '마켓컬리', '배달의 민족', '요기요']","['대학 근처', '편리한 상권', '공원', '학원가 근처']","['2호선', '7호선']"
44302990,1,1,0,1,"['지하철역', '세탁소', '카페', '약국', '대형마트', '편의점', '버스정류장']","['쿠팡', 'SSG', '마켓컬리', '배달의 민족', '요기요']","['편리한 상권', '공원', '학원가 근처']","['2호선', '5호선', '7호선']"
44303270,0,0,0,0,"['지하철역', '세탁소', '카페', '약국', '대형마트', '편의점', '버스정류장']","['쿠팡', 'SSG', '마켓컬리', '배달의 민족', '요기요']","['역세권', '대학 근처', '편리한 상권', '공원', '학원가 근처']","['우이신설경전철', '6호선']"
44303282,1,0,0,0,"['지하철역', '세탁소', '카페', '약국', '대형마트', '편의점', '버스정류장']","['쿠팡', 'SSG', '마켓컬리', '배달의 민족', '요기요']","['역세권', '대학 근처', '편리한 상권', '공원', '학원가 근처']","['1호선', '중앙선', '경춘선', '수인분당선']"
44303339,0,0,0,0,"['지하철역', '세탁소', '카페', '약국', '대형마트', '편의점', '버스정류장']","['쿠팡', 'SSG', '마켓컬리', '배달의 민족', '요기요']","['역세권', '대학 근처', '편리한 상권', '공원', '학원가 근처']","['2호선', '5호선', '7호선']"
44303359,0,0,0,0,"['지하철역', '세탁소', '카페', '약국', '대형마트', '편의점', '버스정류장']","['쿠팡', 'SSG', '마켓컬리', '배달의 민족', '요기요']","['대학 근처', '편리한 상권', '공원', '학원가 근처']","['2호선', '5호선']"
44303459,0,0,0,0,"['지하철역', '세탁소', '카페', '약국', '대형마트', '편의점', '버스정류장']","['쿠팡', 'SSG', '마켓컬리', '배달의 민족', '요기요']","['역세권', '대학 근처', '편리한 상권', '공원', '학원가 근처']","['우이신설경전철', '4호선', '6호선']"
44303464,0,0,0,0,"['지하철역', '세탁소', '카페', '약국', '대형마트', '편의점', '버스정류장']","['쿠팡', 'SSG', '마켓컬리', '배달의 민족', '요기요']","['역세권', '편리한 상권', '공원', '산 근처', '학원가 근처']","['5호선', '7호선']"
44303486,0,0,0,0,"['지하철역', '세탁소', '카페', '약국', '대형마트', '편의점', '버스정류장']","['쿠팡', 'SSG', '마켓컬리', '배달의 민족', '요기요']","['편리한 상권', '쇼핑몰', '공원', '학원가 근처']","['2호선', '7호선']"
44303525,0,0,0,0,"['지하철역', '세탁소', '카페', '약국', '대형마트', '편의점', '버스정류장']","['쿠팡', 'SSG', '마켓컬리', '배달의 민족', '요기요']","['대학 근처', '편리한 상권', '공원', '학원가 근처']","['중앙선', '경춘선', '1호선', '6호선', '수인분당선']"
44303570,1,0,0,0,"['지하철역', '세탁소', '카페', '약국', '대형마트', '편의점', '버스정류장']","['쿠팡', 'SSG', '마켓컬리', '배달의 민족', '요기요']","['역세권', '편리한 상권', '공원', '학원가 근처']","['중앙선', '경춘선', '7호선']"
44303636,0,0,0,0,"['지하철역', '세탁소', '카페', '약국', '대형마트', '편의점', '버스정류장']","['쿠팡', 'SSG', '마켓컬리', '배달의 민족', '요기요']","['역세권', '편리한 상권', '공원', '학원가 근처']","['1호선', '4호선', '6호선', '2호선']"
44303644,0,0,0,0,"['지하철역', '세탁소', '카페', '약국', '대형마트', '편의점', '버스정류장']","['쿠팡', 'SSG', '마켓컬리', '배달의 민족', '요기요']","['역세권', '대학 근처', '편리한 상권', '공원', '학원가 근처']","['우이신설경전철', '4호선']"
44303775,1,0,0,0,"['지하철역', '세탁소', '카페', '약국', '대형마트', '편의점', '버스정류장']","['쿠팡', 'SSG', '마켓컬리', '배달의 민족', '요기요']","['역세권', '편리한 상권', '쇼핑몰', '공원', '학원가 근처']","['6호선', '7호선']"
44303776,1,0,0,0,"['지하철역', '세탁소', '카페', '약국', '대형마트', '편의점', '버스정류장']","['쿠팡', 'SSG', '마켓컬리', '배달의 민족', '요기요']","['역세권', '편리한 상권', '공원', '산 근처', '학원가 근처']","['우이신설경전철', '4호선', '6호선']"
44303797,1,0,0,0,"['지하철역', '세탁소', '카페', '약국', '대형마트', '편의점', '버스정류장']","['쿠팡', 'SSG', '마켓컬리', '배달의 민족', '요기요']","['역세권', '편리한 상권', '쇼핑몰', '공원', '학원가 근처']","['중앙선', '경춘선', '7호선']"
44303824,1,0,0,0,"['지하철역', '세탁소', '카페', '약국', '대형마트', '편의점', '버스정류장']","['쿠팡', 'SSG', '마켓컬리', '배달의 민족', '요기요']","['역세권', '편리한 상권', '공원', '산 근처', '학원가 근처']","['4호선', '우이신설경전철']"
44303842,0,0,0,0,"['지하철역', '세탁소', '카페', '약국', '대형마트', '편의점', '버스정류장']","['쿠팡', 'SSG', '마켓컬리', '배달의 민족', '요기요']","['역세권', '편리한 상권', '쇼핑몰', '공원', '학원가 근처']",['7호선']
44303894,0,0,0,0,"['지하철역', '세탁소', '카페', '약국', '대형마트', '편의점', '버스정류장']","['쿠팡', 'SSG', '마켓컬리', '배달의 민족', '요기요']","['역세권', '편리한 상권', '쇼핑몰', '공원', '산 근처', '학원가 근처']","['5호선', '7호선']"
44303948,1,0,0,0,"['지하철역', '세탁소', '카페', '약국', '대형마트', '편의점', '버스정류장']","['쿠팡', 'SSG', '마켓컬리', '배달의 민족', '요기요']","['편리한 상권', '공원', '학원가 근처']","['2호선', '5호선']"
44304053,0,0,0,0,"['지하철역', '세탁소', '카페', '약국', '대형마트', '편의점', '버스정류장']","['쿠팡', 'SSG', '마켓컬리', '배달의 민족', '요기요']","['역세권', '대학 근처', '편리한 상권', '공원', '산 근처', '학원가 근처']","['우이신설경전철', '4호선', '6호선']"
44304073,0,0,0,0,"['지하철역', '세탁소', '카페', '약국', '대형마트', '편의점', '버스정류장']","['쿠팡', 'SSG', '마켓컬리', '배달의 민족', '요기요']","['더블 역세권', '대학 근처', '편리한 상권', '공원', '학원가 근처']","['1호선', '우이신설경전철', '6호선', '2호선']"
44304139,0,0,0,0,"['지하철역', '세탁소', '카페', '약국', '대형마트', '편의점', '버스정류장']","['쿠팡', 'SSG', '마켓컬리', '배달의 민족', '요기요']","['역세권', '대학 근처', '편리한 상권', '공원', '학원가 근처']","['4호선', '우이신설경전철', '6호선']"
44304142,1,0,0,0,"['지하철역', '세탁소', '카페', '약국', '대형마트', '편의점', '버스정류장']","['쿠팡', 'SSG', '마켓컬리', '배달의 민족', '요기요']","['역세권', '편리한 상권', '공원', '학원가 근처']","['중앙선', '경춘선', '7호선']"
44304206,1,0,0,0,"['지하철역', '세탁소', '카페', '약국', '대형마트', '편의점', '버스정류장']","['쿠팡', 'SSG', '마켓컬리', '배달의 민족', '요기요']","['역세권', '편리한 상권', '공원', '학원가 근처']","['중앙선', '경춘선', '7호선']"
44304209,1,0,0,0,"['지하철역', '세탁소', '카페', '약국', '대형마트', '편의점', '버스정류장']","['쿠팡', 'SSG', '마켓컬리', '배달의 민족', '요기요']","['역세권', '대학 근처', '편리한 상권', '쇼핑몰', '공원', '학원가 근처']","['2호선', '7호선']"
44304216,0,0,0,0,"['지하철역', '세탁소', '카페', '약국', '대형마트', '편의점', '버스정류장']","['쿠팡', 'SSG', '마켓컬리', '배달의 민족', '요기요']","['역세권', '대학 근처', '편리한 상권', '공원', '학원가 근처']","['1호선', '중앙선', '경춘선']"
44304225,1,0,0,0,"['지하철역', '세탁소', '카페', '약국', '대형마트', '편의점', '버스정류장']","['쿠팡', 'SSG', '마켓컬리', '배달의 민족', '요기요']","['편리한 상권', '쇼핑몰', '공원', '학원가 근처']",['5호선']
44304236,1,0,0,0,"['지하철역', '세탁소', '카페', '약국', '대형마트', '편의점', '버스정류장']","['쿠팡', 'SSG', '마켓컬리', '배달의 민족', '요기요']","['역세권', '대학 근처', '편리한 상권', '공원', '학원가 근처']","['2호선', '7호선']"
44304244,1,0,0,0,"['지하철역', '세탁소', '카페', '약국', '대형마트', '편의점', '버스정류장']","['쿠팡', 'SSG', '마켓컬리', '배달의 민족', '요기요']","['역세권', '편리한 상권', '학원가 근처']","['5호선', '7호선']"
44304311,1,0,0,0,"['지하철역', '세탁소', '카페', '약국', '대형마트', '편의점', '버스정류장']","['쿠팡', 'SSG', '마켓컬리', '배달의 민족', '요기요']","['역세권', '편리한 상권', '공원', '산 근처', '학원가 근처']",['7호선']
44304361,0,0,0,0,"['지하철역', '세탁소', '카페', '약국', '대형마트', '편의점', '버스정류장']","['쿠팡', 'SSG', '마켓컬리', '배달의 민족', '요기요']","['더블 역세권', '편리한 상권', '공원', '산 근처', '학원가 근처']","['중앙선', '경춘선', '7호선']"
44304509,0,0,0,0,"['지하철역', '세탁소', '카페', '약국', '대형마트', '편의점', '버스정류장']","['쿠팡', 'SSG', '마켓컬리', '배달의 민족', '요기요']","['역세권', '편리한 상권', '공원', '학원가 근처']","['4호선', '2호선', '6호선', '5호선']"
44304586,1,0,0,0,"['지하철역', '세탁소', '카페', '약국', '대형마트', '편의점', '버스정류장']","['쿠팡', 'SSG', '마켓컬리', '배달의 민족', '요기요']","['역세권', '편리한 상권', '쇼핑몰', '공원', '산 근처', '학원가 근처']","['5호선', '7호선']"
44304606,1,0,0,0,"['지하철역', '세탁소', '카페', '약국', '대형마트', '편의점', '버스정류장']","['쿠팡', 'SSG', '마켓컬리', '배달의 민족', '요기요']","['역세권', '대학 근처', '편리한 상권', '공원', '학원가 근처']","['5호선', '7호선']"
44304656,0,0,0,0,"['지하철역', '세탁소', '카페', '약국', '대형마트', '편의점', '버스정류장']","['쿠팡', 'SSG', '마켓컬리', '배달의 민족', '요기요']","['역세권', '편리한 상권', '공원', '학원가 근처']","['1호선', '중앙선', '경춘선', '7호선']"
44304676,0,0,0,0,"['지하철역', '세탁소', '카페', '약국', '대형마트', '편의점', '버스정류장']","['쿠팡', 'SSG', '마켓컬리', '배달의 민족', '요기요']","['역세권', '대학 근처', '편리한 상권', '공원', '학원가 근처']","['1호선', '중앙선', '경춘선']"
44304701,1,0,0,0,"['지하철역', '세탁소', '카페', '약국', '대형마트', '편의점', '버스정류장']","['쿠팡', 'SSG', '마켓컬리', '배달의 민족', '요기요']","['편리한 상권', '쇼핑몰', '공원', '학원가 근처']","['2호선', '7호선']"
44304723,0,0,0,0,"['지하철역', '세탁소', '카페', '약국', '대형마트', '편의점', '버스정류장']","['쿠팡', 'SSG', '마켓컬리', '배달의 민족', '요기요']","['편리한 상권', '공원', '학원가 근처']","['2호선', '7호선']"
44304726,0,0,0,0,"['지하철역', '세탁소', '카페', '약국', '대형마트', '편의점', '버스정류장']","['쿠팡', 'SSG', '마켓컬리', '배달의 민족', '요기요']","['역세권', '대학 근처', '편리한 상권', '공원', '학원가 근처']","['2호선', '5호선', '7호선']"
44304777,1,0,0,0,"['지하철역', '세탁소', '카페', '약국', '대형마트', '편의점', '버스정류장']","['쿠팡', 'SSG', '마켓컬리', '배달의 민족', '요기요']","['역세권', '편리한 상권', '쇼핑몰', '공원', '학원가 근처']","['중앙선', '경춘선', '7호선']"
44304825,0,0,0,0,"['지하철역', '세탁소', '카페', '약국', '대형마트', '편의점', '버스정류장']","['쿠팡', 'SSG', '마켓컬리', '배달의 민족', '요기요']","['편리한 상권', '공원', '학원가 근처']","['중앙선', '2호선', '5호선', '수인분당선']"
44304826,0,0,0,0,"['지하철역', '세탁소', '카페', '약국', '대형마트', '편의점', '버스정류장']","['쿠팡', 'SSG', '마켓컬리', '배달의 민족', '요기요']","['역세권', '대학 근처', '편리한 상권', '공원', '학원가 근처']","['1호선', '6호선']"
44304887,1,0,0,0,"['지하철역', '세탁소', '카페', '약국', '대형마트', '편의점', '버스정류장']","['쿠팡', 'SSG', '마켓컬리', '배달의 민족', '요기요']","['역세권', '편리한 상권', '공원', '학원가 근처']",['6호선']
44304999,0,0,0,0,"['지하철역', '세탁소', '카페', '약국', '대형마트', '편의점', '버스정류장']","['쿠팡', 'SSG', '마켓컬리', '배달의 민족', '요기요']","['역세권', '대학 근처', '편리한 상권', '쇼핑몰', '공원', '학원가 근처']","['4호선', '6호선']"
44305082,0,0,0,0,"['지하철역', '세탁소', '카페', '약국', '대형마트', '편의점', '버스정류장']","['쿠팡', 'SSG', '마켓컬리', '배달의 민족', '요기요']","['역세권', '편리한 상권', '공원', '학원가 근처']","['1호선', '중앙선', '경춘선']"
44305137,1,0,0,0,"['지하철역', '세탁소', '카페', '약국', '대형마트', '편의점', '버스정류장']","['쿠팡', 'SSG', '마켓컬리', '배달의 민족', '요기요']","['더블 역세권', '편리한 상권', '공원', '산 근처', '학원가 근처']",['7호선']
44305158,1,0,0,0,"['지하철역', '세탁소', '카페', '약국', '대형마트', '편의점', '버스정류장']","['쿠팡', 'SSG', '마켓컬리', '배달의 민족', '요기요']","['역세권', '편리한 상권', '쇼핑몰', '공원', '산 근처', '학원가 근처']","['5호선', '7호선']"
44305269,1,0,0,0,"['지하철역', '세탁소', '카페', '약국', '대형마트', '편의점', '버스정류장']","['쿠팡', 'SSG', '마켓컬리', '배달의 민족', '요기요']","['편리한 상권', '공원', '학원가 근처']","['1호선', '중앙선', '경춘선', '7호선']"
44305307,0,0,0,0,"['지하철역', '세탁소', '카페', '약국', '대형마트', '편의점', '버스정류장']","['쿠팡', 'SSG', '마켓컬리', '배달의 민족', '요기요']","['편리한 상권', '공원', '학원가 근처']","['2호선', '7호선']"
44305350,1,1,0,1,"['지하철역', '세탁소', '카페', '약국', '대형마트', '편의점', '버스정류장']","['쿠팡', 'SSG', '마켓컬리', '배달의 민족', '요기요']","['역세권', '편리한 상권', '쇼핑몰', '공원', '산 근처', '학원가 근처']",['7호선']
44305356,1,0,0,0,"['지하철역', '세탁소', '카페', '약국', '대형마트', '편의점', '버스정류장']","['쿠팡', 'SSG', '마켓컬리', '배달의 민족', '요기요']","['편리한 상권', '공원', '학원가 근처']","['4호선', '6호선']"
44305369,0,0,0,0,"['지하철역', '세탁소', '카페', '약국', '대형마트', '편의점', '버스정류장']","['쿠팡', 'SSG', '마켓컬리', '배달의 민족', '요기요']","['역세권', '편리한 상권', '쇼핑몰', '공원', '학원가 근처']","['중앙선', '경춘선', '7호선']"
44305383,1,0,0,0,"['지하철역', '세탁소', '카페', '약국', '대형마트', '편의점', '버스정류장']","['쿠팡', 'SSG', '마켓컬리', '배달의 민족', '요기요']","['역세권', '편리한 상권', '공원', '학원가 근처']","['4호선', '2호선', '6호선', '5호선']"
44305429,1,0,0,0,"['지하철역', '세탁소', '카페', '약국', '대형마트', '편의점', '버스정류장']","['쿠팡', 'SSG', '마켓컬리', '배달의 민족', '요기요']","['역세권', '대학 근처', '편리한 상권', '공원', '학원가 근처']","['5호선', '7호선']"
44305528,1,0,0,0,"['지하철역', '세탁소', '카페', '약국', '대형마트', '편의점', '버스정류장']","['쿠팡', 'SSG', '마켓컬리', '배달의 민족', '요기요']","['역세권', '편리한 상권', '쇼핑몰', '공원', '산 근처', '학원가 근처']","['5호선', '7호선']"
44305562,0,0,0,0,"['지하철역', '세탁소', '카페', '약국', '대형마트', '편의점', '버스정류장']","['쿠팡', 'SSG', '마켓컬리', '배달의 민족', '요기요']","['역세권', '편리한 상권', '공원', '학원가 근처']","['1호선', '중앙선', '경춘선']"
44305743,0,0,0,0,"['지하철역', '세탁소', '카페', '약국', '대형마트', '편의점', '버스정류장']","['쿠팡', 'SSG', '마켓컬리', '배달의 민족', '요기요']","['역세권', '대학 근처', '편리한 상권', '공원', '학원가 근처']","['1호선', '중앙선', '경춘선']"
